Rank,Player,Team,GP,MPG,PPG,FGM,FGA,FG%,3:00 PM,3PA,3P%,FTM,FTA,FT%,ORB,DRB,RPG,APG,SPG,BPG,TOV,PF
1,Daeshun Ruffin,JKSN,16,36.8,27.3,8.3,19.6,0.42,1.6,5.6,0.292,9.2,10.9,0.84,0.7,2.8,3.4,6.5,1.8,0.1,4.3,2.4
2,A.J. Dybantsa,BYU,18,36.3,25.9,8.9,18.9,0.471,1.8,5.2,0.34,6.3,8.6,0.74,1.3,5.1,6.4,3.8,0.8,0.3,3.3,1.5
3,Jordan Riley,ECAR,18,39.1,25.4,8.7,21,0.413,1.3,4.2,0.316,6.8,9.1,0.748,1.6,5,6.6,2.9,1.8,0.6,2.2,1.7
4,"Darius Acuff, Jr.",ARK,17,36.5,24.8,8.5,17.4,0.492,2.5,5.7,0.433,5.3,6.4,0.826,0.4,2.6,3,6.6,0.7,0.4,2.1,1.5
5,Dontae Horne,PVAMU,18,34.1,24.4,7.7,17.3,0.442,1.6,5.2,0.298,7.5,9.3,0.804,1.6,3.8,5.4,3.1,1.8,0.3,2.8,2.7
6,"Dominique Daniels, Jr.",CALBU,18,36,23.8,8,18.3,0.436,1.8,5.5,0.333,5.9,7.7,0.775,0.6,2.8,3.4,2.9,0.8,0.1,2.3,1.8
7,Dra Gibbs-Lawhorn,UNLV,20,35.6,23.6,8.4,15.6,0.535,3.6,7.6,0.477,3.3,3.9,0.844,0.5,2.6,3.1,2.4,1.6,0.5,2.2,3.4
8,P.J. Haggerty,KSU,17,37.5,23.5,9.4,19.5,0.48,1.3,3.9,0.328,3.5,5.5,0.638,1.2,4.2,5.4,3.5,1.4,0,2.9,2.8
9,A'lahn Sumler,CHASO,14,33.7,23.4,8.2,17.3,0.475,2.7,6.9,0.396,4.3,5.9,0.732,0.7,3.8,4.5,4.8,0.9,0.2,3.1,2.1
10,Ebuka Okorie,STAN,18,35.9,23.3,7.9,17,0.467,2.2,5.8,0.375,5.3,6.2,0.848,0.8,3,3.8,4,1.5,0.3,2,1.2
11,Lamar Wilkerson,IU,20,36.1,23.2,7.9,16.6,0.476,3.5,9.3,0.378,3.9,4.3,0.918,0.5,3.3,3.8,2.2,0.7,0.3,1.8,2.1
12,Shelton Williams-Dryden,UWG,18,36,22.9,8.9,16.9,0.53,0.4,2.4,0.182,4.6,6.4,0.716,3.2,5.9,9.1,1.4,0.7,0.2,1.7,2.4
13,Juke Harris,WF,18,37.4,22.9,7.5,16.8,0.446,2.8,8.3,0.336,5.2,6.7,0.775,1,5.7,6.7,1.9,1.2,0.2,1.5,1.8
14,Nick Martinelli,NWU,20,37.2,22.8,7.9,16.8,0.467,1.4,3.9,0.364,5.7,6.8,0.831,2.2,4.1,6.2,2.2,0.7,0.3,1.4,2.2
15,Jadin Booth,SAMF,18,37.9,22.7,7.1,15.1,0.471,4.3,9.5,0.45,4.2,5,0.844,0.2,3.4,3.7,2.6,1.1,0.1,1.3,2.4
16,Cameron Boozer,DUKE,18,33.9,22.7,7.9,13.4,0.593,1.6,3.5,0.46,5.2,6.5,0.795,3.4,6.9,10.3,3.9,1.6,0.2,2.3,1.3
17,Josh Hubbard,MISST,18,34.3,22.7,7.7,18.2,0.421,3.1,9,0.34,4.3,6.1,0.706,0.4,2.3,2.7,3.4,1.2,0.1,2.5,1.1
18,J.T. Toppin,TXTCH,13,35.7,22.6,9.6,17.8,0.541,0.9,2.6,0.353,2.5,3.2,0.78,3.8,7.3,11.1,2.4,1.5,1.8,2.3,2.5
19,Carson Johnson,DEN,16,37.1,22.5,7.4,15.8,0.468,2.9,7.2,0.4,4.9,5.4,0.907,0.1,1.6,1.6,3.4,0.6,0.1,1.2,2.5
20,"Jamie Phillips, Jr.",STET,4,30.5,22.3,7.8,12.8,0.608,3,5.5,0.545,3.8,4.5,0.833,0.3,5.3,5.5,3,0.8,0.5,2,1.8
21,Bennett Stirtz,IOWA,20,38.4,22.2,7.8,15.5,0.5,2.8,7.5,0.373,3.9,4.7,0.839,0.2,2.2,2.4,3.8,1.4,0.3,2.2,2.3
22,Michael James,MVSU,17,38.7,22.2,7.8,18.2,0.427,2.5,7.9,0.313,4.2,4.6,0.91,1,2.6,3.6,3.2,1.8,0,2.6,2.1
23,Kamrin Oriol,UNF,18,36.6,22.1,7.6,15.5,0.487,3.2,8.1,0.39,3.8,4.2,0.907,0.2,3,3.2,4.6,0.7,0.2,3.4,2.5
24,Camren Hunter,UCA,18,32.8,22,7.9,14.9,0.528,2.2,6.1,0.364,4,4.9,0.818,1.3,3.9,5.2,3.5,1.3,0.4,1.7,1.3
25,Chaze Harris,USA,18,34.7,22,8.4,14.5,0.582,0.2,0.7,0.231,4.9,8.3,0.597,1.3,3.3,4.7,4.7,1.9,0.3,3.2,2.6
26,Graham Ike,ZAGS,15,32.3,21.9,8.9,14.5,0.613,1,2.7,0.366,3.2,4.2,0.762,2.3,5.9,8.2,2.1,1,1,2,2.6
27,Kameron Taylor,UNCA,16,35.7,21.7,7.4,15.6,0.472,1.6,4.6,0.351,5.3,7.7,0.691,0.9,3.1,4,2.8,0.9,0.6,2.3,1.8
28,Nasir Whitlock,LEHI,18,37.2,21.6,7.1,14.3,0.496,2.4,5,0.489,4.9,6.2,0.802,0.3,3.2,3.4,4,0.9,0,2.7,2.1
29,Tyler Tanner,VANDY,18,36.2,21.5,6.8,14.4,0.475,1.6,4.6,0.341,6.3,7.3,0.856,0.4,3,3.4,5.5,2.3,0.2,2.4,1.9
30,Javontae Campbell,BGSU,18,37.2,21.4,7.4,14.5,0.51,0.8,2.3,0.366,5.8,7.6,0.766,1.1,3.4,4.6,6,2.4,0.3,3.2,2.9
31,Jack Karasinski,BELL,18,28.9,21.4,6.8,12.4,0.549,2.5,5.6,0.446,5.2,6.4,0.81,1.2,3.1,4.3,1.3,0.4,0.3,1.2,2.2
32,Kenyon Giles,WICHI,18,38.2,21.3,8,18.9,0.422,3.7,9.9,0.369,1.7,1.9,0.882,0.5,2.2,2.7,1.3,1.8,0,1.6,1.4
33,Logan Duncomb,WIN,15,28.1,21.3,6.8,11.7,0.58,0,0.1,0,7.7,10.1,0.762,3.7,6.5,10.3,2.3,1,0.7,2.3,2.3
34,"Labaron Philon, Jr.",UA,17,31.2,21.2,6.8,14.2,0.475,2.2,6.1,0.369,5.5,6.7,0.816,0.5,2.4,2.9,4.2,1,0.1,2.4,1.5
35,Kahmare Holmes,WOFF,13,33.3,21.2,7.1,14.8,0.477,1.9,5.2,0.368,5.2,7.6,0.677,1.5,4.1,5.5,3.4,1.6,0.2,1.8,2.5
36,Colby Garland,SJSU,16,34.8,21.2,7.4,15.5,0.476,1.4,3.7,0.39,5,5.8,0.86,0.4,2.2,2.6,4.6,0.9,0,1.8,1.9
37,Otega Oweh,UK,18,35,21.1,7.3,15.3,0.478,1.5,4.1,0.37,4.9,7.1,0.695,0.8,3.7,4.6,2.7,1.8,0.1,2,3.1
38,Hamad Mousa,POLY,20,32.4,21.1,6.4,14.1,0.456,2.9,7.6,0.377,5.4,6,0.9,1.1,5.6,6.7,2.1,1,0.6,2.2,1.8
39,Corey Hadnot II,IPFW,20,35.1,21,7.7,15.4,0.5,1.9,5.4,0.352,3.7,5.7,0.655,0.6,3.3,3.9,3.9,1.6,0.4,2.3,2
40,Gavin Sykes,LBSU,16,36.1,20.9,6.6,14.6,0.453,2.4,6.3,0.386,5.3,6.7,0.785,0.4,2.3,2.7,1.6,0.4,0.4,1.8,1.4
41,Tijan Saine,WEBER,18,35.1,20.8,6.1,13.5,0.453,1.9,5.3,0.358,6.7,7.3,0.917,0.4,2,2.4,4.6,1.3,0,1.8,1.5
42,Isaac Bruns,SODAK,5,34.8,20.8,7.2,14.8,0.486,1.8,3.2,0.563,4.6,5.2,0.885,0.8,5,5.8,1.4,1,0.2,2.4,2.6
43,Baraka Okojie,MER,18,35.5,20.8,5.6,12.6,0.442,1.4,4.1,0.342,8.3,10.2,0.81,0.6,2,2.6,5.2,1.4,0.1,2.3,2.2
44,Nick Boyd,UWISC,20,32.9,20.8,7.1,15,0.475,1.7,4.5,0.378,4.9,5.9,0.829,0.9,3.1,3.9,4.5,0.7,0.1,1.5,1.9
45,Kevair Kennedy,MERRI,20,38.9,20.7,6.4,13.5,0.47,0.4,1.2,0.333,7.6,9.4,0.809,1.3,3.6,4.9,4.5,2.2,0.1,3.1,1.9
46,"Darin Smith, Jr.",CCSU,18,34.2,20.7,6.5,14.5,0.448,1.6,4.4,0.35,6.1,6.6,0.924,1.3,3.9,5.2,1.2,0.8,0.3,1.6,1.5
47,Money Williams,MONT,18,32.2,20.6,6.6,13.4,0.488,1.4,4.3,0.333,6.1,6.8,0.886,0.4,3.7,4.1,4.4,1.3,0.3,3.9,3.1
48,Keyshawn Hall,AUB,17,34.1,20.6,5.8,13.2,0.438,1.8,4.8,0.383,7.2,8.5,0.854,1.6,4.5,6.1,2.8,0.8,0.7,2.6,2.6
49,Anias Futrell,LIND,20,35.6,20.5,6.9,15.4,0.448,3,7.8,0.385,3.7,4.4,0.841,1.2,5,6.2,2.2,2.2,1.1,3,2.2
50,Rob Wright III,BYU,18,36.5,20.4,7.1,14.9,0.472,1.6,4.2,0.387,4.7,5.6,0.85,1.1,2.4,3.5,3.9,1,0,2,2
51,Daniel Freitag,BUFF,11,33.8,20.2,5.7,14.5,0.394,2.1,6.8,0.307,6.6,8.1,0.82,0.5,2.9,3.5,4.9,1.4,0.3,2,2.5
52,Erik Pratt,SB,17,35.9,20.1,7.2,16.8,0.432,1.9,5.6,0.333,3.8,5.2,0.727,0.9,4.3,5.2,4.4,0.8,0.4,3.2,2.7
53,Mikey Williams,CSUS,9,35.7,20.1,5.7,13.9,0.408,1.1,3.7,0.303,7.7,9.2,0.831,0.8,2.6,3.3,3.2,1.2,0.4,2.6,1.9
54,Caleb Wilson,UNC,11,33.5,20.1,7.5,12.5,0.606,0.3,1.2,0.231,4.7,6.4,0.743,2.4,5.4,7.7,3.1,1.5,1.2,2,1.5
55,Nils Machowski,WOFF,18,36.4,20.1,6.7,14,0.48,3.6,8.2,0.442,3,3.8,0.794,1.4,5.1,6.5,2.4,0.4,0.6,1.7,2.1
56,Tylik Weeks,SOMIS,18,33.6,20.1,6.5,13.7,0.474,0.2,1.3,0.167,6.8,8.3,0.82,0.9,4.4,5.3,2.7,0.8,0.4,3.3,2.8
57,Collin Parker,APSU,18,31.2,20,7.1,14.3,0.492,1.9,4.4,0.438,3.9,4.8,0.826,1.1,5.1,6.2,3.6,0.8,0.2,1.6,2.2
58,"Angel Montas, Jr.",UML,16,34.8,20,7.9,15.5,0.512,1,3.7,0.271,3.1,4.6,0.676,2,4.1,6.1,1.4,0.8,0.3,1.8,1.3
59,Tavari Johnson,AKR,18,32.9,19.9,7.1,14.3,0.498,2.2,6.1,0.355,3.6,3.8,0.928,0.7,2.9,3.6,5.4,1.3,0.3,2.8,1.4
60,Keaton Wagler,ILL,20,35.5,19.9,5.9,13.2,0.445,2.7,6.4,0.417,5.5,6.8,0.809,1.7,2.8,4.4,4.9,1,0.3,2.1,1.8
61,Mostapha El Moutaouakkil,JKSNV,20,31.7,19.9,6.3,14.6,0.43,1.3,3.7,0.342,6.1,9,0.682,1.4,5.5,6.9,1.2,1,0.2,3.1,2.6
62,Ryan Sabol,BUFF,18,37.8,19.8,6.7,15.5,0.43,4.1,10,0.406,2.4,2.9,0.83,0.7,3.1,3.8,3.6,0.7,0.1,1.8,1.1
63,Prophet Johnson,CSUS,18,37.3,19.8,7.2,15.1,0.48,1.7,4.2,0.395,3.7,5,0.733,1.6,5.1,6.7,3.8,2.5,0.4,2.3,1.7
64,Jalen Quinn,DRAKE,20,32.8,19.8,7.2,15.8,0.456,1.5,4,0.375,3.9,5.7,0.675,0.7,3.1,3.8,2.6,1.1,0.1,3.1,2.7
65,D.J. Smith,CAM,18,36.6,19.7,5.8,15.6,0.374,2.9,9.2,0.313,5.2,6.3,0.816,1,2.8,3.8,2.2,1.7,0.1,1.8,2
66,Bruce Thornton,OSU,20,36.7,19.7,6.9,12.5,0.552,1.7,4.4,0.386,4.2,5.2,0.808,1.1,4.3,5.4,4.1,1.2,0.1,1.3,1.6
67,"Meechie Johnson, Jr.",SOCAR,18,32.7,19.7,5.4,13,0.419,1.8,5.6,0.33,6.9,8.4,0.822,0.3,2.7,2.9,4.8,1.4,0.2,2.4,2.3
68,Ring Malith,SIUE,3,36.3,19.7,4.7,12.7,0.368,2.7,5.7,0.471,7.7,8.7,0.885,0.7,5,5.7,1.3,0.7,0.7,2.7,2.3
69,Hannes Steinbach,UWASH,20,35.3,19.7,7.4,12.3,0.602,0.6,1.8,0.343,4.3,5.5,0.78,4.2,7.5,11.6,1.4,1.2,1.1,2.1,2.6
70,Dailyn Swain,TEXAS,18,34.2,19.6,6.5,11.8,0.549,1.1,2.9,0.385,5.5,6.7,0.825,1.6,6.3,7.9,3.3,1.8,0.3,2.9,2.4
71,Krystian Lewis,ULM,18,36.9,19.6,6.2,15.8,0.393,2.4,7,0.349,4.7,6,0.787,0.8,4.5,5.3,3.4,1.4,0.1,2.8,2.3
72,Donovan O'Day,NKU,20,29.8,19.6,6.3,13.1,0.483,1.9,5.9,0.322,5.1,6.2,0.823,0.7,2.8,3.4,1.8,1.9,0.7,2.4,2.7
73,Jakobi Heady,BTHCK,18,37.4,19.6,5.7,10.5,0.545,1.2,3,0.407,6.9,8.6,0.805,1.3,3.9,5.3,1.9,1.4,0.3,2.1,1.2
74,Cruz Davis,HOF,18,39.3,19.6,6.1,15,0.407,2.2,5.9,0.368,5.2,5.9,0.869,0.3,3.8,4.1,4.3,1.2,0.3,2.4,2.2
75,Jaylin Sellers,PROV,20,31.6,19.6,6.4,13.4,0.476,2.6,5.8,0.448,4.3,5,0.859,1,2.8,3.8,1.6,0.8,0.4,2.3,2.5
76,Justin Neely,UNCG,18,33.5,19.5,5.9,11.1,0.533,0.7,1.7,0.387,7.1,8.8,0.799,2.2,9.2,11.4,2.4,0.7,0.1,2.4,2
77,"Terri Miller, Jr.",PORTL,18,32.2,19.5,7.2,14.6,0.496,1.9,5.1,0.38,3.1,4.6,0.683,0.9,4,4.9,3.5,1.6,0.7,2.6,3.5
78,Kyler D'Augustino,IUI,18,34.7,19.5,7.6,15.2,0.496,1.4,3.8,0.362,3,3.8,0.794,1.2,2.2,3.4,3.4,1.4,0.1,1.8,3.2
79,Pryce Sandfort,UNL,20,35.2,19.4,6.6,13.6,0.483,4,9.5,0.418,2.4,2.7,0.887,0.5,4.1,4.5,1.8,0.9,0.4,0.8,2
80,Austin Benigni,USNA,18,37,19.4,6.2,14,0.444,2.3,5.3,0.442,4.6,5.3,0.874,0.3,3.1,3.4,4.4,0.9,0.3,2.6,2.1
81,Del Jones,RADF,16,33.8,19.4,6.4,15.9,0.402,1.5,4.8,0.316,5.1,6,0.854,0.6,3.8,4.3,3.1,0.8,0.5,3,1.8
82,Alfred Worrell,MORST,14,31.6,19.4,5,13.1,0.38,2.9,8.2,0.357,6.4,7.2,0.891,0.9,3.8,4.7,1.6,0.9,0.3,2.4,2.9
83,"Nigel James, Jr.",MARQ,20,32.3,19.3,7.4,15,0.493,1.7,4.4,0.386,2.8,4.3,0.651,0.7,3.3,4,5.5,2.1,0.4,3.4,2.3
84,Lewis Walker,NC A&T,18,36.2,19.3,6.3,12.1,0.518,1.2,2.9,0.415,5.5,6.7,0.825,0.8,3.8,4.6,1.9,0.7,0.1,1.8,2.4
85,Teagan Moore,WKU,15,29.1,19.2,5.9,10.6,0.56,1.5,2.8,0.548,5.8,7.7,0.757,1.8,3.4,5.2,1.3,0.9,0.1,1.5,2.6
86,Chandler Cuthrell,ELON,18,29.2,19.1,6.1,13.4,0.452,0.8,3.5,0.222,6.2,8.4,0.742,1.6,4.5,6.1,1.9,1.1,0.3,2.3,1.9
87,Andrew Henderson,UCR,20,33.6,19.1,6.8,16.9,0.401,2.6,8.4,0.311,3,3.7,0.822,1,4.4,5.4,2,1.1,0.9,2.1,2.9
88,Nick Janowski,STTOM,16,32.9,19.1,7.3,13.6,0.532,2.1,5.6,0.382,2.4,3.9,0.629,1.1,4.3,5.4,2.4,0.5,0.4,1.3,0.9
89,Jalen Cox,COLGT,16,35.1,19,7,13.8,0.507,0.6,1.6,0.346,4.4,5.3,0.835,0.9,4.6,5.5,4.7,1.4,0.3,2.3,2
90,Wes Enis,USOFL,18,35.7,19,6.1,14.4,0.423,3.9,9.9,0.397,2.8,3.4,0.836,0.7,3.2,3.9,2.8,1.1,0.1,1.8,2.1
91,Nate Ament,TENN,16,32.8,19,5.7,13.3,0.427,1.3,3.6,0.368,6.3,7.9,0.802,1.8,4.2,6,2.3,0.8,0.8,2.1,1.8
92,Quinn Denker,NOCOL,18,36.6,18.9,6.9,14.8,0.464,1.3,4.2,0.32,3.8,4.8,0.793,0.9,5.1,6,7.4,0.8,0.5,2.3,2.8
93,Boopie Miller,SMU,17,35.5,18.9,6.2,13,0.48,1.9,4.6,0.423,4.5,5.5,0.819,0.4,3.3,3.7,6.2,1.1,0.1,2.8,2.6
94,Ty Harper,ORU,15,29.6,18.9,6.1,14.3,0.428,1.7,5.9,0.295,4.9,5.6,0.881,0.7,2.3,3,2.7,0.7,0.1,2.7,2.2
95,Marqui Worthy Jr.,UCR,20,36.1,18.9,5.9,13.7,0.431,1.9,5.3,0.349,5.3,6.9,0.761,1.2,3.9,5.1,2.9,1.5,0.3,2.9,2.6
96,Josh Beadle,CCU,18,34.2,18.8,6.4,15.2,0.42,0.9,4.1,0.219,5.1,6,0.852,0.7,3.6,4.2,2.9,0.8,0.1,2.6,2.7
97,Gavin Doty,SIENA,20,36.8,18.7,6.6,13.6,0.487,1.5,4.2,0.357,4,4.7,0.86,1.7,6,7.6,2.6,1.3,0,1.1,1.4
98,Mikel Brown Jr.,LVILL,10,30.5,18.7,5.9,14.1,0.418,3.2,8.4,0.381,3.7,4.5,0.822,0.1,3.6,3.7,4.2,1.3,0.2,3.5,1.8
99,Dejour Reaves,FORD,18,34.9,18.7,6.6,14.3,0.457,0.9,3.7,0.254,4.6,5.3,0.865,0.8,3.4,4.2,3.6,2,0.3,2.2,2.1
100,Dylan Faulkner,SAMF,17,27.6,18.6,6.8,10.8,0.63,0,0.2,0,5,8.5,0.586,2.8,7,9.8,2.1,0.7,1.4,1.4,1.6
101,Ryan Conwell,LVILL,17,31.8,18.6,6.2,15.4,0.405,3.4,10.1,0.333,2.8,3.2,0.889,0.6,4.2,4.9,2.7,1.2,0.2,2.2,2.6
102,Tre Carroll,XAV,19,30.8,18.6,7.4,14,0.526,1.3,3.9,0.324,2.6,3.4,0.769,1.2,4.5,5.6,2.5,0.8,1.5,2.7,2
103,Greyson Uelmen,UND,16,30.4,18.6,5.9,12.7,0.463,1.3,4.3,0.294,5.6,6.8,0.833,0.8,2.1,2.8,2.6,1.1,0.1,2.4,2
104,Leonardo Bettiol,UMass,18,28.6,18.6,6.6,10.3,0.64,0,0,0,5.4,7.1,0.758,2.3,5.3,7.6,1.9,1.1,0.2,2.7,3.7
105,Jackson Paveletzke,OHIO,18,37.7,18.6,5.8,12.6,0.463,1,3.3,0.3,5.9,7.4,0.799,0.6,2.9,3.5,5.4,0.9,0,1.9,1.6
106,Amon Doerries,BUCK,18,32.9,18.6,7.1,12.6,0.564,1.2,2.8,0.412,3.2,4.2,0.773,1.7,3.1,4.8,1.4,0.8,0.4,2.5,2.8
107,Terrence Brown,U of U,18,31.3,18.6,7,15.3,0.458,0.9,2.6,0.362,3.7,4.8,0.759,0.4,2.2,2.7,3.7,0.9,0.1,2.9,1.4
108,Paulius Murauskas,STMRY,18,32.6,18.6,6.6,13.4,0.494,1.3,3.3,0.4,4,4.7,0.847,2.2,5.8,8,2.4,0.4,0.6,1.7,2.4
109,Isaiah Moses,EWASH,18,33.8,18.6,5.6,11.9,0.465,2.2,4.7,0.471,5.2,5.4,0.959,0.6,2.9,3.5,4.2,0.7,0.2,2.9,1.3
110,Travis Harper II,TNST,20,31.3,18.6,5.9,12.3,0.482,2.8,6.4,0.433,4,4.4,0.909,1,2.9,3.9,0.9,1,0.4,1.3,1.4
111,Landon Lewis,BRWN,13,33.5,18.5,7.8,13,0.598,0.2,0.5,0.429,2.8,4.9,0.563,3.2,5.2,8.3,2.2,0.9,0.8,2,2.9
112,Terry Anderson,HP,16,28.7,18.5,5.9,10.8,0.552,0.3,1.9,0.161,6.3,8.3,0.765,2.4,3.7,6.1,1.6,1.8,0.6,1.6,2.2
113,Jaylin Henderson,PORTL,18,38.7,18.5,6.5,15.5,0.419,1.1,3.8,0.275,4.4,5.9,0.755,0.8,3.6,4.4,5.9,1.3,0.2,3.2,1.7
114,Jake Fiegen,COR,14,28.7,18.5,6.6,11.7,0.567,2.3,5.5,0.416,2.9,4.1,0.719,1.4,3.6,5.1,2.5,1.1,0.4,0.9,2.4
115,Jelani Hamilton,GAST,18,34.4,18.5,5.2,15.2,0.344,2.1,6.3,0.325,6,6.9,0.871,0.9,4.4,5.4,2.3,2.3,0.3,1.9,2.7
116,Derrian Ford,TEM,17,36.4,18.5,5.7,13.6,0.42,1.6,4.2,0.375,5.5,6.3,0.869,0.8,3.3,4.1,2.2,0.6,0.1,1.6,1.8
117,Jemel Jones,NMSU,20,28.7,18.5,6.1,13.9,0.437,1.7,4.2,0.393,4.7,5.5,0.855,0.8,3.3,4.1,2.7,1.3,0.6,1.5,1.8
118,Rowan Brumbaugh,TULAN,18,36.3,18.4,5.8,13,0.449,1.7,5.3,0.316,5.1,6.6,0.773,0.8,4.2,5,3.9,1.3,0.1,2.4,2
119,Robert Hinton,HAR,14,35.2,18.4,7.2,13.7,0.526,1.2,3.3,0.37,2.8,3.5,0.796,1.1,3.5,4.6,2.3,1.4,0.2,2.1,2.5
120,"Mark Mitchell, Jr.",MZZOU,18,35.6,18.4,6.1,11.6,0.522,0.6,1.4,0.423,5.7,8.7,0.654,1.5,3.3,4.8,4.2,0.6,0.5,1.6,1.4
121,Bernie Blunt III,MC,18,31.3,18.4,5.5,14.1,0.39,2,6.3,0.316,5.4,5.9,0.915,0.8,2.4,3.2,2.4,1.4,0,1.2,1.4
122,David Green,TULSA,18,28.8,18.3,6.4,11.9,0.542,2.2,4.6,0.488,3.2,4.7,0.671,1,3.5,4.5,1.7,0.4,0.6,1.4,2.6
123,John Blackwell,UWISC,20,34.6,18.3,5.6,13.4,0.418,2.8,7.5,0.369,4.3,4.9,0.887,1.2,3.7,4.9,2.5,1.1,0.2,1.7,2.5
124,Cris Carroll,YSU,20,32.4,18.3,5.9,12.6,0.464,2.8,7.6,0.362,3.8,4.9,0.784,0.7,5,5.7,1.9,1.2,0.5,3.4,2.3
125,William Kermoury,NEU,14,31.4,18.2,6.6,13.7,0.479,3.6,8.6,0.425,1.4,2.1,0.69,0.7,3.3,4,2.9,1.3,0,1.4,2.3
126,Aaron Nkrumah,TNST,20,32.1,18.2,6,13.5,0.442,1.5,4,0.363,4.9,6,0.808,1.1,4.5,5.6,2.9,2.7,0.5,2.3,2
127,Tai'reon Joseph,PVAMU,10,35.2,18.2,6.1,15.9,0.384,2.6,8.5,0.306,3.4,5,0.68,0.3,1.4,1.7,1,1.6,0,2.2,1.8
128,Amir Lindsey,ALBNY,16,39.4,18.2,6.3,14.3,0.439,1.8,5.7,0.319,3.9,4.5,0.861,0.4,3.3,3.6,5.3,1.2,0,1.9,2.4
129,Michael McNair,BSTN,18,38.6,18.2,6.3,12.9,0.487,3.2,7.6,0.419,2.4,3.1,0.786,0.8,4.8,5.6,2.2,1.1,0.6,1.3,1.3
130,Cameron Carr,BAYL,18,34.8,18.2,6.2,12.4,0.498,2.4,5.9,0.406,3.4,4.4,0.785,0.4,5,5.4,3,1.1,1,2.7,2.1
131,Brody Robinson,OAKL,20,36.9,18.2,4.3,10.7,0.397,2.3,6.5,0.346,7.4,8.9,0.836,0.4,2.6,2.9,7.2,1.3,0,2.7,1.9
132,Jonah Pierce,PRSBY,16,34.8,18.1,7.1,12.8,0.559,0,0,0,3.9,6.8,0.574,2.6,7.8,10.4,1.1,0.8,1.3,2.9,2.6
133,"Christian Anderson, Jr.",TXTCH,17,39.2,18.1,6.1,13.1,0.466,3.5,8.2,0.421,2.4,2.9,0.82,0.5,3.3,3.8,8.3,0.8,0.5,3.8,2.5
134,Ja'Kobi Gillespie,TENN,18,36.5,18.1,5.9,15.6,0.381,2.7,8.5,0.32,3.5,4.4,0.788,0.6,2.4,2.9,5.4,2.7,0.2,2.1,2.2
135,Cam McDowell,TARST,10,30,18.1,6.3,13.8,0.457,1.2,3.2,0.375,4.3,5.1,0.843,1,2.3,3.3,1.7,1.5,0.3,2.3,1.8
136,T.J. Johnson,VMI,18,37.9,18.1,5.4,13.4,0.405,3.8,10,0.383,3.3,4.3,0.769,1.3,5.4,6.8,1.2,1.6,0.2,1.3,1.6
137,Malik Reneau,UMFL,18,30.2,18.1,6.2,11.6,0.531,0.8,2.1,0.378,4.9,6.4,0.774,2.1,4.4,6.6,1.9,1.1,0.4,3.1,2.6
138,Tariq Francis,RUTG,20,27.8,18.1,5.9,13.9,0.424,1.5,4,0.363,4.8,5.2,0.932,0.3,1.9,2.1,3.1,0.9,0.1,0.9,2.4
139,Christian Bliss,DEL,20,40.3,18,5.3,11.7,0.449,2.1,5.2,0.398,5.5,6.5,0.845,0.8,4,4.8,5.7,1.8,0,2.9,2.6
140,Tre Donaldson,UMFL,18,35.9,18,6.6,13.9,0.47,1.7,4.7,0.369,3.2,4,0.792,0.4,3.2,3.6,5.2,1.2,0.2,2.3,1.7
141,Delrecco Gillespie,KENT,18,32.4,17.9,5.9,12.4,0.475,0.6,2,0.278,5.6,6.9,0.808,3.1,8.2,11.2,1.9,0.8,1.1,2.7,2.8
142,Isaiah Johnson,COLO,18,33.5,17.9,5.5,11.6,0.474,2,5.4,0.371,4.9,5.8,0.848,0.6,2.2,2.8,3.4,1,0.1,1.9,1.6
143,K.C. Shaw,ODU,18,32.3,17.9,7.1,14.2,0.5,0.1,0.7,0.083,3.7,5.1,0.725,0.6,3.8,4.3,2.2,0.5,0.3,2.3,1.8
144,Anquan Hill,HEART,17,34.1,17.9,6.1,13.2,0.458,1.6,4.7,0.35,4.1,5.4,0.769,2,4.1,6.1,1.1,0.5,1.2,1.8,1.8
145,Joe Sayler,SDKSU,16,35.4,17.9,6.4,13.8,0.468,2.6,5.4,0.471,2.4,3,0.813,0.3,3.7,3.9,2.1,0.3,0.2,2,1.6
146,Cooper Noard,COR,14,28.3,17.9,6.2,12.4,0.503,3,7.7,0.389,2.4,2.6,0.944,0.3,2.9,3.1,2.1,0.2,0.4,1.8,1.7
147,Quion Williams,UAPB,18,36.9,17.8,6.1,14.1,0.433,1,3,0.333,4.6,6.3,0.735,2.3,6,8.3,5,1.4,0.9,3.3,2
148,"Dennis Parker, Jr.",RADF,16,31.4,17.8,5.9,12,0.49,1.6,4.7,0.347,4.4,7.1,0.628,1.6,4.4,6,1.3,1.3,0.6,2.5,2.2
149,Tarence Guinyard,DUQ,17,35.6,17.8,5.8,13.4,0.436,2.4,7.3,0.331,3.7,5.2,0.708,0.6,3,3.6,4.4,1.4,0,2.4,2.3
150,Keith Palek III,MZZST,20,34.2,17.8,5.6,13.4,0.418,1.1,4.1,0.256,5.5,7.2,0.769,1.6,4.5,6,3.6,1,0.4,2.9,2.2
151,"Keon Thompson, Jr.",SFA,22,29.3,17.7,6.2,12.6,0.489,0.6,2.3,0.28,4.7,7,0.675,1,3.3,4.3,4.3,1,0.1,2.7,2.4
152,"Corey Camper, Jr.",UNR,18,34.1,17.7,6.3,13.4,0.467,2.5,5.8,0.433,2.7,3.4,0.774,1.1,3.8,4.8,2.4,1.3,0.3,1.4,1.4
153,Joel Foxwell,UP,18,36.7,17.7,6.1,15.6,0.389,2.4,7.3,0.326,3.2,3.9,0.829,0.7,3.2,3.9,6.1,1.8,0.1,3.1,1.6
154,Moe Odum,ASU,18,34.6,17.7,5.7,13.3,0.431,3.1,7.6,0.412,3.2,4.1,0.781,0.4,2.3,2.7,5.7,1.3,0.2,3.2,2.5
155,Kenny Noland,COM,14,36.5,17.7,6.6,14.8,0.444,2.5,7.1,0.354,2.1,2.4,0.853,0.9,3.1,3.9,3.4,1.9,0,2.6,1.5
156,Sebastian Robinson,NJIT,16,31.9,17.7,6.7,14.3,0.469,0.4,1.8,0.214,3.9,5.6,0.708,0.4,3.1,3.5,2.3,1.3,0.1,1.9,2.2
157,Corey Stephenson,FIU,19,33.2,17.7,5.8,13.8,0.424,2.2,5.8,0.369,3.8,5.3,0.73,1.9,4.1,6,1.3,1.3,0.5,2.2,2.4
158,"JeShawn Stevenson, Jr.",UNT,18,32.2,17.7,5.9,15.2,0.392,2.3,7.4,0.306,3.5,4.1,0.851,0.7,3.1,3.8,1.8,2.3,0.4,1.7,1.2
159,Fred Payne,BOS,18,34.9,17.7,6.7,16.8,0.396,2.1,7.2,0.295,2.2,2.8,0.8,0.5,3.9,4.4,2.6,1.3,0.1,1.4,1.7
160,Alex Wilkins,FRMN,18,31.3,17.7,6.2,13.9,0.444,1.8,5.6,0.317,3.6,4.3,0.821,0.2,1.7,1.8,4.9,0.9,0.1,3.9,3.1
161,D.J. Hall,TXST,18,31.5,17.6,6.7,12.3,0.543,0.2,0.7,0.308,4.1,5.2,0.785,2.2,5.7,7.8,2.2,1.3,0.3,1.9,2.5
162,Cliff Davis,JMU,18,33.2,17.6,5.7,13.1,0.438,3.5,8.6,0.409,2.7,3.2,0.842,0.4,3.1,3.5,1.6,1.2,0.1,0.9,1.5
163,Darryl Simmons II,STBN,18,37.1,17.6,6.5,14,0.464,3.1,6.8,0.455,1.5,1.7,0.871,0.2,1.9,2.1,3,0.7,0,1.4,2.3
164,"Jeremy Fears, Jr.",MCHST,20,32.7,17.6,5.1,11.2,0.451,0.9,3.3,0.273,6.6,7.4,0.898,0.4,1.6,2,8.8,1.2,0.1,2.3,2.4
165,Jaden Henley,GCU,20,32.4,17.6,6.1,13.1,0.467,1.2,4,0.288,4.3,6,0.708,0.6,5.7,6.3,3.3,1.4,0.3,2.8,2.1
166,Braden Sparks,FAIR,20,34.3,17.6,6.1,14.7,0.412,2.9,7.7,0.379,2.6,3.3,0.8,0.6,2.4,2.9,2.7,1.4,0.2,2,1.7
167,Finley Bizjack,BTLR,19,35.8,17.6,5.2,12.5,0.412,1.8,5.8,0.318,5.4,6.1,0.896,0.6,2,2.6,2.4,0.6,0.1,1.7,1.2
168,Cameron Fens,SODAK,16,28.8,17.6,6.8,11.2,0.609,0,0,0,3.9,6.4,0.612,2.9,7.4,10.3,1.4,0.4,1.6,1.8,2.1
169,Thomas Haugh,FLA,17,33.6,17.5,5.7,12.2,0.469,1.9,5.4,0.352,4.2,5.4,0.783,2.1,3.7,5.8,1.9,1.4,1.1,1,2.5
170,Brayden Burries,ARZ,18,31.7,17.5,5.8,11.6,0.502,1.6,4.2,0.382,4.2,5.1,0.826,0.7,5.5,6.2,2.9,1.6,0.2,1.3,2
171,Jake Hall,UNM,20,32.2,17.5,6,12,0.496,3.3,7.1,0.465,2.3,3,0.767,0.6,3.2,3.8,1.7,0.9,0,1,1.6
172,A.J. Storr,MISS,18,28.3,17.5,6.4,14.8,0.436,1.2,3.8,0.324,3.4,4.3,0.782,0.7,2.6,3.3,2.1,1.2,0.1,1.3,1.9
173,Cade Tyson,MINN,19,37.5,17.5,5.2,11.4,0.456,2.2,5.2,0.418,4.9,5.8,0.838,1.4,4.2,5.6,2.2,0.7,0.3,1.6,2.3
174,Jordan Frison,CHATT,18,31.3,17.4,6.9,12.2,0.566,1.7,3.7,0.463,1.9,2.3,0.854,0.6,2.6,3.2,3.7,0.6,0.2,1.8,2.6
175,Nolan Minessale,STTOM,16,30.4,17.4,5.6,12.5,0.45,1.5,5,0.3,4.7,6.4,0.728,0.7,3.7,4.4,4.6,1.9,0.4,2.5,2.9
176,Richie Saunders,BYU,12,31.8,17.4,5.9,12.7,0.467,2.5,7.2,0.349,3.1,3.9,0.787,2.6,4.2,6.8,2,1.1,0.3,1.9,2.4
177,Jalen Haralson,ND,15,27.9,17.4,6,11.2,0.536,0.3,1.1,0.294,5.1,7.5,0.673,1.5,2.7,4.2,2.4,0.5,0.1,2.9,2.6
178,Tyren Moore,GASO,18,31.3,17.4,5.6,13.4,0.413,3,8.6,0.351,3.3,3.7,0.894,0.3,2.7,3.1,2.7,1.6,0.1,1.7,1.7
179,Josiah Davis,CSUN,20,34.4,17.4,6.4,13.1,0.489,0.2,1.1,0.143,4.4,6.7,0.662,1.4,3.9,5.2,8.5,1.1,0.4,5.1,2.9
180,Tyler Bilodeau,UCLA,20,31.7,17.4,6,11.9,0.502,2.1,4.7,0.436,3.4,4.1,0.829,1.2,5.1,6.3,1.1,0.4,0.4,1.3,2.6
181,Rashaud Marshall,APSU,18,30.9,17.3,6.2,8.8,0.703,0,0,0,5,7.2,0.692,2.8,3.8,6.6,1.5,1,0.9,1.2,2.7
182,Jamal Fuller,LIU,18,33.8,17.3,5.9,10.8,0.549,1.6,3.8,0.426,3.8,4.9,0.775,1.2,3.8,5,3.1,0.9,1.1,2.2,2.6
183,Davion Bailey,UIW,22,36.2,17.3,5.3,14.3,0.371,2.9,8.3,0.346,3.8,5,0.771,0.5,2.9,3.4,2,1.3,0.3,2.4,2.5
184,Jeremiah Wilkinson,UGA,16,28.6,17.3,5.3,13.8,0.385,2.7,7.5,0.358,4,5.1,0.79,0.3,2.1,2.4,1.9,1.5,0.3,1.7,1.8
185,Sonny Wilson,U of T,18,37,17.3,6.6,13.6,0.488,1.3,3.2,0.414,2.7,3.9,0.7,1.4,2.7,4.1,4.8,1.2,0,1.4,1.4
186,Kingston Flemings,U of H,18,32.9,17.3,6.4,14.4,0.442,1.1,3.2,0.333,3.4,3.9,0.873,0.4,3.8,4.2,5.7,1.2,0.4,1.9,2.1
187,Jalen Speer,MARSH,18,34.3,17.3,5.8,14.2,0.41,3.1,7.9,0.392,2.5,3.1,0.804,0.5,3.5,4,5.3,1.1,0.1,2.4,2.6
188,Coleton Benson,NEWOR,22,35.8,17.3,5.1,12.5,0.412,2.5,7.1,0.353,4.5,4.9,0.917,0.3,2.6,2.9,1.8,0.7,0.1,1.9,2
189,"Leroy Blyden, Jr.",U of T,18,34.2,17.2,6,12.8,0.468,2.2,5.8,0.375,3.1,3.6,0.859,0.7,4.1,4.8,4.3,1.6,0.2,1.9,2.7
190,Anthony McComb III,NORF,14,34.4,17.2,4.9,11.6,0.417,2.1,5.4,0.387,5.4,6.7,0.809,1.1,2.2,3.4,1.8,0.9,0.2,1.8,2.3
191,"Larry Hughes, Jr.",CSUN,19,32.4,17.2,5.3,13.9,0.381,2.8,7.6,0.375,3.7,4.4,0.855,0.2,2.8,3,0.9,1.6,0.4,1.5,3.1
192,Tahj Staveskie,UIW,22,35.9,17.2,5.8,14.1,0.413,2.5,6.7,0.372,3,3.7,0.817,0.7,2.8,3.5,3.7,0.9,0.1,3,2
193,Aidan Kehoe,USNA,18,35.1,17.2,7.2,9.4,0.765,0,0,0,2.7,5.8,0.467,3.8,8.3,12.1,3.2,1.3,1.3,1.9,1.5
194,Tounde Yessoufou,BAYL,18,33.9,17.2,6.4,14.1,0.458,1.8,5.6,0.33,2.4,3.5,0.698,2.4,3.4,5.9,1.3,1.8,0.4,2,2.2
195,Jed Miller,MTSTU,18,36.6,17.1,5.4,11.7,0.467,2.9,7,0.421,3.3,4.2,0.787,1.9,4.3,6.2,3.4,1.7,0.2,1.4,2.3
196,Robert McCray V,FLAST,18,29.3,17.1,6,13.3,0.452,1.7,4.3,0.385,3.4,4.7,0.738,0.7,3.2,3.8,5.3,1.1,0.7,3.6,2.4
197,Flash Burton,RIDER,20,33.9,17.1,5.9,14.6,0.401,1.7,5.4,0.308,3.8,4.8,0.789,0.7,2.4,3,3.3,1.4,0.3,1.6,2.1
198,"Larry Johnson, Jr.",MCNST,22,26,17.1,6.2,12.6,0.495,0.8,3.1,0.261,3.8,5,0.771,1.6,4.1,5.7,1.6,1.2,0,1.2,1.4
199,Bryce Harris,HWRD,14,30.9,17.1,5.5,10.3,0.535,1,2.4,0.424,5.1,6.4,0.798,2.4,4.4,6.8,2.6,1,1.2,2.5,2.2
200,Adam Olsen,USA,18,38,17.1,5.3,13.8,0.382,3.4,9.1,0.372,3.1,3.8,0.824,0.2,4.6,4.8,0.9,0.8,0.2,1.2,0.9
201,Zuby Ejiofor,STJ,20,30.6,17,5.6,10,0.56,0.5,1.3,0.36,5.4,7.7,0.695,3.4,3.6,7,4,1.3,1.8,2,2.7
202,Micah Thomas,NSU,22,30.7,17,5.5,13,0.418,1.4,4,0.352,4.7,5.1,0.92,0.4,1.8,2.2,2.6,0.9,0.1,2.4,1.8
203,Jackson Hicke,PRIN,14,34.6,17,5.6,12,0.464,1.6,4.4,0.361,4.3,5,0.857,1.6,3.9,5.4,2.1,1,0.3,1.9,2.4
204,Jordan Crawford,SODAK,16,35.3,17,5.6,12.9,0.437,3.2,7.8,0.411,2.6,3.4,0.745,0.5,2.1,2.6,1.7,1,0.1,1.8,2.1
205,Max Mackinnon,LSU,17,34.5,17,5.9,14.8,0.397,2.1,6.2,0.34,3.1,3.5,0.883,0.4,2.2,2.6,2.7,0.5,0.3,2.2,1.8
206,Braeden Speed,L-MD,18,34.6,16.9,5.1,11.6,0.442,1.9,5.1,0.38,4.8,5.8,0.827,0.9,4,4.9,3.8,0.9,0.3,1.8,2.2
207,Skylar Wicks,STFPA,17,33.1,16.9,5.9,14.9,0.395,2.1,6,0.353,3.1,4.5,0.675,1.6,4.6,6.3,2.9,1.4,0.4,2.5,2.6
208,Jlynn Counter,C of C,18,33.2,16.9,5.2,11.6,0.447,1,2.9,0.346,5.6,7,0.794,0.5,4.5,5,6.7,1.9,0.3,3.3,2.3
209,"Nick Anderson, Jr.",RICE,18,30.7,16.9,5.4,11.6,0.471,2.9,7.3,0.402,3.1,4.1,0.743,1.2,3.6,4.8,1.1,1.2,0.3,1.1,2.4
210,Po'Boigh King,SHSU,18,31.2,16.9,5.7,12.9,0.44,2.5,6.4,0.391,3.1,3.6,0.846,0.6,1.7,2.3,1.8,0.8,0.1,0.9,1.7
211,Koron Davis,AAMU,18,30.3,16.9,5.2,11.1,0.472,1.2,3.8,0.309,5.3,6.1,0.872,0.9,3.7,4.6,0.8,0.8,0.2,2,2.3
212,Chad Baker-Mazara,USC,15,27.4,16.9,5.6,13,0.431,2.4,6.3,0.383,3.3,3.6,0.907,0.3,2.9,3.2,2.3,0.7,1.1,2.7,2.6
213,T.J. Power,PENN,14,35.9,16.9,6.3,13.1,0.481,2.9,6.1,0.477,1.4,2.2,0.613,1.6,5.5,7.1,2.1,1.1,0.6,1.8,2.1
214,Jaquan Johnson,BRDLY,20,31.4,16.9,5.2,12.3,0.423,1.7,4.1,0.407,4.8,6,0.807,0.9,2.8,3.6,3.7,2.1,0,1.5,2.5
215,Justyn Fernandez,DEL,20,38.2,16.9,5.6,13.2,0.422,2.3,5.9,0.381,3.5,3.9,0.909,0.4,4.2,4.6,1.8,0.9,0.5,3,2.4
216,Shilo Jackson,MOYNE,13,32.7,16.8,6.5,9.8,0.664,0,0.1,0,3.8,5.4,0.7,1.8,5.2,7,2.3,0.3,0.9,2.6,2.8
217,Jason Rivera-Torres,MONM,18,36.3,16.8,5.1,13.2,0.388,1.9,5.6,0.34,4.7,5.6,0.842,2.6,5.8,8.4,3.2,2.2,0.9,2.2,2.4
218,Kent Jackson,UNF,18,33.7,16.8,5.5,14.1,0.391,3.7,10.1,0.368,2.1,2.3,0.927,0.5,3.2,3.7,2.1,0.7,0,2.2,2.2
219,Dorian Finister,LA,16,33,16.8,5.4,11.8,0.463,1.7,3.8,0.443,4.3,5.8,0.739,1.4,3.2,4.6,2.1,1.2,0.4,1.6,1.9
220,DeSean Goode,RMU,20,31.1,16.8,6.4,9.6,0.661,1.4,2.2,0.636,2.7,3.5,0.771,2.9,5.6,8.4,1.7,0.9,0.6,1.5,2.1
221,"Ryan Prather, Jr.",RMU,20,34.6,16.8,5.9,13.2,0.447,2.8,7.2,0.382,2.3,2.5,0.9,1,2.2,3.2,3.9,1,0.1,1,1.5
222,Dailin Smith,CSUB,20,29.9,16.8,4.3,12.1,0.355,1.8,5.4,0.324,6.5,7.9,0.822,0.5,1.8,2.3,0.9,1.1,0.4,1.4,2.6
223,Karmani Gregory,USCU,15,33.2,16.8,5.7,13.6,0.417,2,5.8,0.345,3.5,4.5,0.765,0.5,1.9,2.4,2.9,1.4,0.3,2.3,1.5
224,Donnie Freeman,SYRA,18,32.1,16.8,5.7,12.1,0.475,1.2,3.9,0.31,4.1,5.4,0.763,1.1,6.8,7.8,1.1,0.8,0.9,2.6,2.4
225,Trae Broadnax,RICE,18,32.3,16.8,5.9,13,0.453,1.2,4.2,0.276,3.8,5,0.767,1,4.1,5.1,3.6,1.2,0.2,2.6,2.8
226,Hank Alvey,LEHI,18,32.8,16.7,6.7,10.7,0.625,0.1,0.3,0.4,3.3,4.7,0.702,1.9,4.9,6.9,1.9,1.4,1.7,1.4,2.5
227,Collin Kuhl,STET,17,26.2,16.7,6.8,9.9,0.686,0.1,0.2,0.5,2.9,4.8,0.61,2.6,4.7,7.3,0.6,0.8,0.3,1.6,3.4
228,Wyatt Fricks,MARSH,18,30.3,16.7,6.3,11,0.576,1.6,4.8,0.337,2.4,3.7,0.642,1.4,4.3,5.7,0.9,0.7,1.7,1,3.3
229,Tyler Cochran,URI,18,32.1,16.7,5.4,12.5,0.431,1.8,5.7,0.324,4.1,5.5,0.737,1.5,5.3,6.8,1.9,2.5,0.2,2.3,2.7
230,"Jaron Pierre, Jr.",SMU,18,33.4,16.7,6.2,13.5,0.461,2.4,5.8,0.413,1.8,2.4,0.75,0.7,4,4.7,2.3,1,0.5,2.2,1.7
231,Ace Glass,WSU,18,31.9,16.6,5.9,13.6,0.437,2.1,6.2,0.342,2.6,2.9,0.887,0.3,2.8,3.1,2.6,0.8,0.1,2.6,1.8
232,Orlando Lovejoy,UDM,20,32.2,16.6,6,13,0.462,0.2,1.1,0.19,4.4,5.1,0.863,0.7,3.2,3.8,3.7,1.7,0.2,2.1,2.1
233,Johnathan Lawson,UALR,19,38.1,16.6,5.1,13.5,0.379,2.6,7.4,0.348,3.8,4.4,0.867,0.6,3.6,4.2,3.9,1.6,0.8,1.6,2
234,Jabri Fitzpatrick,UNH,18,35.9,16.6,5.4,11,0.49,1.4,3.8,0.382,4.3,5.6,0.772,0.4,3.9,4.3,3.1,1.6,0.1,1.9,1.4
235,Don McHenry,U of U,18,30.7,16.6,5.8,13.3,0.433,2.4,6.4,0.379,2.6,3,0.852,0.6,2.1,2.6,1.8,0.6,0,0.8,1.2
236,"Marcus Banks, Jr.",UMass,18,32.7,16.6,5.4,13.3,0.404,3.6,9.3,0.383,2.2,2.7,0.833,0.2,2.4,2.6,1.9,1.3,0.1,1.2,2.9
237,Aidan Mahaney,UCSB,20,34.9,16.6,5.8,12.5,0.46,2.6,6.5,0.395,2.5,3,0.833,0.4,1.8,2.2,2.8,0.9,0.1,1.3,2.8
238,Preston Edmead,HOF,18,33.8,16.5,5,11.5,0.435,2.9,6.8,0.434,3.6,4.3,0.821,1.5,3.5,5,4.3,0.2,0,2.2,2.4
239,Jeremiah Johnson,CAM,18,37.1,16.5,5.3,12.1,0.438,1.5,3.9,0.386,4.4,5.2,0.86,0.7,3.4,4.1,2.6,0.7,0.2,2.2,2.8
240,T.J. Hurley,UVM,16,31.4,16.5,5.6,11.8,0.471,2.6,6.6,0.39,2.8,3.2,0.882,0.3,3.1,3.4,1.4,0.6,0.2,0.9,1.9
241,Braxton Williams,CTDL,18,32,16.5,5.6,13.9,0.4,2.6,7.8,0.326,2.8,3.4,0.823,1.4,2.2,3.6,1.9,0.7,0.3,2.3,1.9
242,Jackson Shelstad,OREG,2,37.5,16.5,6.5,12,0.542,2.5,7.5,0.333,1,1.5,0.667,0.5,2,2.5,3.5,0.5,0,2.5,2.5
243,R.J. Johnson,KENN,19,30.3,16.5,5.5,12.1,0.454,2,4.6,0.432,3.5,5.4,0.657,0.6,2.3,2.9,4.4,0.9,0.5,1.9,1.6
244,Braden Smith,PURD,20,35.7,16.5,5.9,12.3,0.48,2,5,0.404,2.7,3,0.883,0.6,2.9,3.5,8.4,1.9,0.2,2.9,1.8
245,Jordan Battle,ODU,18,36.2,16.4,4.4,10.8,0.41,2.7,6.4,0.422,4.8,5.7,0.853,0.4,3.3,3.7,3.1,1.7,0,1.8,2.1
246,Elijah Duval,SUU,18,27,16.4,5.8,12.3,0.475,1.1,2.8,0.392,3.7,5.7,0.647,0.9,3.2,4.2,3.7,1.2,0.3,3.7,3.1
247,Justin Wright,UNCA,16,34.3,16.4,5.8,13.3,0.434,1.2,4,0.297,3.8,4.8,0.789,0.6,2.4,3,3.2,1.1,0.1,1.4,2.4
248,Dontrez Williams,LIND,19,33.6,16.4,6.3,13.6,0.463,1,3.6,0.279,2.8,4.7,0.596,1.2,4,5.2,2.2,2.9,0.6,3.2,2.8
249,Rafael Castro,GW,12,30.7,16.4,6.3,10.3,0.61,0,0,0,3.9,6.5,0.603,3.8,6.6,10.4,2,2,2.2,1.9,1.5
250,Bradyn Hubbard,ACU,17,29.3,16.4,5.3,13.9,0.381,1.6,5.1,0.322,4.2,5.1,0.816,0.9,3.4,4.4,1.3,1.9,0.1,2.6,2.9
251,"Brett Decker, Jr.",LBRTY,20,35.4,16.4,5.4,10.8,0.502,3.2,7,0.46,2.4,2.8,0.873,0.2,2.2,2.4,1.1,0.3,0.2,0.9,0.9
252,Anthony Roy,OKST,18,30.9,16.4,4.9,11.9,0.409,3.2,8.3,0.383,3.4,4.3,0.805,0.4,3.6,4,1.3,0.7,0.2,1.6,1.8
253,Nate Bittle,OREG,14,33.3,16.4,5.9,13.6,0.432,1.4,4.9,0.275,3.3,4.8,0.687,2.1,4.8,6.9,3.1,1.1,1.4,2.7,1.8
254,Josh Smith,UWG,17,27.3,16.4,5.5,13.7,0.403,1.9,5.8,0.333,3.4,4.7,0.713,0.2,1.6,1.8,2.2,0.9,0.1,1.2,2.1
255,Milan Momcilovic,IWAST,18,31.3,16.3,5.3,10.8,0.487,3.6,7.5,0.474,2.2,2.4,0.909,0.2,2.9,3.1,1,0.6,0.3,0.9,1.8
256,Dai Dai Ames,Cal,18,32.3,16.3,5.8,13.4,0.436,1.3,4.2,0.307,3.4,3.7,0.924,0.2,1.7,1.9,2,0.4,0.2,1.9,2.8
257,Gus Yalden,UVM,16,28,16.3,6.1,12.6,0.485,1.5,4.1,0.369,2.6,3.6,0.707,1.9,4.9,6.8,2.6,0.6,0.5,1.9,2.3
258,Aden Holloway,UA,17,28.7,16.3,5.1,10.6,0.475,2.3,5.4,0.429,3.9,4.7,0.825,0.3,2.9,3.2,3.8,0.6,0,1.8,1.6
259,J.R. Konieczny,FGCU,14,33.3,16.3,6.1,13.8,0.446,1.4,4.8,0.284,2.6,3.8,0.698,1.6,5.1,6.6,2.4,1.4,0.5,1.4,2.1
260,Thijs De Ridder,UVA,18,28.6,16.3,5.7,11.3,0.5,0.9,3.2,0.298,4,5.2,0.774,2.5,3.9,6.4,1.9,0.9,0.4,2.2,2.2
261,"Juni Mobley, Jr.",OSU,18,32.9,16.3,5.3,11.8,0.453,3.4,7.9,0.427,2.2,2.7,0.833,0.4,2.2,2.6,2.6,0.9,0.2,2.1,2.1
262,Jaiden Glover,STJOE,18,33.3,16.3,5.6,13.1,0.428,2.7,7.9,0.338,2.4,3.6,0.662,1.3,3.7,5,1,0.8,0.3,1.7,1.5
263,Aaron Clark,PEPP,18,33.3,16.3,5.4,12.4,0.439,2.3,5.8,0.39,3.1,4,0.778,0.7,2.7,3.4,2.5,0.9,0.1,2.9,1.8
264,Michael Ajayi,BTLR,20,35.1,16.3,5.8,13.4,0.434,0.6,2.1,0.268,4.1,6.2,0.667,2.8,7.7,10.5,3.2,1.2,0.8,3.1,2.8
265,"Rob Lee, Jr.",LAMAR,22,28.5,16.2,5.6,12.6,0.448,2.4,6.1,0.396,2.5,3.2,0.789,0.5,2.9,3.4,1.8,0.5,0.1,1.7,2.4
266,Davion Hill,BLLST,18,29.3,16.2,5.8,12.3,0.475,1.4,3.9,0.357,3.2,4.1,0.781,0.8,4.1,4.9,2.4,1.4,0.4,1.7,1.7
267,Isaiah Evans,DUKE,18,28.6,16.2,5.3,11.7,0.45,2.9,7.5,0.393,2.7,3.1,0.875,0.2,2.3,2.5,1.2,1.1,0.5,0.9,1
268,Stefan Vaaks,PROV,18,32.8,16.2,5,13.3,0.377,2.7,8.7,0.308,3.6,4.1,0.877,0.4,2.2,2.6,3.1,0.7,0.2,1.9,2.1
269,Ethan Roberts,PENN,14,31.4,16.2,5,12.6,0.398,1.6,4.3,0.383,4.6,5.6,0.81,0.7,3.1,3.9,2.3,0.6,0.2,1.6,2.8
270,Tyler Houser,DEL,15,35.2,16.2,5.8,11.6,0.5,1.8,5,0.36,2.8,3.3,0.857,1.2,3.7,4.9,1.9,0.5,0.4,1.3,2.6
271,Javan Simmons,OHIO,17,29.2,16.2,5.9,10.6,0.556,0.2,0.6,0.273,4.2,6.1,0.692,2.8,3.6,6.4,1.8,0.8,1.1,1.4,3.2
272,Frank Mitchell,STBN,18,34.1,16.2,6.8,12.2,0.559,0,0.2,0,2.5,4.2,0.592,3.9,5.8,9.8,2.8,1.3,0.2,2.8,2.4
273,Michael Jacobs,SUBR,18,34.5,16.2,4.8,13.6,0.355,1.2,4,0.306,5.3,7.9,0.669,0.9,2.8,3.7,5.8,1.6,0.1,2.6,1.7
274,Ty-Laur Johnson,SAND,12,29.1,16.2,6.1,13.2,0.462,1.2,3.7,0.318,2.8,3.5,0.81,0.8,2.1,2.9,4.9,2.6,0.3,3.4,3
275,Izaiyah Nelson,USOFL,18,28.6,16.1,5.7,10.6,0.534,0.2,1.7,0.129,4.6,6.4,0.707,3.9,5.8,9.7,1.5,1.7,1.3,1.4,2.9
276,Brock Wisne,NOCOL,18,32.2,16.1,6.4,11.7,0.55,0.8,2.8,0.3,2.4,3.2,0.754,1.7,4.7,6.4,2.6,0.9,0.6,2.4,2.5
277,K.J. Younger,UNCG,18,29.4,16.1,5.3,12.1,0.442,2.1,5.8,0.356,3.4,4.6,0.744,1.2,3.5,4.7,1,1,0.3,1.1,2.4
278,Brycen Blaine,CHASO,9,29.4,16.1,5.7,14.6,0.389,2.7,9.2,0.289,2.1,3.7,0.576,0.9,6.1,7,2.3,1.7,0.1,4.6,3.3
279,A.J. Casey,UE,20,31.8,16.1,6.3,11.7,0.541,0.9,2.3,0.378,2.7,3.8,0.707,1.7,4.1,5.8,2.3,1.2,0.7,2.2,2.5
280,Blake Barkley,ETSU,17,31.2,16.1,5.5,9.6,0.577,0.5,1.4,0.348,4.5,5.3,0.856,1.6,5.2,6.8,1.5,0.9,0.2,1.7,1.5
281,Rashaun Agee,TAMU,18,30.4,16.1,5.3,11.7,0.455,0.7,2.9,0.231,4.7,6.3,0.746,2.9,6.3,9.3,2.8,0.8,0.9,1.6,2.6
282,Elias Ralph,PACI,18,34.1,16.1,5.7,12.2,0.466,1.7,4.3,0.385,3.1,3.7,0.833,2,5.3,7.3,2.1,0.7,0.8,2,2.1
283,Chance Gladden,BSTN,18,36.4,16.1,5.3,10.8,0.49,1.2,3.2,0.362,4.3,4.8,0.897,0.8,2.6,3.4,5.3,0.9,0.2,2.9,2.2
284,Mason Falslev,USU,20,32.6,16.1,5.6,10.8,0.516,1.5,3.4,0.433,3.5,4.5,0.778,1.4,4.4,5.8,3.2,1.5,0.3,1.5,2.4
285,Peter Suder,MIAMI,18,33.1,16,5.8,11.1,0.52,1.2,3.2,0.368,3.3,4.4,0.738,1.3,3.8,5.2,4.3,1.6,0.6,2.1,3.2
286,Tyler Lundblade,BLMNT,20,35.8,16,4.7,10.9,0.433,3.7,8.7,0.42,3,3.1,0.952,0.1,2.8,2.8,1.6,0.2,0.1,0.8,1.4
287,Jurian Dixon,UCI,20,30.9,16,5.8,13.3,0.432,2.1,5.4,0.393,2.4,3.2,0.762,0.8,2.9,3.6,2.4,1.2,0,1.8,1.6
288,Kobi Williams,MZZST,19,36.6,15.9,4.6,10.8,0.422,3.1,7.8,0.396,3.7,4.3,0.864,0.8,1.7,2.5,1.2,0.9,0.2,1.2,2.6
289,Ben Defty,BSTN,18,29.6,15.9,6.2,8.8,0.704,0,0,0,3.5,5.3,0.663,1.8,5.1,6.8,1.8,0.2,1.7,2.3,2.8
290,Nijel Pack,OKLA,18,30,15.9,5.8,12.7,0.456,3.1,7,0.437,1.3,1.6,0.828,0.6,2.6,3.2,2.7,0.4,0.2,1.9,1.8
291,Henri Veesaar,UNC,16,30.9,15.9,6.6,11.1,0.593,1.1,3,0.354,1.8,3.1,0.56,2.1,5.6,7.7,2.1,0.7,1.2,1.3,2.7
292,Ernest Shelton,MERRI,20,37.3,15.9,4.3,11.1,0.387,2.7,8,0.338,4.6,5.2,0.893,0.5,2.7,3.2,1.1,1.1,0.6,1,2
293,Toyaz Solomon,UNCA,16,35.4,15.9,5.6,13.6,0.41,1,3.3,0.308,3.8,5.6,0.667,2.9,4.9,7.8,2.2,1.1,1.6,2.4,2.1
294,Parsa Fallah,OKST,15,29.3,15.9,5.9,10.1,0.579,0.7,1.7,0.423,3.4,5,0.68,2.7,3.3,5.9,0.9,1.1,0.4,1,2.1
295,Nick Townsend,YALE,13,32.5,15.8,4.9,9.9,0.496,1.4,3.2,0.439,4.6,5.7,0.811,2.3,5.1,7.4,4,1.4,0.2,2.7,1.2
296,Donte Bacchus,UNA,18,34.7,15.8,5.5,11.2,0.493,0.6,1.9,0.294,4.3,6.7,0.642,2.1,3.8,5.9,1,0.7,0.4,1.3,1.9
297,Xzayvier Brown,OKLA,18,33.1,15.8,5.5,12.2,0.45,1.9,4.8,0.395,2.9,3.4,0.869,0.3,2.6,2.9,2.8,1.2,0.2,1.7,2
298,Tahaad Pettiford,AUB,18,33.7,15.8,5.6,13.3,0.417,1.7,6.1,0.273,3.1,3.7,0.821,0.3,2.7,3,4.2,1.1,0.2,2.1,2.8
299,A.J. Dancler,CCU,18,33.6,15.8,5.3,13.2,0.405,2.3,6.3,0.368,2.8,3.8,0.75,0.7,4.3,5.1,1.6,0.6,0.1,1.6,2.4
300,M.J. Collins,USU,20,29.6,15.8,5.2,11.8,0.443,2.2,6.6,0.326,3.3,4.1,0.793,0.4,1.7,2.1,1.2,0.6,0.1,1,1.7
301,Javon Jackson,MRRY,20,25.8,15.8,5.5,13,0.425,1.5,4.5,0.326,3.4,4,0.848,0.5,2,2.5,2.9,1.4,0.1,2.7,2.8
302,L.J. Wells,NKU,19,31.2,15.8,5.3,9.7,0.549,0.5,1.7,0.303,4.6,6.8,0.677,2.4,4.4,6.7,2.3,0.8,0.8,1.9,2.6
303,Ethan Potter,UTECH,18,32.7,15.8,6.2,10.5,0.593,0.2,0.5,0.333,3.2,4,0.792,2.3,6.2,8.6,2.3,0.7,0.8,1.4,2
304,Angelo Brizzi,BUFF,18,31.8,15.8,5.1,10.7,0.479,1.6,4.2,0.368,4,4.8,0.837,0.7,2.3,2.9,2.2,1.6,0.3,2.4,2.7
305,Cole Certa,ND,18,31.5,15.8,4.5,12.2,0.368,2.9,8.3,0.353,3.8,4.4,0.863,0.4,1.5,1.9,0.8,0.4,0,0.8,1.8
306,Rob Martin,HP,16,27.8,15.8,4.5,11.4,0.396,1.3,4.6,0.274,5.5,6.3,0.88,0.3,1.4,1.6,2.9,1.5,0,1.3,2.1
307,Derek Simpson,STJOE,18,36.1,15.7,5.2,12.2,0.425,1.8,5.4,0.337,3.6,3.9,0.901,1,3.7,4.7,6.3,1.6,0.1,2.3,1.1
308,Ethan Copeland,STET,18,34.3,15.7,5.2,12.2,0.429,3.3,7.9,0.423,1.9,2.3,0.833,0.4,3.7,4.2,2.2,1.6,0,1,1.4
309,Aiden Tobiason,TEM,18,35.9,15.7,5.1,10.9,0.464,1.3,4.3,0.295,4.3,5.3,0.821,0.4,3.6,4.1,2.1,1.3,0.1,1.4,2.3
310,DeShawn Gory,FRSNO,20,32.8,15.7,6.4,13.3,0.483,0.8,3.5,0.232,2.1,3.1,0.689,1.1,6.6,7.6,2.5,0.8,0.4,1.9,1.6
311,Jaden Winston,MAN,20,36.4,15.7,5.1,11.4,0.449,1.4,4,0.342,4.2,5.1,0.814,0.7,2.5,3.2,4.1,2.7,0.1,2.2,2.9
312,C.J. O'Hara,UWGB,20,33.7,15.7,5.3,9.1,0.58,0.3,0.7,0.462,4.9,5.9,0.831,1.8,2.8,4.6,1.4,1.2,0.2,1.6,2.1
313,Carl Parrish,PRSBY,16,36.3,15.7,5.2,11.8,0.439,2.2,5.4,0.407,3.1,3.5,0.893,0.2,2.5,2.7,2.8,0.7,0.2,1.4,2
314,Jackson Holcombe,UVU,18,31.2,15.7,6,11.7,0.512,0.2,0.9,0.176,3.5,5.5,0.636,2.3,4.4,6.8,3.7,2.4,1.2,2.8,3.3
315,Shane Blakeney,DREX,18,34.4,15.7,6,12.9,0.464,2.1,5.4,0.381,1.6,2.6,0.63,0.9,4.4,5.3,2.2,0.8,0.6,2.2,1.3
316,Cord Stansberry,WCU,18,30.6,15.7,4.9,13.1,0.379,2.1,6.7,0.314,3.7,4.4,0.825,0.7,3,3.7,2.1,0.9,0,1.2,1.7
317,C.J. Ray,CHIST,18,33.9,15.6,6,14,0.429,1.5,3.7,0.403,2.1,2.6,0.826,2.2,2.9,5.2,1.9,0.9,0.1,1.2,2.4
318,Zoom Diallo,UWASH,20,31.2,15.6,6.2,12.6,0.492,0.8,2.5,0.3,2.5,3.2,0.766,0.9,3.2,4.1,4.7,0.3,0,2.9,2.6
319,Jayden Johnson,SCSU,14,30.7,15.6,4.9,11,0.442,1.3,3.6,0.353,4.6,6.3,0.727,0.6,2.9,3.5,3.5,1.6,0.1,2.3,2.4
320,Kody Clouet,WIN,16,32.6,15.6,4.8,10.2,0.466,3.1,7.1,0.439,2.9,3.4,0.87,1.1,4.7,5.8,1.1,0.9,0.2,0.8,1.8
321,Donovan Atwell,TXTCH,18,37.3,15.6,4.9,10.4,0.476,4.5,9.4,0.479,1.2,1.4,0.84,0.7,2.8,3.6,0.9,1.1,0.2,0.5,2.3
322,Matas Vokietaitis,TEXAS,18,27.3,15.6,5.2,8.2,0.633,0,0,0,5.2,7.3,0.712,2.7,4.2,6.9,0.9,0.1,0.9,2.4,3.4
323,Jake Heidbreder,FRSNO,18,37.1,15.6,4.4,12.3,0.36,2.2,7.1,0.307,4.5,4.9,0.92,0.7,1.9,2.6,2.1,1.5,0.2,2,1.9
324,Joshua Jefferson,IWAST,18,33,15.5,4.7,12.1,0.39,1.1,3.6,0.313,4.9,7.1,0.695,2.3,5.4,7.7,5,1.7,0.8,2.8,2.7
325,Damon Wilkinson,SDKSU,16,27,15.5,6.1,10.3,0.588,0,0,0,3.4,4.9,0.684,2.4,4.5,6.9,1.3,0.5,1,1.7,2.3
326,Emmett Adair,L-MD,18,26.5,15.5,6.1,12.8,0.472,1.8,5.5,0.333,1.6,1.8,0.848,2.2,3.5,5.7,0.8,0.3,0.3,1.4,2.2
327,Javon Bennett,DAY,18,36.2,15.5,4.9,12.9,0.378,2.5,7.1,0.352,3.2,3.6,0.892,0.3,2.1,2.4,3.1,1.6,0.1,1.4,1.4
328,D.J. Dudley,LATCH,20,33.5,15.5,5.6,13.1,0.424,2.1,5.3,0.396,2.3,3.5,0.667,0.9,2.4,3.3,1.9,0.9,0.3,2.4,1.4
329,Carlos Hart,EMICH,6,33.3,15.5,4.5,10.5,0.429,0.8,4,0.208,5.7,7.8,0.723,1.5,4,5.5,2,1.5,0.3,2.2,2.2
330,Tyler Tejada,TOWS,17,35.9,15.5,4.9,12.7,0.389,1.1,3.9,0.273,4.5,5.4,0.846,1.2,4.2,5.4,2.2,1.1,0.4,1.8,1.9
331,Dayan Nessah,CLEST,15,27.9,15.5,4.8,8.9,0.537,0.3,0.9,0.357,5.5,7.1,0.776,2.2,4.3,6.5,2.8,1.1,0.7,2.5,3
332,Lateef Patrick,SFA,22,28,15.5,5,12.9,0.387,2.1,6,0.351,3.4,4.1,0.822,0.9,2.2,3.1,1.5,1.4,0.1,1.3,2.3
333,Chance Westry,UAB,18,33.2,15.4,5.3,11.1,0.475,0.6,2.8,0.216,4.3,6,0.713,1.2,2.6,3.8,6,1.2,0.4,2.1,1.8
334,Miles Barnstable,TULSA,18,30.7,15.4,4.7,9.7,0.489,2.8,6.8,0.407,3.2,3.6,0.892,1.1,3.1,4.2,1.5,0.9,0.3,0.8,1.9
335,Meleek Thomas,ARK,18,31.6,15.4,5.7,12.4,0.46,2.1,4.3,0.487,1.9,2.3,0.829,0.8,3.3,4.1,2.1,1.7,0.3,0.8,2.4
336,Kintavious Dozier,AAMU,18,33.2,15.4,5.1,11.4,0.449,1.6,4.1,0.392,3.6,4.3,0.833,0.6,3.2,3.8,2,1.2,0,1.6,1.8
337,Riley Kugel,UCF,16,30.4,15.4,5.4,12.4,0.439,2,5.1,0.395,2.6,3.1,0.837,1.1,2.4,3.4,2.8,1.1,0.1,1.9,2.9
338,Jalen Shelley,LOYMR,12,33.3,15.4,5.6,11,0.508,1.1,3.4,0.317,3.2,4.7,0.679,0.5,6,6.5,2.7,0.5,0.5,1.9,2.4
339,"Jayme Mitchell, Jr.",JKSN,17,33.2,15.4,4.5,12.4,0.36,1.7,6.3,0.271,4.8,5.8,0.827,1.7,4.3,6,0.9,1.5,0.6,2.1,3.1
340,Rob Dockery,LASAL,18,29.7,15.4,4.9,9.8,0.497,0.6,2.2,0.256,5.1,6.6,0.765,2.3,4.8,7.1,2.2,1.7,0.3,2.8,3.1
341,Tyler Perkins,VILL,20,32.1,15.4,5.4,12,0.448,2.1,5.9,0.356,2.6,3.4,0.761,1.8,4.4,6.2,1.6,1.3,0.4,1,2.4
342,Jaidon Lipscomb,CLEST,20,30,15.4,4.8,10,0.475,3.4,7.9,0.43,2.5,2.8,0.891,0.6,2.6,3.2,2.8,1.3,0.3,1.9,2.5
343,Jimmie Williams,DUQ,18,32.2,15.3,5.2,12.5,0.418,1.9,6,0.315,3,3.9,0.771,0.9,3.7,4.6,2.8,1.4,0.1,1.9,2.3
344,Amarri Monroe,QUIN,19,33.9,15.3,5.3,13.5,0.393,1.2,4.3,0.284,3.5,4.6,0.75,2.4,6.7,9.1,2.3,2,0.7,2.7,2.4
345,Jadis Jones,LIND,16,35.6,15.3,6.1,10.9,0.554,0,0.3,0,3.2,5.1,0.622,3.8,5.3,9.1,2.4,1.4,1,1.6,2.9
346,Tramon Mark,TEXAS,18,29.9,15.3,5.6,12.2,0.461,1.5,4.3,0.346,2.6,3.3,0.767,1.2,2.4,3.7,1.5,0.9,0.3,1.2,2.1
347,Roman Domon,MRRY,20,26.7,15.3,4.1,8.6,0.477,1.4,3.6,0.375,5.7,7.3,0.786,0.9,4.1,4.9,1.6,1.1,0.2,1.4,1.9
348,Kasen Jennings,APPST,18,34.7,15.2,5.1,13.3,0.379,1.8,6.1,0.303,3.3,4.1,0.797,0.9,4,4.9,2,1.1,0.1,1.5,2.4
349,Makaih Williams,GCU,20,30,15.2,5,11.5,0.432,1.9,5.6,0.333,3.5,4.4,0.784,1.2,2.2,3.3,2.5,1,0.2,1.7,2.8
350,Lucas Lorenzen,WIU,20,33.4,15.2,4.9,11.7,0.415,2.3,6.8,0.338,3.2,4,0.81,0.7,3.8,4.4,0.9,0.8,0.2,2.2,2.2
351,Themus Fulks,UCF,18,33.8,15.2,5.8,12.9,0.446,0.5,1.5,0.333,3.1,3.9,0.789,0.8,2.1,2.8,6.6,0.9,0.1,3.2,1.8
352,Jaquan Scott,UAPB,18,29,15.2,4.8,9.5,0.509,0.3,1.2,0.227,5.2,6.2,0.839,2.4,4.5,6.9,1.1,0.9,0.6,2.5,3.7
353,Bryan Ndjonga,CAN,20,33.5,15.2,5.2,12.2,0.428,1.2,3.6,0.324,3.6,4.6,0.791,1.6,4.3,5.9,1.8,0.7,0.8,2,2.6
354,Gage Lattimore,NCCU,14,36.6,15.1,4.5,11.2,0.401,2.6,6.5,0.396,3.6,4.3,0.833,0.9,3.6,4.5,2.7,1.6,0.4,2.1,2.4
355,Lavell Brodnex,ULM,15,31.7,15.1,5.1,9.1,0.555,1,2.7,0.375,4,5.5,0.732,2.4,4.7,7.1,2.1,0.7,1,1.6,2.1
356,Alex Condon,FLA,18,30.5,15.1,5.8,10.5,0.55,0.2,1.5,0.148,3.3,5.3,0.625,1.9,4.9,6.8,3.5,0.6,1.5,2.2,3.1
357,Alonzo Dodd,APPST,18,35.8,15.1,5.4,12.1,0.447,1.1,4.8,0.233,3.2,4.4,0.725,0.8,5.1,5.9,4.8,1,0.3,2.7,2.6
358,Jake Lemelman,MC,18,30.3,15.1,5.6,12.5,0.449,2,4.9,0.409,1.9,2.3,0.829,0.4,2.4,2.8,3.2,1.1,0,1.1,1.4
359,George Marshall,MRHD,20,31.7,15.1,4.3,9.5,0.455,2,4.9,0.408,4.5,5.3,0.857,1,3.3,4.3,1.9,1.2,0.4,1.6,2.4
360,Jason Edwards,PROV,12,26.5,15.1,5,12.1,0.414,2,6.2,0.324,3.1,4,0.771,0.3,2.4,2.7,2.8,0.4,0.1,2.2,1.8
361,Jeremiah Quigley,BNGH,16,38.7,15.1,5.8,12.1,0.474,0.3,1.5,0.208,3.3,3.9,0.825,0.6,5.2,5.8,6.5,1.4,0,3.3,2.3
362,Lazar Djokovic,VCU,17,30.4,15.1,4.6,8.9,0.513,0.7,1.9,0.364,5.2,6.4,0.807,2.4,3.8,6.2,1.2,0.5,1.4,1.9,2.4
363,Christian Harmon,ARKST,18,28.7,15.1,4.5,10.6,0.424,3.2,8.1,0.393,2.9,3.4,0.839,1.2,2.4,3.6,2.6,0.7,0.2,2.1,1.4
364,Davante Hackett,STONE,18,28.8,15.1,5,11.4,0.439,2.1,5.9,0.358,2.9,4.2,0.707,0.7,3.2,3.9,1.8,0.7,0.3,1.1,2.4
365,Kahlil Singleton,CAN,19,35.9,15.1,4.7,11.7,0.405,2.8,7.7,0.367,2.7,3,0.912,0.6,2.5,3.1,1.1,0.3,0.1,0.6,1.9
366,Drew Fielder,BOISE,20,24.4,15.1,5.2,9.7,0.531,1.5,3.3,0.439,3.3,4,0.825,1.6,4.3,5.9,1.2,0.4,0.6,1.7,2.2
367,Michael Osei-Bonsu,MZZST,20,28.4,15,5.8,10.8,0.537,0,0,0,3.4,6.3,0.54,3.3,4.3,7.5,2.4,1.1,0.9,2.7,3.8
368,Pat Curtin,BUCK,17,29.1,15,5.4,12.1,0.444,1.4,4.8,0.28,2.9,3.5,0.847,1.4,3.7,5.1,1.9,1.5,0.1,2.4,2.5
369,Christian Hammond,SCU,18,29.9,15,5.8,11.9,0.486,1.2,3.5,0.349,2.2,2.8,0.8,0.6,1.8,2.4,2.4,1.3,0.1,1.9,2.2
370,Devin Vanterpool,FAU,12,32.2,15,5.1,12.5,0.407,2.3,6.6,0.354,2.5,3.3,0.769,0.8,4.8,5.5,2.2,1.6,0.9,2.3,3.6
371,Jaden Zimmerman,QUIN,17,33.7,15,4.9,13.2,0.375,1.9,6,0.324,3.2,5.1,0.628,0.5,2.1,2.6,2.8,0.8,0.5,2.4,2.7
372,"Jamal West, Jr.",UTEP,20,32.8,15,5.1,9.9,0.51,0.3,1,0.3,4.6,6.9,0.659,1.9,4.9,6.8,1.7,0.9,1.4,2.1,3.1
373,Petar Majstorovic,LBSU,20,31.8,15,5.5,10.1,0.545,0.8,2.8,0.291,3.2,4,0.797,1.5,4.8,6.2,1.8,1.7,0.3,2.2,3.2
374,Dan Gherezgher,NKU,20,30.1,15,5,11.9,0.42,2.9,7.7,0.379,2.1,2.9,0.707,0.5,3.1,3.6,3,0.7,0.1,2.3,2.3
375,Amani Lyles,AKR,18,27.9,14.9,5.4,9.8,0.551,1.4,3.7,0.394,2.7,3.7,0.731,2.4,6.1,8.6,1.9,1,0.7,2.6,2.9
376,Ben Hammond,VT,18,34.3,14.9,4.7,10,0.467,1.7,3.7,0.47,3.9,4.4,0.886,0.6,2.1,2.7,3.1,2.2,0.1,1.3,2.4
377,Riley Allenspach,GMU,17,25.3,14.9,5.6,9.6,0.585,0.8,1.9,0.394,2.9,4.3,0.671,2.1,3.5,5.6,0.8,0.7,0.4,1.5,2.2
378,"Kowacie Reeves, Jr.",GT,17,30.4,14.9,5.6,11.8,0.473,1.9,5,0.376,1.9,2.5,0.762,0.6,2.7,3.3,0.8,0.6,0.6,1.4,2.6
379,Justin McBride,JMU,16,27.3,14.9,5.6,11.4,0.495,0.9,2.5,0.35,2.8,3.6,0.776,1.2,4.4,5.6,1.3,0.3,0.5,1.8,2.3
380,Tey Barbour,HAR,14,35.2,14.9,4.4,9.8,0.453,2.7,7.2,0.376,3.4,4,0.839,0.8,4.3,5.1,1.4,0.7,0.2,1.1,1.8
381,Ty Robinson,UCA,18,29.4,14.9,4.9,10.6,0.468,2.7,6.5,0.419,2.3,2.9,0.788,1.8,4.1,5.9,2.3,1.9,0.2,1.3,2.6
382,Quel'Ron House,SOILL,18,31.1,14.9,5.9,13.5,0.436,0.3,1.8,0.182,2.8,3.7,0.746,0.8,2.9,3.7,3.6,1.8,0.2,2.6,1.7
383,Emanuel Sharp,U of H,18,30.1,14.9,4.4,11.8,0.376,2.4,7.1,0.346,3.6,3.9,0.901,0.9,2.1,3,1.8,1.3,0,1,3.4
384,Zion Cruz,RIDER,19,32.8,14.8,5.9,14.6,0.403,1.8,5.6,0.33,1.2,1.6,0.767,0.6,2.2,2.8,1.9,0.9,0.1,1.5,1.7
385,Brian Waddell,BELL,18,31.4,14.8,6,9.5,0.632,0.7,2,0.361,2.1,2.6,0.809,0.9,3.3,4.2,2.3,0.6,0.6,1.3,2.2
386,Noah Otshudi,MARSH,18,31.1,14.8,5.7,12.2,0.464,0.6,2,0.306,2.9,3.3,0.867,0.7,2.2,2.9,3.1,0.9,0,2.4,2.3
387,Chase Walker,ILLST,17,23.3,14.8,5.6,9.9,0.568,0.3,0.8,0.385,3.2,4.5,0.714,2.2,3.1,5.2,2,1.1,0.5,2.2,3.3
388,Justin Allen,UWGB,20,29,14.8,5.5,10.8,0.505,0.7,2.7,0.264,3.2,3.8,0.853,0.9,3.5,4.4,1.9,0.5,0.1,1.6,2.1
389,Kanaan Carlyle,FAU,15,31,14.8,5,11.9,0.421,2.4,6.3,0.379,2.4,2.9,0.818,0.3,3.6,3.9,2.9,1.2,0.1,2.5,2.4
390,Addison Patterson,EMICH,18,31.1,14.8,6.2,10.9,0.566,0.6,2.4,0.25,1.8,2.3,0.786,1.2,4.1,5.3,2.8,1.2,0.3,2.7,3.1
391,"Terrence Hill, Jr.",VCU,18,27.6,14.8,4.3,10.4,0.415,1.9,6.3,0.31,4.2,4.8,0.862,0.2,2.7,2.9,3.3,0.7,0.1,1.1,1.6
392,Patrick Wessler,UNCW,18,29,14.7,5.9,9.6,0.613,0,0.1,0,2.9,5.4,0.546,3.2,6.8,10,1.2,0.6,1.2,1.5,3.1
393,Eian Elmer,MIAMI,18,33.2,14.7,4.7,9.1,0.518,2.3,5.3,0.438,2.9,3.9,0.746,1,5.2,6.2,1.3,1.2,0.9,1.4,2.4
394,Rasheed Jones,CCU,18,37.1,14.7,4.7,11.7,0.398,2.3,6.2,0.369,3.1,3.6,0.862,0.5,3.7,4.2,2.9,1.1,0.7,1.7,1.7
395,Josh O'Garro,CSUN,19,34.2,14.7,5.8,12.3,0.474,1.1,3.4,0.328,1.9,3.8,0.493,2.1,7.3,9.3,2.5,1.2,0.6,2.5,2.3
396,Koree Cotton,UTRGV,22,28,14.7,4.8,9.9,0.482,1.8,4.3,0.415,3.4,4.3,0.787,1,4.4,5.3,2.4,1,1.2,2.4,2.8
397,"David Terrell, Jr.",UNT,18,33.3,14.7,5.1,11.9,0.425,0.4,1.8,0.212,4.2,6.2,0.676,0.7,3.2,3.8,4.3,1.8,0.2,1.4,2.4
398,Brian Taylor II,ETSU,18,33.4,14.7,5.1,11.8,0.432,1.4,4.3,0.333,3,3.7,0.806,0.8,2.7,3.5,2.7,0.9,0.2,1.4,2.1
399,Owen Dease,VAL,20,30.2,14.7,5.1,11.2,0.451,1.9,4.3,0.435,2.7,3.3,0.831,0.9,2.4,3.3,1.3,0.4,0.2,1.3,2.5
400,Duke Miles,VANDY,11,28,14.6,4.4,11.8,0.369,1.6,5,0.327,4.3,4.6,0.922,0.1,3.3,3.4,3.6,2.4,0.1,1.6,3.1
401,Zane Nelson,DEN,16,29.1,14.6,4.8,11.9,0.403,1.9,5.6,0.348,3.1,3.8,0.803,0.6,4.1,4.7,2.6,1.1,0.2,1.4,2.5
402,Spudd Webb,GASO,18,33.4,14.6,4.7,9.7,0.48,1.2,3.7,0.328,4.1,5.1,0.793,1.7,3.8,5.4,2.2,1.6,0.7,1.9,3.1
403,Joey Niesman,FDU,18,36.6,14.6,4.9,11.7,0.424,1.8,5.2,0.351,2.9,3.9,0.743,1.1,2.6,3.6,2.9,1.2,0,1.6,2
404,A.J. Lopez,RICH,18,29.7,14.6,4.7,10.1,0.467,1.5,3.5,0.429,3.7,4.3,0.857,0.5,1.7,2.2,1.3,1.3,0.6,0.7,1.6
405,Ron Jessamy,CSUB,19,27.3,14.6,5.4,10.8,0.5,0.1,0.4,0.143,3.7,5.1,0.722,2.2,4.8,7,1.4,1.2,1.4,2.5,3
406,Xavier Edmonds,TCU,18,25,14.6,5,8.9,0.559,0.8,2,0.417,3.7,5.9,0.632,3.5,4.9,8.4,0.9,1.2,1.1,2.3,3.1
407,Barrington Hargress,COLO,18,33.6,14.6,5.1,10.2,0.5,1.8,4,0.458,2.5,2.9,0.865,0.4,1.9,2.3,4,0.8,0.1,1,2.2
408,Brant Byers,MIAMI,18,33.7,14.6,4,8.2,0.49,1.8,4.4,0.413,4.7,5.8,0.81,0.8,3.2,4,0.7,0.7,0.4,1,1.8
409,Honor Huff,WVU,18,36.8,14.6,3.9,12.1,0.321,2.9,9.6,0.306,3.8,4.3,0.896,0.3,2.7,3,2.4,0.6,0,1.9,2.1
410,Yaxel Lendeborg,MICH,20,31.5,14.6,4.7,9.8,0.477,1.5,4.5,0.337,3.8,4.5,0.843,2.3,5,7.3,3.3,1.1,1.5,1.2,1.8
411,"Ronnie Harrison, Jr.",TAMUC,20,32.6,14.6,5.5,12.1,0.45,1,3.7,0.274,2.7,4.2,0.639,1,5.5,6.5,1.8,1.3,0.8,2.2,1.6
412,Tyshawn Archie,MCNST,22,26.3,14.5,5.3,12.1,0.436,2,5.4,0.37,2,2.1,0.936,0.5,1.3,1.8,2.9,1.7,0.4,1.5,1.3
413,Tuburu Naivalurua,OAKL,20,31.3,14.5,5.4,9.7,0.554,0.5,1.4,0.357,3.3,4.7,0.71,2.3,3.9,6.2,1.8,1,1.2,1,2.7
414,Grant Asman,LIP,18,29.7,14.5,5.3,10.3,0.516,1.4,4.6,0.313,2.4,3.1,0.768,1.3,4.6,5.9,1.6,1.1,0.8,1.7,2.6
415,Luke Almodovar,SEMO,20,27.4,14.5,4.7,10.6,0.441,2.1,6.1,0.336,3.2,4,0.788,0.4,3.2,3.6,0.6,1.1,0.2,1,2.1
416,Bryson Dawkins,YSU,20,29.1,14.5,5.8,10.6,0.542,1.1,3.4,0.313,1.9,3.1,0.613,1.4,3.3,4.7,1.5,0.8,0.2,1.1,1.5
417,Kamari Lands,MTSU,20,30.7,14.5,4.7,11.8,0.398,2,6.2,0.315,3.1,3.9,0.805,0.8,2.8,3.6,2.4,1.2,0.6,1.3,2.1
418,Yoav Berman,QUC,18,30.6,14.4,4.7,9.8,0.483,1.3,4,0.319,3.7,4.6,0.817,0.9,3.4,4.3,4.4,1,0.2,1.4,2.4
419,Caleb Williams,LAFAY,18,31.3,14.4,4.7,12.2,0.384,1.8,6.8,0.268,3.3,3.8,0.868,0.6,2.9,3.5,3.3,0.9,0.2,2,2.2
420,Jamir Simpson,UTSA,18,35.9,14.4,5.3,14,0.377,1.2,5.1,0.228,2.7,3.4,0.79,0.9,2.4,3.4,2.6,0.7,0.2,1.8,1.1
421,K.J. Lewis,GTOWN,17,29.5,14.4,4.8,12.4,0.386,1.2,4.2,0.292,3.6,4.6,0.785,1.1,3.5,4.6,1.9,1.8,0.5,2.1,2.6
422,"Latrell Wrightsell, Jr.",UA,15,28.6,14.4,4.6,10.3,0.445,3.2,7.7,0.414,2,2.5,0.811,0.6,2.6,3.2,1.8,1.2,0,0.9,2.1
423,Braden Huff,ZAGS,5,26.6,14.4,6.6,10.2,0.647,0.4,0.6,0.667,0.8,1.4,0.571,3.8,2.6,6.4,2.2,0.6,0.4,0.8,2
424,Andrew Alekseyenko,COLGT,18,30.4,14.4,5.6,11.2,0.495,1.4,3.3,0.417,1.9,2.4,0.773,2.3,5.4,7.8,2.9,0.8,0.3,2.2,2.4
425,Mor Massamba Diop,ASU,18,31.4,14.4,5.3,10.1,0.53,0.3,0.9,0.313,3.4,4.8,0.721,2.1,4.2,6.3,1.1,0.6,2.7,2.1,2.1
426,Aidan Hadaway,OHIO,18,33.7,14.4,5.8,12.3,0.471,1.3,4.6,0.277,1.6,2.2,0.7,1.8,5.4,7.2,2.1,0.8,1.1,2.3,3.1
427,Jakevion Buckley,NEWOR,21,34.3,14.4,4.7,11.6,0.403,1,3,0.317,4.1,5,0.819,0.7,3.6,4.3,6.1,1.7,0.1,3.8,2.6
428,Asim Jones,QUIN,20,31.5,14.4,5.3,11.6,0.453,1.9,3.9,0.474,2,2.8,0.714,0.6,2,2.6,4.2,1.3,0.2,1.9,2.4
429,Tylen Riley,TULSA,18,27.8,14.3,4.8,9.9,0.483,0.5,1.8,0.281,4.3,4.9,0.865,0.5,4,4.5,4.7,0.7,0.2,2.7,1.9
430,Alden Applewhite,GASO,18,32.2,14.3,4.5,9.1,0.497,1.3,3.7,0.343,4.1,5.2,0.777,1.6,4.2,5.8,1,1,0.4,1.3,2.2
431,Devin Royal,OSU,19,33.6,14.3,4.8,10.2,0.477,0.8,3.2,0.267,3.8,4.7,0.8,1.5,3.9,5.4,1.7,0.3,0.2,1.8,2.8
432,Donovan Dent,UCLA,20,36.6,14.3,5.5,12.9,0.428,0.6,2.1,0.293,2.7,4.2,0.643,0.4,2.3,2.7,7.8,1.6,0.4,1.7,2.3
433,Zion Fruster,EIU,20,32,14.3,5.3,13.2,0.398,1,3.3,0.288,2.9,3.6,0.803,0.4,2.7,3.1,2.3,1.6,0.1,2,1.5
434,Canin Jefferson,UNA,10,31.4,14.3,4.7,10.2,0.461,1.4,4.8,0.292,3.5,4.6,0.761,0,1.7,1.7,3.3,1.8,0.1,1.9,2.8
435,"M.J. Amey, Jr.",LOYMR,18,32.1,14.3,4.7,11.3,0.419,2.3,6.7,0.339,2.6,3.1,0.821,0.5,3.4,3.9,1.5,1.8,0.2,1.3,2.6
436,Ian Scott,INDST,20,32,14.3,5.4,8.8,0.617,0.7,1.9,0.351,2.8,4,0.709,1.5,4.6,6.1,2.7,1.1,1.1,2.4,2.5
437,T.J. Burch,WRST,20,27,14.3,5.6,11.3,0.496,0.9,2.4,0.375,2.2,2.9,0.754,1.2,1.5,2.7,3.8,2.5,0.3,2.3,2.5
438,Carmelo Adkins,USCU,16,34.6,14.3,4.7,12.2,0.385,1.7,5.9,0.287,3.2,3.9,0.81,1,4.1,5.1,2.1,1.1,0,2.4,2.1
439,Cam Morris III,ETSU,18,27.3,14.2,5.2,8.9,0.584,0.2,0.9,0.25,3.6,5.3,0.674,2.3,4,6.3,1.7,1.4,1,1.3,2.6
440,Styles Phipps,PEPP,18,33.7,14.2,4.3,10.8,0.4,0.5,2.1,0.243,5.1,6.2,0.82,1.9,3.7,5.6,4.9,1.8,0.1,2.8,2.7
441,Isaiah Brickner,IDAHO,18,24.1,14.2,5.1,10.2,0.5,1.6,3.9,0.4,2.4,3.4,0.71,0.8,3.4,4.2,0.8,0.9,0.1,1.2,2.6
442,Brandon Benjamin,FAIR,19,30.7,14.2,5.9,10.9,0.543,0,0.2,0,2.3,3.4,0.688,4.4,6.2,10.6,1.4,0.9,1.4,1.7,2
443,"Abdi Bashir, Jr.",KSU,5,28.4,14.2,4.8,12.8,0.375,3.6,9.8,0.367,1,1.2,0.833,0.4,1.6,2,1.8,0.6,0,1.2,1.2
444,Mark Drone,TXST,17,31.6,14.2,5.2,12.9,0.405,1.1,3.7,0.286,2.6,3.1,0.865,1.1,3.1,4.2,3.5,1.2,0.1,2.7,1.7
445,Ven-Allen Lubin,NCST,18,29.1,14.2,5.4,8,0.681,0,0.2,0,3.3,4.6,0.711,3.2,4.2,7.3,0.8,0.3,1.1,0.7,2.1
446,Tre White,KU,18,32.5,14.2,4.6,10.4,0.436,1.9,4.4,0.438,3.1,3.6,0.875,2.2,4.7,6.9,1.5,0.5,0.3,1.7,1.9
447,David Coit,UMD,20,25.9,14.2,4.9,12.1,0.402,2.2,7.2,0.299,2.3,2.8,0.836,0.2,1.5,1.7,2.4,0.3,0.1,1.6,1.2
448,Jaden Alexander,CSUB,8,22.8,14.1,4.6,9,0.514,1,2.3,0.444,3.9,4.6,0.838,1.5,2.3,3.8,0.6,0.8,0.3,1.9,2.6
449,Tyler Boston,HC,17,32.9,14.1,4.8,11,0.433,1.3,3.8,0.344,3.3,4.2,0.789,0.3,3.1,3.4,3.4,0.6,0,1.5,2.6
450,Thomas Dowd,TROY,18,36.8,14.1,5.1,12,0.426,1.8,6.1,0.294,2.1,2.6,0.826,3.9,6.1,10,2.4,1.2,1.6,1.3,2.3
451,Chauncey Wiggins,FLAST,18,29.5,14.1,4.9,9.2,0.53,2.4,5.4,0.449,1.9,2.3,0.829,0.8,2.9,3.7,1,0.3,0.3,0.8,1.7
452,Dre Bullock,HAW,20,29,14.1,4.9,11.6,0.42,1.2,4.3,0.271,3.3,4.2,0.783,0.9,4.8,5.7,1.8,1.6,0.5,2.1,2
453,Freddie Dilione V,PENST,20,27.5,14.1,5.6,12,0.464,1.3,4.4,0.287,1.8,2.2,0.814,0.6,2.5,3.1,2,1.3,0.2,1.8,1.5
454,Joseph Pinion,USOFL,18,31.3,14.1,4.9,12.3,0.398,3,8.2,0.367,1.3,1.6,0.821,1.3,3.1,4.3,3.1,1.2,0.3,1.7,2.6
455,Armonii Zeigler,BLLST,18,33.6,14.1,4.5,11.6,0.389,1.2,3.3,0.35,3.9,4.9,0.795,1.1,4.1,5.1,3.7,1.3,0.4,2.9,1.8
456,M.J. Russell,ULM,18,35.9,14.1,5.3,13.8,0.382,1.3,4.9,0.258,2.2,3.2,0.69,0.9,3.3,4.3,2.1,1.2,1.1,2.1,1.8
457,Nick Jones,WAGNR,18,32.9,14.1,4.9,12.2,0.405,0.9,4,0.236,3.2,4,0.806,0.7,2.6,3.3,2.7,1.7,0.3,2.6,2.6
458,T.J. Nadeau,UDM,19,28.5,14.1,4.7,9.7,0.481,2.3,4.5,0.506,2.4,2.8,0.868,0.6,2.5,3.1,1.1,0.5,0.3,1.2,2.3
459,Nyle Ralph-Beyer,HEART,20,31.9,14.1,4.9,11,0.445,2.9,6.8,0.426,1.4,1.7,0.794,1.1,3,4.1,0.8,0.6,0.1,1.1,1.4
460,Filip Brankovic,UTRGV,22,24.3,14,5.4,10,0.534,1.1,3.5,0.316,2.2,2.6,0.842,1.5,3,4.4,2,0.4,0.5,1.5,2.3
461,Cayden Charles,STBN,18,34.2,14,4.5,10.3,0.435,1.1,3.4,0.328,3.9,4.6,0.843,1.5,5.3,6.8,2.1,1.5,0.3,1.2,2.8
462,Justin Pippen,Cal,18,31.7,14,4.2,12.3,0.342,1.8,5.7,0.314,3.8,4.6,0.829,0.7,3.3,4,4.6,1.9,0.5,2.2,2.7
463,Shelton Henderson,UMFL,18,34,14,5.4,10.1,0.538,0.5,1.9,0.265,2.6,4.4,0.595,1.9,3.4,5.3,1.8,1.2,0.3,1.9,2.2
464,Moustapha Thiam,CINCY,16,27.1,14,5.7,10.9,0.52,0.5,1.8,0.276,2.1,3,0.708,2.1,4.3,6.4,0.6,0.6,1.1,1.1,1.6
465,Daniel Mayfield,MVSU,17,29.5,14,5.5,12.1,0.451,0.7,2.4,0.3,2.4,3.2,0.741,1.5,4.6,6.1,1.1,1.1,0.6,1.8,3.1
466,Uzziah Buntyn,SODAK,16,34.5,14,3.5,9.8,0.359,1.1,4.8,0.224,5.9,6.6,0.896,0.3,2.4,2.8,3.4,1.6,0,2.1,1.6
467,"Rodney Brown, Jr.",LOYMR,17,34.1,14,5.1,12,0.422,2.6,7.2,0.358,1.3,1.5,0.88,0.3,2.1,2.4,1.4,0.7,0.1,1.5,1.7
468,Royce Parham,MARQ,19,32.5,13.9,5.1,9,0.567,1.2,3,0.386,2.6,4,0.645,1.7,3.1,4.7,1.1,0.8,1,1.5,1.9
469,Jaiden Feroah,SUU,18,32.2,13.9,5.2,8.9,0.581,1.1,2.5,0.444,2.5,3.1,0.804,2,5.2,7.2,2,0.9,1.3,2.3,3.1
470,Morgan Safford,KENT,17,32.2,13.9,4.2,10.7,0.396,1.9,6,0.314,3.6,4.4,0.813,2.2,3.9,6.1,1,0.8,0.4,1.8,3.1
471,Troy Hupstead,TEXSO,15,29.9,13.9,5,9.7,0.517,0.4,1.9,0.207,3.5,5.3,0.671,2.3,7.1,9.5,1.3,0.5,0.6,1.5,2.3
472,Brayden Maldonado,SEA,15,31.6,13.9,4.5,12.3,0.364,2.6,7.7,0.339,2.4,2.9,0.818,0.4,2.4,2.8,2.8,0.9,0.1,1.7,2.1
473,"Morez Johnson, Jr.",MICH,20,25.7,13.9,5.2,8,0.644,0.5,1,0.45,3.2,4.1,0.768,2.6,5.1,7.6,1.1,0.7,1,1.4,2.6
474,Elijah Price,UNR,20,30.8,13.9,3.7,7.8,0.471,0.3,0.7,0.385,6.4,8.5,0.751,2.5,6.4,8.9,1,1.5,1.8,2.7,3.6
475,Reese Waters,SDSU,20,30.5,13.9,4.6,10.4,0.438,1.8,4.7,0.372,3.1,3.5,0.884,0.7,3.3,3.9,1.1,0.7,0.1,1.6,2
476,Andre Mills,UMD,20,27.2,13.9,4.8,10.6,0.455,2,5.2,0.379,2.4,3,0.783,1.4,2.4,3.8,1.5,0.3,0.2,1.7,2.7
477,Trevan Leonhardt,UVU,18,35.1,13.9,5,9.8,0.508,1.4,3.9,0.357,2.5,3.4,0.726,0.5,4.5,5,5.6,2.1,0.8,2.4,1.2
478,Achile Spadone,BUCK,18,37.8,13.9,4.9,11.3,0.436,1.3,4.3,0.299,2.7,3.3,0.817,1.8,5.5,7.3,1.8,1.9,0.4,1.3,3.3
479,Tycen McDaniels,ALCST,18,29.4,13.9,5.2,9.2,0.56,0,0.1,0,3.6,4.7,0.753,2.4,4.7,7.1,1.1,1.2,1.3,2.3,3.2
480,Tamario Adley,CMU,18,30.5,13.9,5.2,10.9,0.472,1.3,3.6,0.375,2.2,3,0.741,1.6,3.6,5.2,3.3,1.9,0.3,2.4,2.9
481,Seth Trimble,UNC,18,32.3,13.9,4.6,9.6,0.477,0.7,2.3,0.31,4.1,6.1,0.664,1.2,2.4,3.6,2.3,1.2,0.3,1.4,1.9
482,Malik Dia,MISS,18,23.3,13.9,5.1,11.4,0.447,0.6,2.3,0.244,3.1,4.5,0.691,1.7,3.2,4.8,0.6,0.6,0.9,1.4,3
483,Cooper Bowser,FRMN,9,29.6,13.9,5.7,7.6,0.75,0,0,0,2.6,4.1,0.622,1.1,4.3,5.4,1.4,0.3,1.3,0.9,1.6
484,Dug McDaniel,MEMP,18,34.2,13.8,5.6,12.3,0.455,1.4,4.4,0.316,1.2,1.4,0.846,0.8,3.1,3.9,4.4,1.8,0.1,2,1.6
485,Mohammad Habhab,EMICH,18,36.8,13.8,4.8,12.9,0.373,0.2,1.2,0.19,3.9,5.3,0.747,1.8,6.5,8.3,3,0.6,1.9,2.8,2.6
486,Nolan Hodge,UNCW,18,33.8,13.8,4.1,11.1,0.37,2.9,7.6,0.39,2.7,3.7,0.727,1.5,2.9,4.4,1.7,0.7,0.7,0.9,2.3
487,Asher Woods,TULAN,18,31.7,13.8,3.9,9.2,0.428,1.2,3.3,0.356,4.8,5.9,0.811,0.5,2.8,3.3,2.2,1.4,0,2,1.5
488,Denzel Aberdeen,UK,18,32.4,13.8,4.4,10.8,0.41,1.8,5,0.356,3.2,3.9,0.814,0.6,1.3,1.9,3.7,0.4,0.1,1.2,2.2
489,Kevin Overton,AUB,18,32.9,13.8,4.4,10.1,0.434,2.3,5.9,0.383,2.8,3,0.926,0.8,2.6,3.3,0.9,0.8,0.2,1.2,2.9
490,Ryan Beasley,SANFR,17,34.9,13.8,4.2,10.8,0.388,1.4,4.5,0.303,4.1,4.8,0.864,0.5,3.2,3.6,4.7,1.2,0.2,1.8,1.7
491,Mason Bendinger,USCU,16,32,13.8,5.7,14,0.406,0.8,2.4,0.308,1.7,3.4,0.5,1.1,3.2,4.3,1.3,0.6,0.5,2.2,2.3
492,Kaseem Watson,UTEP,20,34.8,13.8,4.4,11.3,0.389,2.4,6.2,0.39,2.6,2.9,0.912,1.3,4,5.3,1.3,0.8,0.3,1.7,1.7
493,Thomas Batties II,HAR,14,35.8,13.8,4.9,10.7,0.46,2.2,5.3,0.419,1.7,2.1,0.8,1.9,4.7,6.6,2.4,0.6,2,1.4,2.1
494,Alton Hamilton,EWASH,18,28.8,13.8,5.1,8.9,0.569,0.3,1.2,0.238,3.4,4.6,0.744,2.6,3.1,5.7,2.2,1.1,0.9,1.9,2.7
495,Kiree Huie,EWASH,18,26.6,13.8,5.6,9.8,0.565,0,0.1,0,2.7,3.9,0.676,2.2,3.6,5.8,0.9,0.6,1.5,2.2,2.6
496,Chas Stinson,STONE,18,31.1,13.8,4.8,10.4,0.457,0.4,1.3,0.292,3.8,5,0.767,1.6,3.8,5.4,1.8,1.1,1,2.2,2.7
497,Victor Valdes,TROY,18,28.8,13.8,3.8,9.9,0.385,0.6,3.6,0.169,5.5,7.4,0.744,1.1,2.8,3.9,4.7,1.1,0.5,3.2,2.7
498,Dylan Williamson,TOWS,18,37,13.8,5.1,14.3,0.353,2.4,6.9,0.352,1.2,1.6,0.786,0.4,2.4,2.8,3.3,0.8,0.1,1.6,1.3
499,Jackson Rasmussen,IDAHO,17,30.8,13.8,5.3,11.6,0.455,0.9,3.5,0.267,2.2,3.2,0.704,1.4,3.6,5,1.3,0.6,0.4,1.8,1.9
500,Dashon Gittens,HEART,20,35,13.8,4.5,8.9,0.5,1.7,3.7,0.446,3.2,4.3,0.744,1.9,4.4,6.3,3.4,1.3,0.8,2.1,2.9
501,Rihards Vavers,WSU,16,29.7,13.8,4.5,8.8,0.514,2.9,6.4,0.456,1.8,2.1,0.853,0.9,3.9,4.8,0.7,0.8,0.3,1.1,1.4
502,Keegan Harvey,BRYNT,16,29.5,13.8,4.7,7.9,0.591,1.2,2.3,0.514,3.2,3.9,0.81,1.8,4,5.8,1.2,0.3,0.7,1.8,2.7
503,Leland Walker,UWYOM,20,29.3,13.8,4.4,11.1,0.398,1.3,4.2,0.298,3.7,4.3,0.871,0.8,1.7,2.4,3.4,0.7,0.3,2.3,2.3
504,Jeremiah Burke,DEN,16,32.6,13.8,5.3,12.3,0.429,2.4,6.2,0.394,0.8,1.1,0.722,1.3,4.6,5.8,1.4,0.4,0.3,1.8,2.2
505,Triston Wilson,PRSBY,16,33.2,13.8,4.4,9,0.486,0.6,2.1,0.294,4.4,5.4,0.814,0.8,2.5,3.3,3.6,1.3,0.1,3.3,3.2
506,"Melvin Council, Jr.",KU,18,35.6,13.7,5.4,12.8,0.426,0.9,3.2,0.298,1.9,2.4,0.791,0.8,4.5,5.3,5.2,1.2,0.2,2.1,1.6
507,Elijah Mahi,SCU,18,28.9,13.7,5.1,11.2,0.458,1.3,4.3,0.312,2.2,2.7,0.813,1.1,3.2,4.3,2.8,1.7,0.3,1.6,1.4
508,Elijah Davis,MORST,14,36.7,13.7,4.6,11.1,0.417,0.1,1.1,0.133,4.3,6.1,0.698,0.9,2.6,3.4,6.5,0.8,0.3,2.9,2.4
509,Dezayne Mingo,CHAR,17,26.2,13.7,4.4,9.4,0.465,1.7,4.4,0.392,3.3,4.3,0.767,0.5,2.6,3.1,5,0.8,0,2.3,2.1
510,Fred King,MRRY,20,25.7,13.7,5.6,9,0.62,0.2,0.4,0.571,2.4,3.8,0.64,3.8,4.7,8.5,0.7,0.8,2.1,2,2.8
511,Justice Shoats,SIENA,20,36.2,13.7,5.7,12.2,0.467,0.5,1.4,0.37,1.8,2.5,0.735,0.2,2.6,2.8,4.4,1.3,0.2,2.4,2.1
512,"DeAndre Craig, Jr.",IPFW,20,29.8,13.7,4.2,10.3,0.408,1.8,4.2,0.434,3.5,4.5,0.787,0.7,2.6,3.2,2.7,1.2,0.1,1.7,1.9
513,Jaylen Crocker-Johnson,MINN,13,32.4,13.7,5,12.1,0.414,2,6.5,0.306,1.7,2.6,0.647,1.5,4.4,5.8,2.1,0.8,0.9,1.8,3.1
514,Tim Rudovskii,BRYNT,16,31.7,13.7,4.1,10.4,0.398,2.3,6.5,0.356,3.1,3.7,0.847,0.7,4,4.7,1.5,0.6,0.9,2.6,2.8
515,Jordan Watford,QUC,18,20.3,13.7,4.4,7.1,0.617,0.3,0.8,0.333,4.6,5.8,0.79,0.9,2.1,3,3.5,0.9,0.1,1.3,2.7
516,Malachi Brown,GAST,18,32.4,13.7,4.7,11.2,0.423,2.3,5.7,0.408,1.9,2.5,0.756,0.8,3.6,4.4,3.1,1.1,0,2,1.4
517,Kanon Catchings,UGA,18,25.3,13.7,4.8,10.6,0.458,2.7,6,0.454,1.3,2.1,0.622,1.3,3.4,4.7,1.1,0.8,0.2,1.1,1.7
518,Bryson Cokley,ELON,18,30.2,13.7,4.6,10.1,0.453,2.3,5.2,0.436,2.3,2.9,0.788,0.7,3.1,3.8,1.6,0.8,0.2,1,2.3
519,Hayden Wood,JAC,18,29.4,13.7,4.6,10.3,0.441,2,5.3,0.375,2.6,3.4,0.742,0.8,2,2.8,1.4,0.6,0.7,0.7,2
520,Kolton Mitchell,IDAHO,15,32.7,13.7,4.3,10.7,0.404,2.3,6.2,0.366,2.7,3.5,0.788,0.3,2.8,3.1,4,1.5,0,2.1,1.6
521,Torey Alston,MTSU,20,30.8,13.7,4.7,8.5,0.55,0.1,0.7,0.154,4.3,6.8,0.63,1.9,5.8,7.6,1.6,0.4,1.1,2.1,2.6
522,Mikale Stevenson,IPFW,20,31.1,13.7,4.8,11.6,0.409,1.8,5,0.36,2.4,3.2,0.746,0.3,3.5,3.8,3.3,1.6,0.1,2.2,1.9
523,Budd Clark,SETON,20,31.6,13.7,5.2,11.7,0.444,0.3,1.1,0.238,3,3.9,0.779,0.7,2.5,3.2,4.3,2,0.1,2.6,3
524,Xavier Abreu,NEU,17,23.5,13.6,5.2,11.4,0.459,0.9,3.4,0.259,2.3,2.9,0.78,1,2.1,3.1,1,0.6,0.1,1.2,2
525,"KJ Evans, Jr.",OREG,19,32.7,13.6,4.2,10,0.421,1.1,3.6,0.29,4.2,5.3,0.79,2.2,5.2,7.3,1.6,1.1,1.5,1.9,2.1
526,Kareem Rozier,WIN,16,30.4,13.6,4.5,11.8,0.381,2.8,7.6,0.361,1.9,2.5,0.75,0.3,2.1,2.4,2.9,1.4,0,0.9,2.3
527,Armani Mighty,MER,18,32.5,13.6,5.2,8.4,0.618,0,0,0,3.2,5.8,0.543,4.7,7.2,11.9,1.1,0.4,1.7,1.5,1.9
528,Jayden Stone,MZZOU,18,31.9,13.6,4.3,9.7,0.446,2,5.4,0.371,2.9,3.7,0.803,0.9,4.2,5.1,1.7,0.9,0.3,0.9,1.6
529,Zyree Collins,APSU,18,32,13.6,4.5,10.3,0.435,1,2.8,0.36,3.6,4.5,0.802,1.4,1.7,3.1,4.2,2.4,0,2.4,3.1
530,Jusaun Holt,UTECH,18,35.1,13.6,4.1,10.8,0.376,1.9,4.8,0.395,3.6,4.2,0.855,1.1,3.5,4.6,3.8,0.8,0.8,2.8,2
531,"Tarris Reed, Jr.",UConn,20,26.8,13.6,5.8,9.1,0.635,0,0.1,0,2.1,4,0.532,3,5.2,8.2,2.3,1,2.1,2.1,3.2
532,Solo Ball,UConn,19,30.2,13.6,4.4,10.8,0.403,2.2,6.9,0.321,2.6,3.1,0.847,1,2.4,3.4,1.7,0.3,0.3,1.2,1.8
533,T.J. Biel,MAINE,14,34.9,13.6,5.1,11.1,0.465,1.5,4.4,0.344,1.8,2.7,0.658,0.6,3.3,3.9,1.9,0.6,1.1,0.7,2.1
534,Elijah Jamison,NORF,14,26.7,13.6,4.4,10.2,0.427,0.7,2.9,0.244,4.1,5.1,0.817,0.8,2.8,3.6,3,0.7,0,2.1,1.6
535,Jesse Hafemeister,CHASO,16,32.3,13.6,4.7,10.9,0.429,2.5,6.6,0.377,1.7,2.3,0.73,1.6,4.3,5.8,1.3,0.7,0.1,1.9,2.4
536,Gabe Warren,HC,18,32.7,13.6,4.6,9.3,0.497,0.8,2.6,0.304,3.6,4.7,0.762,0.9,4.2,5.1,1.5,0.9,0.3,1.4,1.4
537,Ja'Mier Jones,PROV,18,29.9,13.6,4.7,8.8,0.538,0.4,1.3,0.348,3.7,5.6,0.66,1.4,3.9,5.3,1.3,1.1,0.3,2.3,2.4
538,Darrion Williams,NCST,18,30.1,13.6,4.8,12.9,0.373,2.5,6.7,0.375,1.4,1.8,0.758,0.7,3.7,4.4,2.4,1.5,0.4,1.7,2.3
539,Isaac Johnson,HAW,20,20.9,13.6,4.5,9.3,0.484,1.2,3.8,0.32,3.4,4,0.848,1.8,3.5,5.2,1.1,0.6,1,2.2,2.8
540,Malik Mack,GTOWN,20,32.5,13.6,4.6,11.8,0.39,1.5,5.4,0.28,2.9,3.6,0.803,0.3,2.2,2.5,4,0.9,0.2,1.9,1.8
541,Ponce James,DESU,11,32.7,13.5,4.5,12.5,0.355,1.6,5.2,0.316,3,3.3,0.917,1,2,3,2.8,1.6,0,1.8,1.6
542,Trent Perry,UCLA,19,32.9,13.5,4,9.3,0.429,1.5,3.6,0.42,4,4.3,0.927,1,2.5,3.5,2.6,1.3,0.1,1.3,1.6
543,Allen Graves,SCU,18,21.3,13.5,4.7,8.1,0.575,1.1,2.7,0.417,3.1,3.9,0.786,3,3.6,6.6,1.6,2,0.8,0.5,2.9
544,Marcus Wilson,UCD,20,27.2,13.5,4.5,10.8,0.417,1.1,3.1,0.355,3.4,4.4,0.782,0.4,2.9,3.2,4.4,1.2,0.2,2.4,2.4
545,Marcus Kell,WCU,18,30.8,13.5,4.7,10.5,0.45,1.4,4.7,0.31,2.6,3.7,0.701,1.1,3.7,4.8,1.1,0.6,0.1,0.9,1.1
546,Roberts Blums,DAV,16,24.8,13.5,4.8,10.3,0.461,2.8,6.7,0.421,1.2,2.2,0.543,0.9,3.2,4.1,1.1,0.6,0,1,1.4
547,Biko Johnson,IDAHO,18,28,13.5,4.2,11.1,0.382,1.9,5.6,0.347,3.1,4.4,0.7,1.1,2.8,3.9,2,0.9,0,1.7,3
548,Kaden Metheny,LBRTY,20,35.8,13.5,4.8,10.3,0.461,3.3,8,0.415,0.7,0.9,0.765,0.2,3.3,3.4,3.2,0.9,0,1.6,0.8
549,Quadir Copeland,NCST,18,29.6,13.4,4.3,9.8,0.441,0.6,1.8,0.303,4.2,5.4,0.776,0.7,2.7,3.4,7.2,2.1,0.1,2.9,3.2
550,Madden Collins,AMERU,18,22.6,13.4,5.1,9.7,0.526,0.4,2.1,0.216,2.8,3.8,0.735,2.1,2.8,4.9,2.3,0.8,0.5,1.8,2.8
551,Jaden Bradley,ARZ,18,32,13.4,4.6,10.8,0.426,0.6,1.9,0.294,3.7,4.7,0.776,0.4,2.9,3.3,4.6,1.4,0,1.9,2.1
552,Andrew Phillips,LAFAY,18,33.4,13.4,4.8,12.4,0.39,1.8,6.6,0.271,2,2.9,0.692,1.5,2.9,4.4,1.6,1.5,0.2,1.2,1.8
553,Zaire Williams,MER,18,30.4,13.4,4.6,10.1,0.451,2.3,6.1,0.385,2,2.3,0.857,0.8,2.1,2.9,1.8,1.5,0.1,1.6,2.9
554,Roderick Coffee III,GRAMB,16,35.8,13.4,4.3,10.8,0.393,1.6,5.1,0.321,3.3,4.2,0.791,1.6,3.8,5.3,4.3,1.8,0.1,2.5,2.3
555,Micah Tucker,GAST,17,32.8,13.4,4.4,10.2,0.431,1.4,3.5,0.383,3.2,4,0.809,0.5,1.8,2.4,3.5,0.7,0.1,2,2.1
556,Trey Kaufman-Renn,PURD,20,28.6,13.4,5.6,10.2,0.552,0,0.5,0,2.2,3.6,0.62,2.7,5.5,8.2,3,0.3,0.2,1.6,2.3
557,Langston Reynolds,MINN,20,36.3,13.4,5,9.3,0.538,0.5,1.8,0.278,2.9,4.2,0.69,0.5,3.7,4.2,5.2,0.9,0.2,2.5,2.3
558,Joshua Ward,CSFUL,20,31.7,13.4,4.6,10.5,0.433,1.2,4,0.288,3.2,4.3,0.733,0.7,3.4,4.1,3.6,1.6,0.6,2.1,2.3
559,Terrance Jones,MAN,20,30,13.4,4.7,11.5,0.404,1.5,4.5,0.322,2.7,2.9,0.914,1,4.3,5.3,1.7,1.7,0.1,1,1.6
560,Koa Peat,ARZ,15,27.7,13.4,5.5,10.3,0.535,0.3,0.7,0.455,2,3.5,0.566,1.9,3.2,5.1,2.6,0.7,0.9,1.4,1.8
561,Michael Eley,HMPTN,10,18.1,13.4,4.8,10.4,0.462,1.3,4.5,0.289,2.5,2.6,0.962,0.5,2.8,3.3,0.7,0.7,0.1,0.8,2.5
562,Qadir Martin,MC,18,32.2,13.4,5.7,9.4,0.609,0,0.1,0,1.9,3,0.648,2.4,4.6,7,1.2,0.7,2.4,1.1,2.9
563,Joshua Dent,STMRY,18,37.3,13.4,4.5,9.7,0.466,2.2,4.8,0.46,2.2,2.4,0.886,0.3,2.1,2.4,6.2,1.8,0.1,2,1.9
564,Malachi Davis,LIU,18,31.4,13.4,5.1,12.8,0.396,1.3,3.9,0.343,1.9,3.3,0.583,0.9,2.8,3.7,3.4,1.1,0.2,2.7,1.9
565,Kareem Thomas,DART,13,30.1,13.4,3.6,9.9,0.364,1.6,4.5,0.362,4.5,5.5,0.819,0.2,3,3.2,1,0.4,0.2,2,2.8
566,Jah'likai King,UMBC,16,31.5,13.4,4.3,10.3,0.412,1.4,4.1,0.333,3.5,4.1,0.848,0.3,2.6,2.9,1.2,0.8,0.2,1.1,1.3
567,Damari Wheeler-Thomas,NDSU,14,30.3,13.4,4.4,11.3,0.392,2.2,6.4,0.344,2.3,3,0.762,1.3,2.9,4.1,2.3,0.9,0,1.4,2.4
568,Grant Newell,WKU,20,28.1,13.4,4.3,11,0.393,1.9,5.4,0.343,2.9,3.9,0.753,1.4,3.5,4.8,1.2,0.5,0.6,0.6,2
569,Dylan Andrews,BOISE,20,29.4,13.4,3.8,9.3,0.411,1.5,4.8,0.313,4.3,4.7,0.904,0.2,2,2.2,2.7,0.5,0.1,1.7,1
570,C.J. Shaw,UCSB,20,32.4,13.4,4,8.2,0.485,1.5,3.6,0.408,4,4.7,0.851,0.5,1.5,1.9,2.3,1,0.1,2.2,2.1
571,Ryan Curry,USMA,18,34.3,13.3,4.6,11.1,0.415,2.4,7,0.349,1.7,2.3,0.714,0.4,3.1,3.4,4.3,1.2,0.2,2.1,2.6
572,Viljami Vartiainen,WEBER,18,31.7,13.3,4.6,9.2,0.494,3,6.5,0.462,1.2,1.5,0.815,0.2,3.1,3.3,0.7,0.7,0.1,0.6,2.1
573,Elijah Tucker,LONG,16,28.9,13.3,5.1,9,0.569,0.1,0.1,0.5,3,4.3,0.706,3.1,5.1,8.3,1.2,0.8,0.6,2.4,3.3
574,Xavier Spencer,UML,16,35.9,13.3,4.9,10.8,0.451,1.8,4.6,0.397,1.8,2.3,0.757,0.9,3.7,4.6,2.6,1.2,0.1,1.6,2.6
575,Baba Miller,CINCY,18,33.3,13.3,4.8,9.3,0.515,0.4,1.9,0.235,3.3,4.7,0.702,2.1,7.2,9.3,4.2,0.6,0.9,2.2,2.3
576,Trenten Mosquera,MOYNE,18,31.9,13.3,4.7,11.2,0.416,2.2,6.5,0.333,1.8,2.7,0.667,0.8,5.1,5.9,2.3,1.3,0.8,1.9,2.8
577,Greg Jones,AMERU,18,31.2,13.3,4.2,9.5,0.444,1.1,3.5,0.302,3.8,4.8,0.782,1.8,3.9,5.7,1.9,0.8,0,1.1,2.8
578,Chance Trujillo,UTECH,18,33,13.3,4.6,10.7,0.43,2.5,6.3,0.395,1.6,2,0.778,0.6,2.4,3.1,2.8,0.9,0.3,1.6,2.4
579,T.J. Wainwright,PACI,18,32.8,13.3,4.4,10.6,0.414,2.3,5.5,0.424,2.2,2.4,0.907,0.4,3.5,3.9,1.6,0.8,0,1.4,2.1
580,Jordan Pope,TEXAS,18,28.4,13.3,4,10.2,0.391,2.1,5.9,0.358,3.2,3.7,0.851,0.6,1.6,2.2,1.2,0.6,0.1,0.9,2.4
581,Zion Russell,STFPA,15,27.8,13.3,4.4,8.8,0.5,2.1,4.3,0.484,2.4,3.5,0.692,0.5,3.3,3.8,2.8,1.9,0,1.7,3.5
582,Jalik Dunkley-Distant,NICH,19,29.2,13.3,4.7,8.2,0.577,0.5,1.4,0.385,3.3,6,0.544,2.5,4.4,6.9,0.9,0.8,0.7,1.7,1.7
583,Andrija Bukumirovic,UTM,20,29.6,13.3,4.9,10,0.492,1.3,4,0.329,2.2,3.8,0.573,2,5.3,7.2,1.1,1.3,0.9,1.4,2
584,David Mirkovic,ILL,20,30.2,13.3,4.6,9.7,0.472,1.8,4.4,0.402,2.4,3.1,0.787,2.2,5.2,7.3,2.4,0.4,0.3,1.8,2.3
585,Trey Campbell,UNI,20,33.8,13.3,5,11.1,0.448,1.5,5,0.3,1.9,2.2,0.86,0.7,3,3.7,4.1,1.2,0.2,2.1,1.6
586,Isaac Garrett,OAKL,16,27.2,13.3,4.9,9.3,0.523,0.3,0.7,0.364,3.3,3.9,0.825,2.3,5.3,7.6,2.1,1,1,1.8,2.8
587,Cayden Ward,POLY,20,30.1,13.3,4.3,10.3,0.42,1.6,5.4,0.29,3.1,4.2,0.747,2.2,4.7,6.8,1.9,1.1,0.2,3,2.7
588,Alex Huibregtse,BRDLY,20,31.3,13.3,4.5,9.9,0.449,3,6.6,0.455,1.4,1.7,0.794,0.4,2.7,3.1,1.8,0.5,0.3,0.9,1.5
589,Davian Brown,MTSTU,8,26.4,13.3,4,8.8,0.457,2.4,5.3,0.452,2.9,3.3,0.885,0.6,2.4,3,2.3,0.8,0,1,1.5
590,Tyrin Jones,UNLV,17,28,13.2,5.2,8.6,0.603,0.1,0.3,0.2,2.8,5.4,0.522,1.2,3.1,4.3,1,1.1,2,1.1,1.8
591,Isaiah Elohim,FAU,17,29.3,13.2,4.9,10.1,0.485,1.1,3.4,0.328,2.4,3.4,0.702,1.1,3.5,4.6,1.1,0.5,0.4,0.9,2.4
592,Sincere Parker,MEMP,17,20.2,13.2,4.6,10.4,0.449,1.2,3,0.392,2.8,3.4,0.825,0.6,3.1,3.6,1.2,0.6,0.5,1,2.3
593,Djahi Binet,SOMIS,18,29.6,13.2,4.9,7.8,0.636,0.2,0.4,0.375,3.2,4.4,0.722,3.7,6.3,9.9,0.9,0.9,1.4,1.3,2.6
594,Austin Swartz,CREI,19,24,13.2,5.1,10.6,0.475,2.4,6,0.404,0.7,1,0.684,0.3,2.7,3,1.5,0.6,0.1,1.1,1.5
595,Flory Bidunga,KU,18,32.8,13.2,5.7,8.6,0.662,0,0.1,0,1.8,2.9,0.635,3.1,5.9,8.9,1.5,0.8,3,1.3,2.2
596,Jaxon Olvera,LA,18,28.6,13.2,5.1,13.1,0.386,1.7,5.2,0.333,1.3,2,0.667,1.2,2.8,4,1.9,0.7,0.1,2.2,1.9
597,Ezra Ausar,USC,20,31.2,13.2,4.4,8.4,0.521,0,0.1,0,4.5,6.4,0.695,2.9,4.1,7,1.6,1,0.6,2.1,3.5
598,Yann Farell,HEART,20,31.9,13.2,3.9,8.6,0.456,2.1,5.1,0.406,3.3,3.8,0.868,1.6,3.7,5.3,1.2,0.5,0.5,1.2,2.4
599,Fletcher Loyer,PURD,20,29.8,13.2,4,9.2,0.432,2.7,6.4,0.417,2.6,3,0.867,0.3,2.3,2.5,2.1,0.6,0,0.8,1.1
600,Connor Dow,ORU,16,34.3,13.1,4.4,10.7,0.415,2.4,7.6,0.314,1.9,2.2,0.857,0.8,3.6,4.4,1.9,1,0.3,1.9,1.6
601,David Punch,TCU,17,29.5,13.1,5.1,10.6,0.475,0.2,1.3,0.182,2.8,4.8,0.573,1.9,3.8,5.8,2.2,1.4,1.6,1.8,3.1
602,DeShayne Montgomery,DAY,17,31.1,13.1,4.9,10.6,0.464,1.4,4.6,0.304,1.8,2.4,0.775,0.8,2.9,3.7,2.2,2.1,0.6,2.2,2.2
603,Makhai Valentine,NIU,17,33.6,13.1,4.1,10.3,0.394,2.5,7,0.353,2.5,3.3,0.768,1.4,3.5,4.9,1.1,0.6,0.2,1.1,1.4
604,Cam Corhen,PITT,18,34.3,13.1,5.2,9.9,0.528,0.4,1.2,0.381,2.2,3.3,0.678,1.7,3.8,5.5,2,1.1,0.3,1.8,2.8
605,Jayden Brewer,WMY,18,25.3,13.1,4.6,10.5,0.434,0.4,1.3,0.304,3.6,5.4,0.67,1.4,5.4,6.9,1.2,0.8,1,1.7,1.9
606,Jamil Muttilib,GRAMB,18,28.2,13.1,4.4,10.3,0.43,1.4,5.3,0.271,2.8,3.3,0.833,1.3,2.6,3.9,0.6,1.3,0.6,1.2,2.2
607,Christian King,MTSTU,18,29.1,13.1,4.3,11.2,0.388,2.1,5.9,0.349,2.4,2.9,0.811,1.1,3.6,4.7,0.9,0.9,0.2,1.9,1.4
608,Will Hornseth,UNI,19,26.7,13.1,5.6,8.8,0.637,0.2,0.4,0.571,1.6,2.8,0.574,1.4,3.6,4.9,2.4,0.6,0.6,1.7,1.5
609,C.J. Anthony,IONA,20,32.6,13.1,4.4,10.4,0.425,1.8,4.9,0.361,2.6,3.4,0.761,0.4,2.7,3.1,5.4,1.6,0.1,3,2.1
610,Malik Messina-Moore,XAV,20,35.4,13.1,4.4,10.6,0.41,1.9,5.5,0.349,2.5,3,0.833,0.6,2.4,2.9,3.7,1.2,0.2,1.8,2.4
611,Marcus Tankersley,CHIST,16,29.8,13.1,4.8,10.1,0.478,0.3,1.1,0.294,3.1,4.8,0.658,0.3,2.6,2.9,2.9,0.6,0.1,1.6,1.4
612,Amani Hansberry,VT,18,30.6,13.1,4.7,9.8,0.477,1.3,3.2,0.404,2.4,3.2,0.772,2.7,3.9,6.7,1.8,1.3,0.6,2.6,3
613,Micah Simpson,ALAST,18,32.2,13.1,4.4,13.1,0.34,2.2,6.9,0.315,2,2.6,0.766,0.7,3.6,4.2,4.2,1.5,0.2,2.7,1.9
614,Anthony Johnson,ASU,18,26.8,13.1,4.4,10.2,0.432,0.9,2.7,0.327,3.4,4.3,0.782,0.7,2.8,3.4,1.8,1.4,0.4,2.1,1.6
615,Mikey Lewis,STMRY,18,26.1,13.1,4.4,11,0.399,1.9,5.6,0.35,2.3,2.8,0.824,0.4,1.8,2.3,1.7,0.9,0.3,1.2,1.3
616,Justin Menard,MRST,20,30.1,13.1,4.6,10.8,0.423,1.7,5.3,0.321,2.3,2.5,0.9,0.2,2.4,2.6,3.7,0.9,0.1,2.1,1.9
617,Ice Emery,CLEST,20,22.9,13.1,4.2,9.4,0.441,1.5,4.2,0.349,3.3,4.2,0.795,0.1,1.1,1.2,2.1,0.4,0.3,2.1,2.4
618,Braden East,LAMAR,21,25.9,13,5.3,9.9,0.536,0.2,0.7,0.333,2.2,3.2,0.701,2.9,6.8,9.7,0.8,0.5,1.1,1.6,2.4
619,Cayden Vasko,WOFF,18,34.5,13,4.3,9.5,0.456,2.2,5.7,0.392,2.1,2.6,0.809,1,4.3,5.3,4.1,1.1,0.3,1.3,2.3
620,Greg Gordon,LIU,18,34.2,13,6,10.1,0.593,0.1,0.7,0.083,0.9,2.6,0.37,2.2,3.9,6.1,2.8,1.6,1,2.1,1.8
621,Montavious Myrick,EKU,18,30.6,13,4.6,7.5,0.607,0,0,0,3.9,6.2,0.625,2.7,3.7,6.4,1.1,0.6,0.8,1.2,3.1
622,Zion Obanla,UMES,14,25.9,13,5,8.2,0.609,0.1,0.1,0.5,2.9,3.8,0.774,2.4,4.7,7.1,1.1,0.9,0.4,1.9,2.9
623,Jailen Bedford,VT,18,28.3,13,4.7,11.8,0.396,2.1,5.7,0.369,1.6,2.2,0.718,1.1,2.2,3.3,1.6,0.6,0.1,0.9,2.1
624,Dorian McMillian,JKSN,13,30.5,13,4.2,9.6,0.432,2.5,5.9,0.416,2.2,2.8,0.806,0.7,3.7,4.4,0.9,0.9,0.2,2,1.9
625,Ruot Bijiek,BUCK,4,29.5,13,4,11.3,0.356,1.5,6.8,0.222,3.5,3.8,0.933,2.3,4.5,6.8,0.8,0.3,1,2,2.5
626,Nassim Mashhour,OAKL,1,22,13,4,10,0.4,3,7,0.429,2,2,1,3,4,7,2,1,0,0,4
627,Hudson Ward,WMY,1,23,13,5,7,0.714,3,5,0.6,0,0,0,1,1,2,2,0,0,0,1
628,J.T. Pettigrew,VAL,20,29.1,13,4,10.3,0.383,0.8,2.4,0.313,4.3,5.5,0.789,2.4,4.7,7.1,1.9,1.2,0.6,2.3,3
629,"Zawdie Jackson, Jr.",FIU,20,30.6,13,3.7,8,0.463,0.9,2.3,0.37,4.7,5.4,0.87,0.6,2,2.5,2.8,1.2,0.1,1.5,1.8
630,Marcus Millender,UGA,18,29.1,12.9,4.3,8.9,0.478,2.1,4.8,0.43,2.3,2.8,0.84,0.6,2.1,2.7,3.9,0.6,0,1.6,2.1
631,Jordan Burks,UCF,18,29.8,12.9,4.3,9.9,0.436,1.8,4.9,0.375,2.4,3.3,0.733,1.2,3.6,4.8,0.6,1.3,0.4,1,1.6
632,Tyler Shirley,FAMU,18,30,12.9,4.7,10.3,0.459,0.8,2.6,0.326,2.7,3.2,0.828,1.3,3.9,5.2,2,1.1,0.4,2.7,3.1
633,Kayden Mingo,PENST,16,33.3,12.9,4.8,10.5,0.452,0.7,2.9,0.239,2.8,3.9,0.698,0.5,2.6,3.1,4.3,1.9,0.3,2.3,2.2
634,Mekhi Gray,MAINE,12,29.4,12.9,4.4,7.9,0.558,0.8,2.5,0.3,3.3,4.8,0.69,0.5,3.4,3.9,1.9,1.3,0.3,2,2.3
635,Acaden Lewis,VILL,20,32.2,12.9,5.2,11.1,0.464,0.9,3,0.288,1.8,3.2,0.556,0.2,2.7,2.9,5.4,2.3,0.2,2.5,2.3
636,Jaxson Bell,USMA,18,27.7,12.9,4.1,9.7,0.417,1.7,5.1,0.33,3.1,3.7,0.848,1.6,3.9,5.4,2.2,1.1,0.2,2.2,2.3
637,Andrej Stojakovic,ILL,18,26.6,12.9,4.3,9.2,0.464,0.5,2.4,0.205,3.8,4.3,0.885,1.4,3.8,5.2,0.9,0.3,0.3,1.2,1.2
638,Paul McNeil,NCST,18,30,12.9,3.8,9,0.42,2.9,6.9,0.416,2.4,3,0.815,0.7,2.3,3,0.7,0.6,0.6,0.5,1.7
639,Amari Allen,UA,16,29.7,12.9,4.1,8.9,0.462,1.9,4.8,0.395,2.8,3.4,0.8,1.6,5.3,6.9,2.9,1.1,0.6,1.6,3.4
640,Brandon Mitchell-Day,DART,14,28.4,12.9,4.4,8.9,0.488,0.8,2.4,0.333,3.4,4.4,0.758,1.7,7.4,9.1,1.6,0.4,0.8,2.2,2.6
641,Karmello Branch,UMKC,14,30.9,12.9,4.5,11.2,0.401,2.4,7.1,0.333,1.5,1.8,0.84,1,1.6,2.6,1.4,0.4,0.1,1.4,1.6
642,Marcus Hall,UWGB,20,34.7,12.9,4.1,8.6,0.471,2,4.7,0.415,2.8,3.6,0.778,0.7,4.8,5.5,2.5,0.4,0.3,1.4,1.7
643,C.J. Gunn,DEP,20,28.4,12.9,4.8,12.4,0.385,1.9,5.9,0.316,1.5,2.2,0.682,1.3,2.7,3.9,2.1,1.2,0.7,2.3,3.1
644,Tomislav Buljan,UNM,19,26.4,12.8,4.9,9.4,0.522,0.1,0.6,0.182,2.9,5.2,0.571,4.6,6.4,10.9,1.3,1.2,0.5,1.8,2.1
645,Connor Sevilla,UCD,19,31.6,12.8,3.6,9.2,0.394,2.1,5.3,0.386,3.5,4,0.882,0.2,1.3,1.4,0.8,0.8,0.1,1.4,1.7
646,Phat Phat Brooks,CMU,18,30.1,12.8,4.4,9.8,0.446,0.3,1.3,0.261,3.7,5.3,0.705,1,2.3,3.3,4.4,1.3,0.3,2.6,2.6
647,Daniel Rouzan,BTHCK,18,24.6,12.8,5.1,9.6,0.535,0.3,0.8,0.333,2.3,3.4,0.689,1.9,3.8,5.7,1.3,0.3,0.7,1.7,2.8
648,Nate Kingz,SYRA,18,31.4,12.8,4.5,8.9,0.506,2.3,5.6,0.406,1.6,2.4,0.651,0.8,2,2.8,1.3,0.8,0.6,0.8,2.4
649,Tyler Nickel,VANDY,18,31.2,12.8,4.3,10.5,0.413,2.6,7.5,0.341,1.6,1.8,0.879,0.4,2.6,3,1.1,0.7,0.6,0.8,1.4
650,Kael Robinson,NKU,17,25.2,12.8,4.3,10.5,0.408,1.8,5.8,0.306,2.5,2.9,0.84,1.3,3.1,4.4,1.4,0.6,0.3,1.5,2.2
651,Patrick McMahon,MTSTU,16,30.1,12.8,4.4,10.1,0.441,0.2,1.7,0.111,3.8,5,0.75,0.7,3.7,4.4,1.7,0.8,0.2,1.6,1.7
652,Amar Augillard,UWM,20,20.9,12.8,4.3,10.2,0.422,1.6,5.1,0.314,2.6,3,0.867,0.6,2,2.6,1.1,0.8,0.3,1.9,2.2
653,Braylon Mullins,UConn,19,29.6,12.8,4.6,10.6,0.436,2.6,7,0.376,0.9,1.1,0.85,0.8,2.7,3.5,1.4,1.3,0.8,1.2,3
654,T.K. Simpkins,OREG,19,33.1,12.8,4.2,10.2,0.409,1.3,3.9,0.32,3.2,3.6,0.884,0.5,2.8,3.3,2.4,0.9,0.1,1.9,1.7
655,Tyler King,SIUE,19,26.5,12.8,4.7,10.3,0.456,1.8,4.8,0.385,1.6,2.6,0.6,0.7,2.5,3.2,1.2,0.9,0.2,1.2,1.9
656,Robbie Avila,STLOU,18,26.7,12.8,4.1,8.3,0.497,1.9,4.7,0.4,2.7,3.3,0.8,0.7,3.9,4.6,4.4,0.8,0.6,1.7,1.8
657,Tamin Lipsey,IWAST,18,32.1,12.8,4.6,10.4,0.441,1.1,3.9,0.286,2.4,3.8,0.638,1.4,2.9,4.3,4.5,2,0,1.8,2.1
658,John Camden,Cal,18,32.4,12.8,3.9,9.3,0.423,2.3,6.4,0.365,2.6,3.3,0.78,0.7,4.1,4.8,1.5,0.8,0.1,1.1,2.9
659,Jaylon Johnson,RADF,13,32.5,12.8,3.8,9.5,0.403,2.3,6.9,0.333,2.8,3.6,0.766,0.9,2.4,3.3,3.1,1.7,0.2,1.7,1.4
660,Josh Dix,CREI,20,33.5,12.8,4.8,11.3,0.42,1.9,6,0.319,1.4,1.7,0.818,0.5,3.5,3.9,2,0.9,0.2,1.3,1.4
661,Trevon Brazile,ARK,18,34.1,12.7,4.6,8.7,0.529,1.2,3.7,0.313,2.3,3.4,0.689,1.4,5.8,7.2,1.9,1.6,1.7,1.1,2.2
662,Cory Wells,PVAMU,18,33.9,12.7,4.3,11.8,0.366,1.2,3.4,0.361,2.8,4.1,0.699,1.4,6,7.4,2.3,1.2,1.1,2.2,3.5
663,Alex Mirhosseini,UAPB,18,32.7,12.7,4.1,10.2,0.399,2.8,7.3,0.389,1.8,2.3,0.78,0.3,1.7,2.1,2.9,1.8,0.2,1.2,3
664,Connor Hollenbeck,IDHST,18,28.5,12.7,4,8.3,0.48,0.9,3.1,0.286,3.8,4.7,0.812,1.6,2.7,4.3,1.2,1,0.3,2,2.5
665,Theo Seng,TROY,14,27.5,12.7,4.7,9.1,0.516,1.1,3.1,0.364,2.1,2.6,0.811,1.1,4.8,5.9,0.9,0.6,0.1,1.1,1.5
666,Ismail Habib,USI,17,31.9,12.7,4.2,11.5,0.364,1.8,5.9,0.297,2.6,3.8,0.677,0.6,2.4,3,2.6,0.5,0,2.4,1.3
667,Mahmoud Fofana,CSUN,20,30.7,12.7,5.4,8.2,0.652,0,0.1,0,2,3.3,0.606,3.1,5.6,8.7,1.6,1,1,0.9,3.1
668,Tre Beard,CLEST,20,31.4,12.7,3.9,9.4,0.415,3,7.3,0.411,1.9,2.1,0.905,0.8,2.7,3.5,3.3,1.1,0.1,1,2.1
669,Leif Moeller,UE,20,33.7,12.7,4.2,9.9,0.424,1.7,4.1,0.407,2.7,3.3,0.815,0.5,3.9,4.4,4.1,1,0.5,2.9,1.8
670,Kimani Hamilton,UNLV,20,30,12.7,4.3,8.6,0.5,1.2,2.9,0.404,3,3.8,0.787,1.7,3,4.7,2.1,0.8,0.4,1.4,3.6
671,Austin Green,UML,10,31.5,12.7,4.4,8.1,0.543,0,0.1,0,3.9,5.4,0.722,3.4,5.3,8.7,1.2,0.2,0.7,1.1,1.8
672,Demariontay Hall,COPST,10,21.8,12.7,4.8,8.3,0.578,0,0.1,0,3.1,6.6,0.47,1.7,3.3,5,0.2,0.6,1.1,2,3.3
673,Luke Skaljac,MIAMI,16,30.8,12.7,4.8,9.8,0.487,1.3,4.3,0.304,1.9,2.4,0.769,0.4,2.5,2.9,4.8,1.4,0.3,2.2,1.4
674,Treyson Anderson,NDSU,16,20.4,12.7,4.1,8.3,0.5,1.4,3.6,0.397,3,4,0.75,1.8,3.9,5.6,0.8,0.1,1.1,1.2,1.8
675,Nate Johnson,KSU,18,34,12.7,4.1,10.2,0.404,1.8,4.9,0.36,2.7,3.1,0.873,0.7,4.1,4.7,5.1,2.3,0.2,2.9,2.3
676,Billy Richmond III,ARK,18,28.9,12.7,5.4,9.4,0.574,0.2,1.3,0.174,1.7,2,0.833,1.3,2.8,4.1,2.2,1.3,1.1,1.2,2.6
677,"Barry Dunning, Jr.",PITT,18,34.6,12.7,4.7,10.8,0.436,1.6,5.4,0.299,1.6,2.6,0.63,2.1,4.5,6.6,0.9,0.8,0.6,1.2,1.8
678,Noah Bolanga,UTECH,18,33.9,12.7,4.6,10.6,0.435,1.9,4.7,0.4,1.6,2.5,0.622,0.9,5.3,6.3,2.1,1.2,0.5,2.3,2.2
679,Te'Jon Sawyer,MONT,18,28.6,12.7,5.2,8.8,0.589,1.3,3.4,0.393,1,1.4,0.692,0.7,4.9,5.6,1.4,0.6,0.3,2.2,2.7
680,Parker Friedrichsen,DAV,18,27.8,12.7,3.8,9.4,0.408,2.5,5.8,0.429,2.5,2.9,0.865,0.6,1.9,2.6,1.3,1.1,0.1,1,1.7
681,Malik Thomas,UVA,18,24,12.7,4.2,10.5,0.402,2.2,6.2,0.36,2,2.7,0.735,0.9,3.7,4.6,1.6,0.4,0.2,1.6,2.5
682,Zach Cleveland,LBRTY,20,35.8,12.7,5.2,8.3,0.627,0,0.1,0,2.3,4,0.57,0.5,5.9,6.4,6.5,1.3,1.3,3.4,2.1
683,Brent Bland,STPC,20,33.4,12.7,3.6,9.9,0.36,2.3,6.7,0.346,3.3,4.2,0.774,1.4,3.9,5.2,1.7,1.7,0.4,1.2,2.8
684,Kachi Nzeh,UALR,20,30.5,12.7,4.7,9.9,0.47,1.9,4.6,0.418,1.5,2.1,0.69,1.5,3.3,4.8,1.4,0.9,0.9,1.7,2.2
685,Kam Sanders,AF,20,29.1,12.7,4.2,10.2,0.414,1.3,3.2,0.391,3,4.4,0.69,0.2,4,4.2,4.1,1,0.1,2.3,1.9
686,Asa Thomas,FRMN,11,30,12.6,3.9,10.5,0.374,2.9,7.7,0.376,1.9,2.5,0.778,0.4,4,4.4,2,0.5,0.6,0.5,1.1
687,Garrett Anderson,UND,13,30.8,12.6,4.4,10.3,0.425,2.4,5.9,0.403,1.5,2.1,0.704,0.2,3.6,3.8,1.2,1.2,0.5,1.3,2.2
688,Jahmere Tripp,URI,13,26.5,12.6,3.9,8.8,0.443,1.5,3.7,0.417,3.2,4.6,0.7,1.6,2.6,4.2,1.2,1.2,0.5,2.1,3.2
689,Christian Reeves,C of C,18,23.5,12.6,5.2,7.7,0.674,0,0,0,2.3,3.7,0.621,3.1,5.7,8.8,0.4,0.3,1.6,1.1,1.9
690,Max Frazier,CCSU,18,30.6,12.6,5.3,7.8,0.681,0,0.1,0,1.9,2.8,0.686,1.7,6.1,7.8,0.9,0.8,1.5,1.6,2.7
691,Daniel Rivera,UAB,18,29.8,12.6,4.9,9.3,0.53,0.1,0.3,0.333,2.6,4.1,0.635,2.3,3.8,6.2,1.2,1.1,1,1.2,2.6
692,Marcell McCreary,UTA,18,30.4,12.6,4,9.4,0.424,1.6,5.2,0.312,3,3.5,0.857,1.6,3.6,5.2,1.6,1.6,0.2,1.8,1.9
693,Jordan Ellerbee,FGCU,18,27.5,12.6,4.6,10,0.456,1.7,4.4,0.388,1.8,2.8,0.64,0.5,2.2,2.7,2,0.8,0.1,1.9,2.7
694,Jaxon Edwards,IUI,20,25.2,12.6,5.1,9.2,0.549,0.4,1.4,0.286,2.1,2.7,0.778,2,4.1,6.1,1.8,1.2,0.8,1.8,3
695,Bryce Hopkins,STJ,20,29.9,12.6,4.3,10.4,0.409,0.5,2,0.256,3.6,5,0.72,2,4.8,6.7,1.6,1.2,0.3,1,1.8
696,Tye Dorset,MERRI,20,38.3,12.6,4.4,9.9,0.447,1.9,5.1,0.363,2,2.7,0.736,0.3,3.1,3.3,2.3,1.9,0.5,1,1.8
697,"D.J. Armstrong, Jr.",UMBC,16,32.6,12.6,4.1,9.1,0.445,2.1,5.7,0.374,2.3,2.4,0.949,0.3,2.9,3.3,1.7,0.9,0.3,0.8,1.6
698,Zamoku Welche-Ume,NC A&T,18,33.4,12.6,4.5,10.5,0.429,1,3.5,0.286,2.6,3.6,0.719,1.8,6.1,7.9,0.7,0.8,0.8,2.1,2.5
699,Declan Wucherpfennig,FAIR,20,31.8,12.6,5,9.1,0.552,0.5,1.5,0.345,2.1,3.2,0.651,2.8,5.6,8.4,1.5,0.8,0.5,1.2,2.2
700,Tyler Spratt,UDM,20,27.5,12.6,4.1,8.7,0.468,2.3,5.2,0.433,2.2,2.8,0.8,1.2,3.1,4.3,2.1,0.8,0.5,1,2.2
701,Brandon Rechsteiner,COLST,20,28.5,12.6,4.4,9.8,0.449,2.5,6.3,0.389,1.3,1.7,0.765,0.6,2.1,2.6,2.5,1,0.1,1.7,1.3
702,Dovydas Butka,CAM,15,33.8,12.5,4.9,10.7,0.456,0.1,0.9,0.154,2.7,4,0.667,3.2,5.7,8.9,2.6,1.6,0,2.2,2.8
703,Jon Carroll,MRHD,20,26.4,12.5,4.7,8,0.581,0,0.1,0,3.2,4.4,0.736,3.4,4.9,8.3,0.9,1,0.4,1.3,3.2
704,Keanu Dawes,U of U,18,31.7,12.5,4.6,9,0.512,1.3,3.4,0.371,2,2.9,0.692,1.7,6.6,8.3,1.7,0.5,0.3,1.7,1.4
705,Josiah Lake II,ORST,18,33.4,12.5,3.8,8.7,0.436,1.4,3.3,0.441,3.5,4.3,0.808,0.3,3.1,3.3,4.4,1.2,0.4,2.1,1.7
706,Mark Lavrenov,CSUS,18,30.2,12.5,3.8,7.8,0.482,0.3,1.2,0.273,4.6,5.4,0.847,2.7,5,7.7,0.7,0.5,0.3,0.9,3.6
707,Jacob Walker,SHSU,20,28.3,12.5,3.8,8.2,0.466,1.1,2.8,0.382,3.9,5,0.778,0.5,1.9,2.4,2.8,0.9,0.1,2.4,2.1
708,Reese Miller,W&M,18,25.3,12.5,4.5,9.8,0.46,1.3,4.4,0.3,2.2,3.2,0.672,0.4,1.8,2.2,2.3,0.6,0.3,1.2,1.1
709,Jalen Smith,RICE,18,33.4,12.5,4.4,11.3,0.392,2.8,7.6,0.365,0.8,1.3,0.625,1.1,1.4,2.5,1.8,1.1,0.2,2.2,1.3
710,Nolan Winter,UWISC,19,32.4,12.5,4.7,8.5,0.556,1.1,3.1,0.356,1.9,2.7,0.706,2.1,5.7,7.8,1.4,0.4,1.1,0.7,1.8
711,Michael Imariagbe,WRST,19,24.3,12.5,4.3,7.4,0.582,0,0,0,3.8,5.3,0.723,2.8,4.2,7.1,2.1,0.7,0.8,1.6,2.8
712,Alex Karaban,UConn,20,33.8,12.5,4.4,9.6,0.458,1.7,4.5,0.378,2,2.3,0.848,1.7,3.7,5.4,2.2,0.9,0.8,1.2,2
713,Peter Bandelj,POLY,20,30.8,12.5,3.6,8.9,0.407,1.9,5.2,0.356,3.4,3.9,0.883,1.1,2.9,3.9,3.2,1.1,0.1,2.4,1.8
714,Arlandus Keyes,MSMU,20,30,12.5,4.4,11,0.402,2.5,7.3,0.342,1.2,1.8,0.657,0.8,2.9,3.7,3.2,2,0.4,2.2,2.8
715,Lajae Jones,FLAST,18,31.6,12.4,4.2,10.1,0.42,1.4,4.6,0.301,2.6,3.4,0.758,1.7,4.9,6.6,1.1,1.1,1.1,0.8,2.6
716,Jordan Pyke,UIW,18,25.4,12.4,4.3,8.6,0.5,0.9,2.2,0.4,3,4.1,0.73,1.5,3.7,5.2,1.3,0.4,0.4,1.3,2.7
717,Chris Bell,Cal,18,28.3,12.4,3.8,9.4,0.406,2.1,5.7,0.359,2.7,3.4,0.803,0.2,2.2,2.4,0.6,0.5,0.4,1.2,1.4
718,Eli King,UND,16,34.6,12.4,4.4,10.9,0.406,1.3,4.4,0.3,2.3,3.2,0.706,1.4,4.4,5.8,2.3,2,0.9,0.8,3.1
719,Blair Thompson,COM,14,33.9,12.4,4.7,9.2,0.512,1.5,4.2,0.356,1.5,2.1,0.7,1.1,3.1,4.1,0.8,0.9,0.5,0.9,2.1
720,Khouri Carvey,NCCU,7,25.9,12.4,4.7,8.6,0.55,0,0.1,0,3,4.9,0.618,2,3,5,1.6,1.1,0.7,0.7,3
721,Aiden Sherrell,UA,17,25.1,12.4,3.9,7,0.563,0.8,2.4,0.35,3.7,4.6,0.797,2,4,6,1.5,0.4,1.8,0.8,2.2
722,Logan McIntire,CMU,17,27.2,12.4,4.2,8.9,0.47,3.2,7.2,0.443,0.9,1.1,0.789,0.4,1.8,2.2,1.5,1.2,0.1,1.5,2
723,Brendan Terry,SEMO,20,28.1,12.4,4.6,8.2,0.561,0.4,1,0.421,2.8,4.5,0.622,1.7,4.4,6.1,2.6,0.5,1.1,2,2.8
724,Bol Dengdit,UCSD,20,23.9,12.4,4.8,9.3,0.511,1,2.9,0.351,1.9,3.3,0.576,2,3.4,5.4,1.5,0.7,0.5,2,1.5
725,Taeshaud Jackson II,FDU,18,31.6,12.4,4.4,9.3,0.473,0.2,1.1,0.15,3.4,4.3,0.805,2.6,6.4,9,1.6,1.1,0.4,1.7,2.9
726,Shammah Scott,AKR,18,25.7,12.4,4.3,9.3,0.461,2.3,5.4,0.433,1.5,1.7,0.9,0.1,2.2,2.2,2.7,0.3,0.1,1.3,0.7
727,Marquel Sutton,LSU,18,31.5,12.4,3.9,9.2,0.428,0.8,2.8,0.3,3.7,4.5,0.815,2,3.6,5.6,0.7,0.8,0.1,1,2.7
728,Nick Shogbonyo,TAMU-CC,21,28.7,12.4,3.5,8.1,0.427,1.7,4.2,0.409,3.7,4.6,0.813,0.6,2.8,3.4,1.3,0.9,0,2,2.7
729,Jaylen Peterson,PRSBY,16,32.4,12.4,4.9,8.8,0.564,0,0,0,2.5,4.2,0.597,1.9,5.4,7.4,0.7,1.2,1.9,1.8,2.9
730,Austin Nunez,UTSA,11,32.2,12.4,4.2,11.7,0.357,1.1,4,0.273,2.9,3.1,0.941,0.1,1.9,2,3,1.3,0.1,2.7,2.2
731,Devon Ellis,NORF,14,29,12.4,4.4,8.3,0.526,0.8,1.9,0.407,2.9,4.3,0.667,1.6,2.7,4.3,1.6,0.9,0.4,1.1,2.4
732,Julien Soumaoro,WCU,14,28.8,12.4,4.4,10,0.436,2.5,5.9,0.422,1.1,1.4,0.8,0.6,2.6,3.2,2.1,0.7,0,1.6,2.6
733,Jaylen Wysinger,TEXSO,17,24.2,12.4,4.1,9.4,0.44,1.6,4.5,0.368,2.5,3.1,0.808,0.5,2.1,2.6,2.3,2.1,0.2,1.5,2.1
734,Brenen Lorient,WVU,17,29.6,12.4,5.2,9.9,0.521,0.6,1.9,0.313,1.4,1.8,0.774,2,2.5,4.5,1.7,0.6,0.9,1.9,2.2
735,Kyle Evans,UCI,20,31.2,12.4,5.1,8.5,0.594,0.1,0.2,0.5,2.2,2.8,0.768,2.5,6.8,9.2,1,0.4,3.7,0.9,1.8
736,Duke Brennan,VILL,20,32.4,12.4,4.4,6.5,0.674,0,0,0,3.7,5.8,0.635,3.4,6.5,9.9,2,0.7,0.6,1.9,2.5
737,J'Vonne Hadley,LVILL,18,28.4,12.3,4.6,7.8,0.582,1.1,2.5,0.422,2.2,2.9,0.75,1.4,3.9,5.3,1.7,1.1,0.3,0.9,1.9
738,Dasear Haskins,STJOE,18,29.7,12.3,4.7,10,0.472,1.4,4.2,0.329,1.5,2.2,0.692,1.4,5.2,6.7,1.7,0.7,0.6,1.2,2.1
739,Jordan Mason,TEM,18,34.3,12.3,4.6,10.4,0.436,0.7,2.2,0.333,2.5,2.9,0.849,0.4,2.6,3.1,3.6,1.1,0.2,1.8,2.3
740,C.J. Evans,UMKC,15,31.3,12.3,4.7,11.4,0.409,0.5,2.2,0.242,2.5,3.2,0.771,0.6,1.9,2.5,3.9,1.7,0.1,2.6,1.7
741,Nate Calmese,WF,9,25.8,12.3,4.8,10,0.478,2.1,5.1,0.413,0.7,1.3,0.5,0.3,1.7,2,4.3,1.1,0.1,2.3,0.9
742,Preston Ruedinger,UWGB,20,35.9,12.3,3.9,9.2,0.421,2.2,5.3,0.419,2.4,2.6,0.923,0.4,3.5,3.9,5.4,1.2,0.1,1.6,2.2
743,Elijah Jones,UTEP,20,30,12.3,4.6,10.8,0.428,1.9,4.5,0.411,1.3,1.9,0.676,2,4.1,6.1,0.6,0.7,1.2,0.9,2.3
744,Andrej Shoshkikj,SB,18,30.4,12.3,4.4,8.7,0.506,1.8,4,0.458,1.7,1.8,0.938,0.4,3.1,3.4,2.8,1.7,0.3,1.8,2.1
745,Naz Meyer,UWYOM,18,29.9,12.3,4.3,9.6,0.445,1.4,4.7,0.31,2.3,2.9,0.774,1.1,3.7,4.7,2.4,1.2,0.1,1.9,2.1
746,Kenyon Goodin,BELL,18,34.2,12.3,3.7,7.8,0.468,2.3,5.6,0.41,2.7,3.1,0.857,0.4,2.6,2.9,1.9,0.9,0.1,0.8,2.8
747,Sam Wright,COLGT,18,26.1,12.3,4.6,9.6,0.474,1.3,3.7,0.343,1.9,3,0.63,1.7,3.1,4.8,0.6,0.6,0.1,1.1,2.3
748,Jayden Epps,MISST,18,26.9,12.3,4.3,11.9,0.364,1.8,6.3,0.281,1.8,2.1,0.868,0.3,2.5,2.8,2.8,0.3,0.1,2.2,1.8
749,Cameron Wallace,UALR,20,31.4,12.3,4.9,10.2,0.48,0,0.5,0,2.5,4,0.62,3.8,3.9,7.7,2.1,1.2,0.4,1.7,2.8
750,Brandon Maclin,DEP,20,29,12.3,4.3,9.6,0.45,0.8,2.7,0.283,2.9,4.1,0.707,1.5,3.2,4.7,3,1.3,0.3,1.9,2.5
751,"Rob Whaley, Jr.",KENT,16,25.6,12.3,4.6,8.4,0.545,0.3,0.8,0.308,2.9,4.8,0.597,1.8,2.9,4.7,1.5,1,0.6,2.5,3.3
752,David Fuchs,SANFR,17,24.3,12.2,4.3,8.6,0.497,0.4,1.5,0.269,3.2,5.2,0.618,2.4,5.6,7.9,1.5,0.4,0.2,2.1,1.8
753,Kevin De Kovachich,UNA,18,32.4,12.2,3.8,9.3,0.413,1.2,3.4,0.344,3.4,4.2,0.813,0.4,2,2.4,2,1.7,0.1,2.1,1.6
754,Jan Vide,LOYMR,18,29.2,12.2,4.7,11.1,0.427,0.3,1.2,0.238,2.5,3.3,0.75,0.3,3.1,3.4,3.2,0.7,0.2,2.2,1.9
755,Brandin Cummings,PITT,9,25.3,12.2,4.4,10.7,0.417,1.4,4.9,0.295,1.9,3.3,0.567,0.2,1.1,1.3,1.9,0.8,0,1.2,2.4
756,Josh Reed,PENST,20,30.2,12.2,4,7.9,0.5,1.2,2.8,0.418,3.2,3.7,0.863,1.2,3,4.2,0.9,0.9,0.1,1.3,1.8
757,B.J. Ward,SEMO,20,31.4,12.2,4.3,10.4,0.411,2,5,0.404,1.7,2.1,0.829,0.8,1.6,2.4,3.4,0.9,0.2,2.1,2
758,Cardell Bailey,USI,20,23.2,12.2,4.5,11.7,0.382,1.9,5.7,0.325,1.5,2.1,0.69,1.6,2.9,4.4,0.7,1.2,0.3,1.5,2.2
759,Joe Nugent,HC,10,29.6,12.2,4.1,8.6,0.477,2.6,5.5,0.473,1.4,1.7,0.824,0.8,2.2,3,0.4,1.1,0.3,0.8,1.9
760,Ace Valentine,UMBC,16,33.6,12.2,4.5,8.6,0.522,0.9,2.8,0.333,2.3,3.1,0.735,0.2,3.6,3.8,3.5,0.8,0,1.3,1.4
761,Aaron Davis III,BRYNT,16,29.6,12.2,3.9,10.2,0.387,2.3,6.6,0.343,2.1,2.7,0.767,1,3.4,4.4,0.7,1.3,0.4,1.5,2.8
762,Christian Moore,CTDL,16,25.5,12.2,4.1,9.3,0.443,2.3,5.7,0.407,1.6,2.5,0.65,1.7,1.6,3.3,0.8,0.4,0.1,0.9,2.6
763,Avantae Parker,QUC,18,23.2,12.2,4.7,6.6,0.706,0.1,0.2,0.333,2.8,4.7,0.595,2.4,3.7,6.1,1,0.8,1.6,1.4,3.4
764,Josiah Parker,FAU,18,26.3,12.2,4.8,9.4,0.509,0.1,0.8,0.067,2.6,4.3,0.597,2.4,5.9,8.3,1.2,0.4,0.4,1.6,2.2
765,"Silas Demary, Jr.",UConn,20,31.3,12.2,3.6,7.8,0.458,1.3,2.8,0.473,3.8,4.6,0.815,1,3.7,4.7,7.4,1.6,0.3,2.7,2.5
766,Colin Porter,LBRTY,20,35.1,12.2,3.5,8.5,0.414,2.1,5.7,0.36,3.1,3.4,0.912,0.2,3.1,3.3,3.6,1.4,0.1,1.3,2.2
767,Michael Houge,OAKL,20,27.3,12.2,4.9,9.5,0.513,0.1,0.6,0.167,2.4,3.5,0.681,2.3,3.8,6,0.8,0.7,0.4,1.9,2.7
768,Chandler Pigge,HAR,14,34.2,12.1,4.4,9.4,0.466,0.9,2.9,0.325,2.5,3.3,0.761,1.9,4.6,6.5,2.9,1.9,0.3,2.1,2
769,Nathan Claerbaut,CMU,18,30.8,12.1,5.2,9.1,0.577,0,0.1,0,1.7,2.6,0.638,1.7,3.2,4.9,1.8,0.5,2.4,1.5,2.3
770,Blue Cain,UGA,18,29.9,12.1,4.5,9.9,0.455,1.2,4.1,0.301,1.9,2.1,0.919,1.4,3.4,4.8,2.8,1.1,0.2,1.2,1.7
771,Isaiah Malone,FGCU,18,25.9,12.1,4,6.7,0.6,0.4,0.8,0.5,3.7,4.6,0.807,1.5,3.9,5.4,0.6,0.7,2,1.9,3.3
772,Isaac Davis,UVU,18,19.2,12.1,4.6,6.7,0.683,0.2,0.6,0.4,2.8,3.9,0.714,2.4,1.3,3.7,0.9,0.8,0.4,1.6,3.3
773,Tae Davis,OKLA,18,30.9,12.1,4.4,9.4,0.465,0.3,1.2,0.227,3.1,4.3,0.714,1.5,3.8,5.3,1.9,0.4,0.1,1.8,3.1
774,Jaxon Kohler,MCHST,20,28.1,12.1,4.7,9.4,0.5,1.5,4.4,0.345,1.2,1.4,0.889,2.7,5.9,8.6,1.2,0.5,0.6,1.5,1.5
775,Tobi Lawal,VT,16,28.6,12.1,3.8,6.8,0.565,0.6,2.1,0.303,3.8,5.1,0.753,2.1,5.6,7.8,0.6,0.3,1,2.1,2.9
776,"Wes Peterson, Jr.",BNGH,16,38.4,12.1,4.3,10.6,0.4,1.4,3.5,0.393,2.2,2.8,0.795,0.5,4.6,5.1,1.8,0.7,0.5,2.1,2.1
777,DaSonte Bowen,STBN,17,35.9,12.1,4.4,9.9,0.44,0.6,1.6,0.393,2.7,3.2,0.852,0.3,2.1,2.4,5.3,1.5,0,2.6,2.5
778,Tunde Fasasi,W&M,18,28.5,12.1,4.1,8.6,0.474,1.4,4.1,0.351,2.5,3,0.833,1.1,3.8,4.8,2.6,1.1,0.8,1.1,2.4
779,R.J. Godfrey,CLEM,18,26.3,12.1,4.6,7.2,0.638,0.1,0.3,0.4,2.7,4.5,0.605,1.4,3.5,4.9,1.4,0.6,0.5,1.5,2.6
780,Jay Rodgers,CCSU,18,31.2,12.1,4,9.3,0.431,1.1,3.2,0.328,3,3.7,0.818,0.1,1.8,1.9,7,0.5,0.1,3.3,1.4
781,Boden Kapke,BOS,18,29.7,12.1,4.6,9.3,0.491,1.1,3.3,0.339,1.8,2.7,0.688,1.7,4.6,6.3,0.8,0.6,0.2,1.6,2.4
782,Jaquan Sanders,FAMU,18,32.6,12.1,3.7,9.7,0.385,2,6.1,0.327,2.6,3.2,0.825,0.9,2.7,3.6,4.2,0.7,0.1,2.5,2.3
783,Jaeden Mustaf,GT,18,29.4,12.1,4,8.7,0.459,0.9,2.1,0.421,3.2,4.3,0.74,1,3.7,4.7,2,0.4,0.2,1.4,2.4
784,Rienk Mast,UNL,19,29.7,12.1,4.7,11.3,0.416,1.3,4.6,0.284,1.4,1.7,0.813,2.1,3.4,5.5,2.7,0.3,0.3,1.6,1.8
785,Javan Buchanan,BOISE,19,26.9,12.1,3.8,8.4,0.45,1,3.2,0.317,3.5,4.2,0.825,1.5,2.8,4.3,1.3,0.5,0.2,1.1,2.1
786,Veljko Ilic,SHSU,20,24.8,12.1,5.4,9.1,0.597,0,0,0,1.3,3.4,0.368,2.4,4.2,6.6,2.1,0.7,0.7,1.6,1.8
787,Tucker DeVries,IU,20,35.2,12.1,4.2,10.7,0.394,2.3,7.1,0.317,1.4,1.7,0.848,0.4,4.3,4.7,3.4,1.2,0.5,1.2,2.4
788,Milos Nenadic,LIND,20,29.1,12.1,4.6,9.5,0.487,0.5,1.9,0.27,2.4,3.8,0.627,2.6,2.7,5.3,0.9,1.1,1.2,1.9,2.5
789,Colin Smith,UCSB,20,29.2,12.1,3.6,7.7,0.461,1.3,3.6,0.366,3.7,4.5,0.82,1.3,3,4.2,1.7,0.5,0.2,1.7,2.8
790,Andre Henry,UCI,20,24.2,12.1,4.3,8.8,0.491,1.3,3.6,0.366,2.2,2.7,0.796,0.2,2.6,2.8,1.2,1,0.1,1,1.5
791,B.J. Edwards,SMU,15,32.4,12,4.3,8.9,0.485,1.6,3.7,0.436,1.7,2.1,0.839,1.1,4.8,5.9,4.4,2.1,0.1,1.9,1.3
792,Sheldon Williams,TAMU-CC,22,26.4,12,4.5,8.1,0.551,0.3,1.1,0.25,2.8,4.2,0.667,1.8,5,6.8,0.9,0.8,0.5,1.6,3
793,Zion Sensely,UCSB,20,27.6,12,4.4,10,0.437,2.3,6.1,0.369,1.1,1.4,0.778,1.5,6.5,7.9,1,0.3,0.2,1.1,1.9
794,ND Okafor,WSU,18,24.1,12,4.9,8.6,0.578,0,0,0,2.1,3.1,0.691,2.3,3.6,5.9,1.2,0.4,1.4,2.2,3.1
795,Ari Fulton,NJIT,16,29.9,12,3.9,8.9,0.444,0.9,3.1,0.28,3.3,4.1,0.8,1.5,4.6,6.1,1.2,0.8,0.6,0.8,1.8
796,De'Vion Lavergne,LA,18,32.3,12,4.5,11.6,0.389,1.6,4.3,0.377,1.4,1.9,0.735,0.4,2.9,3.3,3.1,0.9,0.6,1.6,1.7
797,Dorion Staples,UMES,14,28.4,12,4.1,9.4,0.443,2.1,5.5,0.377,1.6,2,0.821,1,1.9,2.9,1.8,0.9,0.2,1.8,2.2
798,Jacob Meyer,UAB,16,29.4,12,4.6,11.7,0.39,1.1,3.4,0.327,1.8,2.3,0.778,0.4,3.7,4.1,1.1,1.1,0.1,1.1,1.9
799,Brandon Noel,OSU,4,21.3,12,5,6.8,0.741,0.3,0.8,0.333,1.8,2.3,0.778,1.5,2.5,4,0.8,0.3,0.5,1.8,2
800,Pharrel Payne,UMD,2,26.5,12,3,6,0.5,0,0,0,6,11,0.545,4.5,4.5,9,2,0,1.5,4,1.5
801,Noah Pagotto,TAMUC,22,28.9,12,4.5,8.2,0.556,0.7,1.9,0.39,2.1,2.9,0.734,2,4.6,6.5,1.2,1.1,0.7,1.2,3
802,Isaac Asuma,MINN,20,36.9,12,4.2,10.3,0.41,2,6.3,0.312,1.6,2.2,0.727,1,3.8,4.8,3.4,1.2,0.5,2.3,2.7
803,Jovan Milicevic,XAV,20,26.8,12,4.3,9.4,0.452,1.8,4,0.438,1.7,2.1,0.81,0.9,3,3.9,1.5,0.6,0.6,1.4,3.6
804,Giovanni Emejuru,ECAR,18,33.7,11.9,3.9,6.4,0.603,0,0.1,0,4.2,7,0.595,3.4,5.6,9,0.5,0.8,1.8,1.7,2.5
805,Rylan Griffen,TAMU,18,27.7,11.9,3.7,8.4,0.441,2.3,5.2,0.436,2.2,2.9,0.769,0.9,2.4,3.3,2.1,1.4,0.6,1.3,2.8
806,"Trent Middleton, Jr.",NC A&T,18,29.3,11.9,4.3,9.3,0.458,1,3.2,0.31,2.4,2.9,0.811,0.7,2.7,3.4,3,0.8,0.2,2.2,1.8
807,"Curtis Williams, Jr.",TULAN,18,32.2,11.9,4.1,10.6,0.387,2.2,6.3,0.354,1.5,1.6,0.931,0.6,3.7,4.3,1.2,1,0.7,1.5,1.4
808,"Juan Cranford, Jr.",EKU,18,26.6,11.9,3.9,9.8,0.401,2.5,6.9,0.363,1.6,1.9,0.8,0.8,1.7,2.4,1.9,0.6,0,0.8,2.9
809,David Bolden,NJIT,16,31.6,11.9,3.3,10.2,0.319,2.4,6.9,0.345,3.1,4.1,0.754,0.4,2,2.4,2.9,2.5,0,1.7,2.7
810,N.J. Benson,DEP,20,27.4,11.9,5,8.3,0.602,0,0.1,0,1.9,3.4,0.559,2.9,5.3,8.2,1.2,0.6,0.6,1.4,1.9
811,Andrew Meadow,BOISE,20,30.3,11.9,4.2,8.1,0.516,1.3,3.5,0.362,2.4,3.9,0.61,1,2.3,3.3,1,0.6,0.1,0.9,1.5
812,Rhyjon Blackwell,MRST,20,30.7,11.9,4.1,10.1,0.408,1.5,4.3,0.337,2.3,2.4,0.938,0.7,2.7,3.4,1.7,0.6,0.1,1.2,1.8
813,Damarion Dennis,UWYOM,19,25.1,11.9,4.4,8.7,0.503,1.3,3.7,0.343,1.9,2.1,0.9,1.1,2,3.1,1.2,0.6,0.3,0.5,1.5
814,Ethan Duncan,LIP,18,21.2,11.9,4.3,9,0.481,2.5,5.9,0.421,0.7,0.8,0.867,0.6,1.5,2.1,1.1,0.7,0.1,0.6,1.1
815,Jayden Cooper,USA,18,31.8,11.9,4.1,10.3,0.4,1.8,5,0.356,1.9,2.7,0.694,0.8,2.2,2.9,1,0.9,0,0.8,1.1
816,Chris Okeke,ALBNY,16,33.5,11.9,5.1,7.8,0.661,0,0,0,1.6,2.6,0.619,2.9,5.4,8.3,0.5,1.3,2,2.2,2.1
817,Trevian Carson,NDSU,16,32.3,11.9,4.4,9,0.493,1.3,3.3,0.404,1.7,1.8,0.964,1.6,4.3,5.9,3.5,1.6,0.6,1.5,2
818,Francis Folefac,SIENA,20,28.4,11.9,4.3,7.8,0.555,0.2,0.4,0.429,3.1,4.1,0.756,2,3.7,5.7,2.5,0.8,1.6,2,2.5
819,Matas Deniusas,UTM,20,27,11.9,4.1,9.9,0.411,1.4,4.4,0.307,2.4,3.2,0.75,1.8,4,5.8,1.7,1,1,1.5,2.2
820,Rueben Chinyelu,FLA,18,25.2,11.8,4.6,8.1,0.566,0,0.1,0,2.7,3.7,0.731,4.2,8,12.2,0.9,0.6,1.3,1.4,2.6
821,M.J. Williams,EKU,18,25.6,11.8,3.9,9.6,0.407,2,5.7,0.353,2.1,2.5,0.822,0.7,3.1,3.8,5.1,1.7,0,1.9,2.4
822,Boogie Fland,FLA,18,30.2,11.8,4.4,9.5,0.462,0.8,3.2,0.241,2.3,3.2,0.707,0.9,2.1,3,4.1,1.9,0,1.4,1.8
823,Tan Yildizoglu,VMI,18,33,11.8,4.3,10.9,0.391,1.2,4.5,0.272,2.1,3.1,0.661,0.9,3.1,3.9,5.2,1.2,0.1,2.3,2.4
824,Milos Uzan,U of H,18,32.9,11.8,4.2,10.1,0.42,2.3,5.6,0.42,1.1,1.4,0.731,0.3,1.9,2.2,3.7,0.9,0.1,1.2,1.3
825,Ben Bradford,CHAR,18,27.4,11.8,4.1,8.6,0.471,0.7,2.4,0.273,3.1,3.8,0.809,1.1,2.6,3.7,1.3,0.8,0.1,1.9,1.9
826,Corneilous Williams,UNA,17,33.5,11.8,4.5,8.5,0.524,0,0,0,2.9,4.3,0.671,3.8,5.1,8.9,0.8,0.5,0.6,1.2,2.4
827,Justin Page,NIAG,11,28.9,11.8,4.5,10.4,0.43,1.3,4.1,0.311,1.6,2,0.818,0.6,1.4,2,2.2,0.4,0.4,1.4,1.5
828,Hudson Mayes,UCSD,20,26.2,11.8,4.2,8.3,0.5,0.3,1.1,0.273,3.2,3.6,0.889,1.6,5,6.6,2,1.1,0.3,1.2,2.1
829,JaJuan Nicholls,TNTCH,20,19.2,11.8,4.4,7.4,0.595,0,0,0,3,4.1,0.732,2.3,3.3,5.6,0.5,0.4,0.7,1.1,1.6
830,Kooper Jacobi,EIU,20,34.2,11.8,4.7,11.3,0.416,0.7,3,0.233,1.7,3.2,0.531,2.7,4.4,7.1,1.5,1,0.4,1,2.2
831,Amael Letang,DAY,14,23.6,11.8,3.8,7.1,0.53,0.8,2.4,0.333,3.4,4.5,0.762,1.3,3.9,5.1,1.4,0.6,1.1,2.2,2.7
832,Jayden Williams,DART,14,27.2,11.8,3.9,9.9,0.388,2.4,7.2,0.327,1.7,2,0.857,1.2,2.6,3.9,0.9,0.7,0.6,1.4,2.2
833,Asjon Anderson,ALAST,14,23.5,11.8,3.2,10,0.321,1.5,5.1,0.292,3.9,4.3,0.9,0.4,1.5,1.9,2.9,0.9,0.1,2.8,1.4
834,Najimi George,UNH,18,35.4,11.8,4.2,10.1,0.412,1,3.8,0.261,2.4,3.9,0.629,0.9,3.4,4.4,1.8,0.8,0.3,1.9,1.9
835,Braeden Shrewsberry,ND,18,34.4,11.8,3.8,11.1,0.34,2.6,7.4,0.346,1.7,2.1,0.789,0.1,3.3,3.4,2.3,0.5,0.1,1.4,1.3
836,Gianni Hunt,TAMUC,22,33.1,11.8,3.5,9.2,0.381,1.5,4.6,0.327,3.3,4.3,0.766,0.5,3.6,4.1,5,1.6,0.1,2.6,2.2
837,Kylan Boswell,ILL,13,31.3,11.8,4.1,9.2,0.442,1.2,4,0.308,2.4,3,0.795,1.8,1.9,3.7,3.2,0.9,0,1.1,1.7
838,Sam Orme,BLMNT,17,23.6,11.8,4.6,7.8,0.591,1.4,3.4,0.421,1.2,1.8,0.645,0.9,2.9,3.8,1.5,0.9,0.7,0.8,2.9
839,Matt Hayman,ARKST,17,23.4,11.8,4.4,10.8,0.404,2,5.8,0.343,1.1,1.5,0.72,1.3,1.8,3.1,2.2,1,0.2,1.8,2.2
840,Chase Ross,MARQ,20,33.4,11.8,4.2,11.1,0.38,1,3.7,0.27,2.4,3.5,0.681,0.5,3.7,4.1,3.3,2.4,0.3,2.2,2.6
841,Logan Carey,MAINE,16,32.1,11.8,3.9,8.1,0.477,0.7,2.4,0.282,3.3,4.7,0.707,0.5,2.4,2.9,3.1,1.8,0.1,1.6,3.4
842,Ryan Myers,WKU,20,23.5,11.8,3.6,9.3,0.389,2.4,6.1,0.385,2.2,2.2,1,0.3,1.8,2.1,1.7,0.5,0,1.1,1.9
843,Sam Towns,BGSU,18,34.7,11.7,4,9.3,0.429,1.2,3.6,0.338,2.5,3.3,0.75,1.1,6.6,7.7,1.9,1.2,0.7,1.9,2.8
844,Nasir Mann,QUC,18,29.6,11.7,4.1,8.7,0.465,0.8,2.9,0.269,2.8,3.6,0.785,0.9,4.8,5.7,2.9,0.9,0.2,1.9,2.3
845,Brennan Watkins,CHATT,18,29.8,11.7,3.6,7.4,0.481,2.4,5.1,0.473,2.2,2.5,0.889,0.3,3.4,3.8,1.9,0.7,0,1.3,2.5
846,Kory Mincy,GMU,18,32.6,11.7,4.2,10,0.417,1.8,4.9,0.364,1.6,2,0.806,0.2,3.2,3.3,2.6,0.9,0.1,1.6,1.9
847,Rob Lawson,MORST,14,33.4,11.7,3.9,11.8,0.327,1.4,4.6,0.313,2.6,3.5,0.735,0.4,3.2,3.6,3.1,0.5,0.1,2.1,2.9
848,Tanner Hayhurst,SUU,17,34,11.7,3.7,7.3,0.508,1.7,3.6,0.468,2.6,2.9,0.88,1,2.8,3.8,1.5,0.8,0,1.1,1.7
849,Baboucarr Njie,UTSA,17,27.9,11.7,4.4,9.4,0.469,0.1,1.4,0.087,2.8,4.1,0.681,2.4,2.8,5.1,1.4,0.8,1.6,2.5,2.9
850,Jun Seok Yeo,SEA,17,32.1,11.7,4.1,10.5,0.385,1.4,5.6,0.25,2.2,3,0.725,0.9,2.9,3.8,1.5,0.8,0.4,2.4,2.1
851,Braedan Lue,KENN,20,27.2,11.7,4.3,9.7,0.44,0.6,2.4,0.25,2.6,3.6,0.722,2.4,2.7,5.1,0.9,1,1.7,1.5,3.3
852,Jacoby Hill,JKSNV,20,33.1,11.7,4.1,7.8,0.523,0.7,2,0.325,3,4.2,0.702,2.1,2.3,4.3,1.7,1.1,0.1,1.6,2.5
853,Demari Williams,HCU,20,26.7,11.7,3.7,7.9,0.462,0.8,2.4,0.333,3.6,4.4,0.828,1.5,2.3,3.8,1.1,0.8,0.2,1.4,1.8
854,Wesley Yates III,UWASH,16,31.3,11.7,4.2,11.8,0.354,2.1,6.9,0.297,1.3,1.5,0.833,0.6,1.8,2.4,1.5,1.5,0.3,1.3,2.1
855,Trae English,NICH,19,30.5,11.7,4.2,10.1,0.411,1.4,4.3,0.333,1.9,2.5,0.787,0.5,1.4,1.8,3.6,1.9,0.1,1.5,1.9
856,Jaylen Searles,NICH,22,25.7,11.7,3.9,9.7,0.399,1.9,5.5,0.347,2,2.8,0.738,0.8,3,3.9,1.9,1,0.5,1.5,2.5
857,Belal El Shakery,NEWHA,15,28.1,11.7,5.1,10.3,0.494,0,0.3,0,1.5,3.9,0.397,2.3,6.2,8.5,1.7,1,0.5,2,2
858,Bryce Eaton,STPC,20,29,11.7,4.1,10.7,0.385,1.6,5,0.32,1.9,2.3,0.804,0.7,2.5,3.2,4,1.1,0.2,2.5,1.6
859,Hermann Koffi,STONE,17,36.2,11.6,3.9,10,0.388,2.1,6,0.343,1.8,2.1,0.886,0.4,2.1,2.4,1.4,0.5,0,1.1,1.3
860,Baye Ndongo,GT,18,27.9,11.6,4.4,8.4,0.53,0.1,0.4,0.286,2.6,3.6,0.734,2.8,5.4,8.2,2.1,0.7,0.9,2.7,3.3
861,Tennessee Rainwater,MOYNE,18,28.4,11.6,3.7,6.6,0.559,0.6,1.6,0.379,3.7,5.1,0.725,0.9,4.6,5.5,2.1,0.8,0.2,2.1,2.4
862,Julen Iturbe,AMERU,18,27.7,11.6,4.5,9.2,0.491,1.5,4.2,0.355,1.1,1.6,0.679,1,4,5,2.6,0.6,0.3,1.7,3.1
863,Jalen Tot,APPST,18,28.8,11.6,3.6,9.9,0.363,3.2,8.8,0.367,1.1,1.6,0.69,0.3,1.8,2.2,1.3,0.8,0.1,0.9,1.5
864,Julius Mims,NMSU,20,29.9,11.6,4.8,8.4,0.569,0.4,1.2,0.292,1.7,2.8,0.618,3.2,6.5,9.6,0.7,0.4,0.7,1.1,2.7
865,Sincere Malone,NICH,22,33.3,11.5,3.8,8,0.477,0.4,1.5,0.265,3.5,4.3,0.811,1.7,3,4.7,3.3,1.7,0.3,2.5,2.4
866,A.C. Bryant,JKSNV,19,29.2,11.5,3.7,9.4,0.397,2.7,6.8,0.4,1.3,1.7,0.781,0.5,3.5,3.9,1.1,0.9,0.1,0.7,1.9
867,Aday Mara,MICH,20,22.8,11.5,4.6,7,0.657,0.1,0.2,0.667,2.2,3.6,0.611,2.1,4.2,6.3,2.5,0.4,2.7,1.8,2.2
868,AK Okereke,VANDY,18,27.4,11.5,3.6,6.6,0.538,1.1,2.4,0.455,3.3,4.3,0.766,1.2,2.3,3.5,1.9,0.7,0.7,1.1,3.6
869,Nait George,SYRA,18,33.2,11.5,3.6,8.9,0.406,1.3,4.1,0.315,3,3.5,0.857,0.6,2.4,3,5.3,1.3,0.3,3.3,2.4
870,"Eric Dailey, Jr.",UCLA,20,27.1,11.5,4.5,9.3,0.484,0.8,2.7,0.283,1.8,2.6,0.686,1.6,3.8,5.4,0.9,0.8,0.1,1.2,2.3
871,Stevie Elam,UWM,16,29.8,11.5,3.7,9.3,0.396,2,6.1,0.33,2.1,2.4,0.872,1.3,4,5.3,0.9,1.3,0.3,0.6,2.1
872,Sebastian Rancik,COLO,16,27.7,11.5,3.4,8.4,0.41,1.3,4.2,0.299,3.4,3.9,0.857,1.2,4.4,5.6,1.8,1,0.5,1.9,2.4
873,Jameel Morris,ALCST,16,31.4,11.5,3.9,8.1,0.485,0.8,2.2,0.343,2.9,3.6,0.807,0.4,2.1,2.6,3.6,2.1,0.1,2.2,3.2
874,Casey Simmons,YALE,14,26.9,11.5,4.7,7.7,0.611,0.8,1.6,0.5,1.3,2,0.643,1.1,2.8,3.9,1,0.9,0.9,0.6,2
875,Camp Wagner,INDST,20,28.8,11.5,4.1,10.6,0.384,2.3,6.6,0.348,1.1,1.3,0.88,0.6,3.3,3.9,1.9,0.8,0.4,1.6,2.4
876,Jacoi Hutchinson,LONG,16,28.9,11.5,4.1,9.9,0.409,0.6,2.2,0.257,2.8,3.1,0.9,0.8,3,3.8,3.1,1.3,0.1,1.9,1.9
877,Joshua Lewis,LA,6,22,11.5,4.3,7,0.619,1.8,3.3,0.55,1,1.2,0.857,0.8,2.8,3.7,1,0,0.3,0.8,3.7
878,Timo George,UP,2,16.5,11.5,5,6.5,0.769,0,0.5,0,1.5,3,0.5,2.5,2,4.5,0.5,0.5,0,1,3
879,Solomon Callaghan,WRST,19,29.1,11.5,3.4,7.6,0.451,2.3,5.5,0.41,2.4,2.6,0.918,0.5,1.7,2.2,1.1,0.6,0,0.8,1.8
880,Martel Williams,CALBU,17,31.8,11.5,3.8,10,0.376,1,3.1,0.327,2.9,3.6,0.82,1.3,3.3,4.6,1.4,0.6,0.2,1.8,2.2
881,Jaylen Washington,UTRGV,22,29.3,11.5,4.4,7.9,0.555,0.4,1.4,0.29,2.3,2.8,0.836,1,1.5,2.5,4.7,1,0.1,1.4,1.8
882,Jeremy Elyzee,SELU,22,30.6,11.5,4.3,9,0.477,0.5,1.7,0.27,2.4,3.3,0.712,1.7,2.9,4.6,1.6,0.9,0.8,1.8,2.3
883,Luke McEldon,MSMU,20,25.3,11.5,5.3,7.8,0.673,0,0.1,0,1,2.5,0.388,1.6,4.4,6,1.3,0.5,0.6,1.7,2.2
884,Kanye Clary,OKST,18,31.8,11.4,3.5,8.9,0.394,1.6,4.1,0.397,2.8,3.4,0.836,0.5,2.9,3.4,4.9,1.2,0,2.1,2.2
885,Justin Rochelin,PACI,18,31,11.4,3.8,7.8,0.489,1.3,2.8,0.46,2.5,3.1,0.818,1.9,5,6.9,1,1.1,0.2,2.1,3.1
886,Mark Butler,LAFAY,18,34.6,11.4,3.9,9.4,0.42,0.3,0.7,0.417,3.3,4.6,0.711,0.4,2.2,2.6,3.9,0.9,0.2,1,1.7
887,Michael Nwoko,LSU,18,21.8,11.4,3.7,7.1,0.523,0,0,0,4,5.1,0.791,2.6,3.3,5.9,0.9,0.4,0.6,1.8,3.5
888,Shaquil Bender,LBSU,19,23.3,11.4,4.2,10.4,0.404,1.7,4.6,0.375,1.3,1.7,0.75,0.3,1.8,2.1,1.6,0.6,0.3,2.4,2.2
889,Isaiah Gaines,SELU,22,28.5,11.4,4,7.5,0.537,0,0.4,0.125,3.4,5.2,0.649,2.5,4,6.5,1.5,0.8,1.3,2,2.6
890,Filip Borovicanin,XAV,20,32.6,11.4,4.1,10.1,0.408,1.3,3.3,0.379,2,2.3,0.867,2.1,5.7,7.7,4.4,1,0.4,2,2.8
891,Braxton Bayless,UALR,20,34.8,11.4,4.2,10.2,0.412,1,3.4,0.294,2,2.7,0.755,1.3,3.1,4.4,3.4,1.4,0.1,2.2,1.8
892,Andre Pasha,UNH,18,34.7,11.4,4.2,9.9,0.427,1.5,4.3,0.351,1.4,1.7,0.867,0.8,4.3,5.1,1.8,0.7,0.9,1.7,2.3
893,Trey Autry,GW,18,30.9,11.4,3.7,9.1,0.405,2.8,7.5,0.37,1.3,1.6,0.793,0.9,3.2,4.1,1.2,0.7,0.2,0.9,2.4
894,Carson Schwieger,QUC,18,27.1,11.4,3.8,8.7,0.442,2.9,7.1,0.414,0.8,1,0.778,0.8,2.4,3.2,0.6,0.7,0.1,0.8,2.4
895,Toneari Lane,SAND,18,27.2,11.4,3.9,8.9,0.444,2.7,5.5,0.485,0.8,1.1,0.75,0.6,1.6,2.1,0.9,0.5,0.2,0.7,1.4
896,Antonio Munoz,GRAMB,13,24.8,11.4,4,8.2,0.486,0.1,0.4,0.2,3.3,4.9,0.672,1.2,2.7,3.9,2,0.3,0.2,2.8,2.6
897,Lamin Sabally,IONA,19,30.1,11.4,4.5,7.3,0.612,0.1,0.1,0.5,2.4,3.9,0.6,3.1,5.6,8.7,2.7,1.3,0.3,1.6,1.8
898,Jacen Holloway,USMA,17,27.4,11.4,3.9,7.5,0.523,0.6,1.6,0.37,2.9,4.2,0.69,1.5,1.8,3.3,2.1,0.4,0.2,1.4,2.2
899,Grant Randall,QUIN,20,32.9,11.4,4,9.1,0.44,1.1,3.8,0.289,2.3,3,0.75,2.2,4.5,6.7,1.1,0.7,0.8,0.7,2.1
900,Nik Graves,CREI,20,27.6,11.4,3.3,8.4,0.395,1.3,3.9,0.333,3.5,4,0.863,0.5,2.5,2.9,4.9,1,0.2,1.7,2
901,J.J. Harper,LBRTY,20,27.3,11.4,4,6.9,0.584,0.9,2.4,0.362,2.5,3.6,0.704,0.9,1.7,2.6,1.6,1.2,1.1,0.6,2.9
902,Tyon Grant-Foster,ZAGS,18,22.8,11.3,4.1,8.4,0.487,0.5,1.7,0.3,2.6,4.7,0.56,1.2,3.7,4.9,1.4,0.9,1.2,1.3,1.9
903,Daniel Hankins-Sanford,UMass,15,30.5,11.3,4.1,9.1,0.456,0.5,2,0.267,2.5,3.7,0.691,2.3,4.9,7.3,1.6,0.7,0.5,1.4,3.2
904,T.O. Barrett,MZZOU,18,26.1,11.3,4,8.6,0.465,0.4,1.6,0.241,2.9,3.7,0.791,0.9,2.4,3.3,3.1,1.3,0.3,2.5,2.4
905,Aiden Disu,HC,18,27.2,11.3,4.1,9.1,0.448,0.8,2.4,0.326,2.4,2.9,0.83,1.2,4,5.2,0.8,0.5,0.9,1.7,2.4
906,Tyrone Riley IV,SANFR,16,33.6,11.3,4.3,9.9,0.43,1.1,3.7,0.305,1.7,2.8,0.614,1.3,3.5,4.8,0.9,0.8,0.4,0.6,1.7
907,Garrett Johnson,GW,16,24.6,11.3,3.9,9.8,0.401,1.9,5.9,0.326,1.5,1.8,0.828,0.8,2.1,2.9,1.1,0.4,0.2,1.2,1.8
908,Kacper Klaczek,ELON,10,28.8,11.3,4.4,8.8,0.5,1.2,2.9,0.414,1.3,2.1,0.619,1.3,4.7,6,2.9,1.1,1,2,2.3
909,Caleb Blackwell,UTEP,17,32.3,11.3,4.1,9.7,0.424,1.9,5.3,0.367,1.1,1.5,0.76,0.2,2.7,2.9,3.3,1.2,0.1,1.6,2
910,Chandler Jackson,ARKST,18,27,11.3,3.8,7.6,0.507,0.5,1.7,0.3,3.1,4.7,0.667,1.2,2.6,3.7,4.4,1.2,0.1,2.1,2.5
911,Braden Frager,UNL,18,24.3,11.3,3.8,8.4,0.457,1.8,5.2,0.355,1.8,2.2,0.821,1.1,2.8,3.9,1.1,1,0,1.1,1.3
912,Kobe Knox,SOCAR,18,31.3,11.3,3.9,7.8,0.5,0.7,1.8,0.364,2.8,4.1,0.689,0.9,3.3,4.2,1.3,1.2,0.2,1.2,2.3
913,Gianni Cobb,NIU,18,32.3,11.3,3.9,9.6,0.407,0.7,2.8,0.235,2.8,4.1,0.699,0.4,2.4,2.8,3.8,1.8,0,2.7,2.2
914,Elijah Lewis,MRST,15,29.9,11.3,3.7,8.6,0.434,0.6,2.1,0.281,3.2,3.7,0.857,0.6,3.8,4.4,2.4,1,0.1,1.3,1.6
915,Jefferson Monegro,CSFUL,19,28.9,11.3,3.1,8.2,0.372,1.2,3.7,0.31,4,4.5,0.894,1.2,4,5.2,2.5,0.9,0.4,1.1,2.6
916,Bobby Durkin,MINN,20,37,11.3,3.8,8.4,0.455,2.8,6.7,0.414,0.9,1,0.947,0.5,2.7,3.2,1.9,0.8,0.1,0.8,1.4
917,Maguire Mitchell,IUI,20,27.4,11.3,4,9.8,0.403,2.4,7.1,0.338,1,1.2,0.826,0.9,1.6,2.5,1.1,0.9,0.6,0.7,3.1
918,Alex Chaikin,UCSD,20,27.8,11.3,3.5,8.2,0.421,2.5,5.9,0.424,1.9,2.4,0.771,0.4,1.5,1.8,1.1,0.5,0.2,1.3,1.9
919,Michael Cooper,WRST,16,23.9,11.3,3.8,9.7,0.394,1.3,3.9,0.317,2.4,2.9,0.826,0.4,1.8,2.2,1.8,0.4,0.3,1.1,1.6
920,Jalyke Gaines-Wyatt,HMPTN,16,26.7,11.3,3.3,8.9,0.371,0.5,2.3,0.216,4.1,5.3,0.786,0.3,1.4,1.7,2.7,0.9,0.1,2.5,2.1
921,KeShawn Murphy,AUB,18,24.5,11.2,4.1,7.9,0.514,0.3,1.2,0.227,2.8,3.4,0.836,3.4,4.2,7.6,1.1,0.9,1,0.8,1.8
922,Xaivian Lee,FLA,18,26.7,11.2,4.3,9.4,0.456,1.5,5,0.3,1.2,1.7,0.7,0.3,2.9,3.2,4.7,1.2,0.1,1.9,1.8
923,J.J. Starling,SYRA,18,30.2,11.2,4.7,11.4,0.415,0.6,2.4,0.25,1.2,1.8,0.636,0.6,2.1,2.7,2.5,1,0.2,1.4,1.8
924,Frankquon Sherman,KENN,20,27.3,11.2,3.6,7.3,0.486,0.9,2.5,0.34,3.3,4.4,0.747,3.4,5.9,9.3,1.4,0.7,0.7,1.2,3.1
925,Landon Seaman,CSFUL,20,20.5,11.2,4,7.7,0.519,1.1,3,0.373,2.1,3.3,0.646,1,1.5,2.5,1.2,0.6,0.5,1.1,1.8
926,Zyier Beverly,BNGH,15,24.6,11.2,4.5,8.4,0.54,0.1,0.4,0.167,2.1,3.5,0.585,1.1,3.5,4.5,0.4,0.4,1.5,1.4,2.7
927,Lucas Hobin,AF,20,28.7,11.2,3.4,9.3,0.368,2.2,6.9,0.319,2.2,2.5,0.88,0.2,1.5,1.7,0.7,0.3,0.1,1.5,2.3
928,Owen Aquino,HP,16,28,11.2,4,7.3,0.552,0.8,1.6,0.48,2.4,3.6,0.672,2.1,4.6,6.6,2.8,1.1,2.3,1.8,2.6
929,Jaden Jackson,SDKSU,16,33.3,11.2,3.8,10.9,0.349,2.1,6.9,0.309,1.4,1.8,0.793,0.6,4,4.6,2.9,1.4,0.2,0.9,2.2
930,Jacob Hogarth,GWU,16,25.7,11.2,4.4,8.4,0.522,0.2,0.4,0.429,2.3,3.5,0.643,1.9,4.2,6.1,1.4,0.8,0.7,2.4,2.4
931,Isaiah Johnson-Arigu,STTOM,16,21.8,11.2,4,6.9,0.577,0.8,2.4,0.342,2.4,3.9,0.613,0.9,3.1,4,1.1,0.5,0.4,1.3,2.2
932,Izzy Miles,NSU,22,26.4,11.2,3.3,7.7,0.426,0.9,2.5,0.352,3.8,5.2,0.728,0.4,2.3,2.7,1.2,0.8,0.2,1.9,1.8
933,Josh Scovens,DAV,17,25.6,11.2,4.8,8.1,0.587,0.3,0.9,0.333,1.4,2.1,0.639,1.8,2.2,4,2,0.8,0.4,1.4,2
934,Anton Bonke,CHAR,18,26.3,11.2,4.4,7.4,0.594,0.2,1.1,0.211,2.2,3.1,0.709,2.6,4.8,7.4,1.1,0.1,1.3,1.6,2
935,Sean Craig,U of T,18,32.1,11.2,4.1,8.6,0.474,1.2,3.3,0.356,1.9,2.6,0.723,2.6,4.6,7.2,1.2,0.9,0.2,0.9,1.9
936,Dalton Gayman,UNF,18,24.3,11.2,3.7,7.4,0.496,0.7,1.9,0.353,3.2,4.2,0.75,1.9,4.5,6.4,1.9,0.6,0.2,1.1,2
937,Tyler Doyle,BELL,18,30,11.2,4.5,8.8,0.513,0.5,1.7,0.3,1.7,2.2,0.769,0.6,2.6,3.2,4.4,0.6,0,1.5,2.1
938,Shane Lancaster,ALCST,18,33.2,11.2,3.4,8.9,0.385,2,5,0.4,2.3,3.1,0.732,0.7,2.3,3.1,2.9,1.1,0.2,1.2,2
939,Julian Mackey,FIU,18,22.7,11.2,3.7,9.3,0.401,1.7,5,0.344,2,2.9,0.692,0.6,1.6,2.1,1.5,0.7,0.3,1.3,1.2
940,Dante Harris,TNST,20,32.5,11.2,4.3,10,0.425,0.3,1,0.263,2.4,3.3,0.738,1,2.3,3.3,5.1,1.5,0,1.7,2.1
941,Ben Schweiger,UNI,20,29.4,11.2,4.1,8.4,0.491,1.1,2.8,0.393,1.9,2.7,0.685,0.6,4.6,5.2,1.6,1.2,0.6,1.3,1.8
942,"Terrance Dixon, Jr.",SUBR,18,23.4,11.1,4.2,5.9,0.71,0,0,0,2.7,4.3,0.615,1.9,2.8,4.7,0.6,0.7,1.8,0.9,2.8
943,Ade Popoola,TULSA,18,29.3,11.1,3.8,8.7,0.436,2.7,6.5,0.419,0.8,1,0.833,0.7,3.6,4.3,1.4,1.2,0.3,0.9,1.7
944,Jomo Goings,LIU,18,30.6,11.1,3.7,9.1,0.402,1.3,3.4,0.387,2.4,2.7,0.898,0.7,3.9,4.6,2.2,1.6,0.7,1.9,2.9
945,Micah Robinson,TCU,18,27.6,11.1,3.5,8.8,0.396,1.1,3.8,0.294,3,3.9,0.761,1.6,2.9,4.5,1.7,1.2,0.2,1.5,2.3
946,Drew Scharnowski,BLMNT,20,23.4,11.1,4.6,6.7,0.687,0.1,0.2,0.333,1.9,4.5,0.416,2.1,4.2,6.3,3.1,1,1.5,1.7,2.6
947,Jasen Green,CREI,20,28.5,11.1,4.4,7.9,0.561,0.6,1.6,0.344,1.8,2.7,0.66,2.1,4.5,6.6,2.3,1,0.9,1.3,1.8
948,Meechie White,EIU,20,32.1,11.1,3.8,9,0.417,1.2,2.8,0.411,2.5,2.9,0.86,0.8,3.3,4.1,3.1,2.4,0.1,1.7,3
949,Adrian Myers,SJSU,20,30.4,11.1,3.9,9.3,0.416,1.8,4.5,0.389,1.7,2.2,0.767,1.6,3.2,4.8,1.4,1.1,0.8,0.8,2.5
950,Fraser Roxburgh,MAN,20,30.7,11.1,4.3,9.5,0.45,1.5,4.3,0.337,1.2,1.4,0.852,1.3,4.4,5.6,1.1,0.5,0.5,1.7,2
951,Davion Cunningham,MRHD,20,26.8,11.1,4,9.1,0.436,0.5,1.8,0.278,2.7,3.7,0.74,0.7,2.9,3.6,1.8,0.9,0.3,1.9,1.7
952,M.J. Thomas,NEWOR,21,26.7,11.1,4,7.1,0.553,0,0,0,3.2,4.6,0.691,2.8,5,7.7,1.3,0.8,0.8,1.8,3
953,Jaeden Marshall,LASAL,12,28.4,11.1,3.4,10,0.342,2.1,5.8,0.362,2.2,2.8,0.788,0.2,1.8,1.9,0.9,0.2,0.1,0.8,1.8
954,Jacob Theodosiou,L-MD,13,18.2,11.1,3.8,8.1,0.476,1.2,3.3,0.349,2.2,3.5,0.644,0.5,2.4,2.8,1.8,1.2,0.2,1.8,1.4
955,Connor Amundsen,DART,14,31.4,11.1,3.6,8.1,0.439,1.4,4.4,0.328,2.5,3.5,0.714,0.3,1.6,1.9,3.9,0.7,0,1.3,1.9
956,Trevor Mullin,YALE,14,26.6,11.1,3.7,8.9,0.416,2.1,5.1,0.408,1.6,1.6,0.957,0.4,1.8,2.1,2.1,0.4,0,0.8,1.9
957,Cole McCormick,UCA,16,23.5,11.1,3.6,7.1,0.513,0.9,2.8,0.341,2.9,3.6,0.793,1.3,2.6,3.8,1.3,1.2,0.3,0.8,2.3
958,Javion Guy-King,UCA,16,24.8,11.1,3.9,8.9,0.444,1.4,4.6,0.311,1.8,2.4,0.737,0.8,3.7,4.4,1.5,1.1,0.1,0.8,2.3
959,"Redd Thompson, Jr.",LONG,16,24.1,11.1,3.6,9.3,0.385,1.6,4.8,0.325,2.4,2.7,0.884,0.6,0.4,1,2,0.7,0,1.8,1.8
960,Roman Siulepa,PITT,18,29.2,11.1,4.1,8.9,0.456,1.2,3.7,0.313,1.8,3.4,0.525,3.8,3,6.8,1.2,1.2,0.7,1.1,2.8
961,Jahari Long,GMU,18,34,11.1,3.8,8.9,0.431,1.2,4.1,0.297,2.2,2.6,0.848,0.5,2.9,3.4,4.3,0.7,0.1,1.6,1.9
962,Will Heimbrodt,SEA,18,32.1,11.1,4.2,10.9,0.388,0.4,1.6,0.241,2.2,4.1,0.548,1.2,4.6,5.7,2.2,1.2,2.4,2.6,2.4
963,Chandler Jackson,UWM,19,25.1,11.1,3.8,7.4,0.514,1.2,3.2,0.361,2.3,3,0.772,0.9,2.1,3.1,1,1,0.4,1.2,1.5
964,Luke Wilson,APPST,18,31.1,11,3.5,5.6,0.624,0,0.1,0,4,7.3,0.55,3.4,5.9,9.3,0.7,0.3,1.7,1.4,1.9
965,Miles Byrd,SDSU,20,28.3,11,3.5,8.8,0.398,1.4,4.2,0.333,2.6,3.2,0.813,0.6,4.4,5,2.9,2.2,1.5,2,2
966,Vaughn Weems,UNR,19,27,11,3.7,6.6,0.563,1,2.2,0.452,2.5,3.4,0.75,1.8,2.7,4.5,1.1,1.3,0.3,1.1,1.9
967,Isaac McKneely,LVILL,18,29.6,11,3.4,8.4,0.411,2.7,6.9,0.384,1.4,1.6,0.897,0.6,2.1,2.7,1.6,0.5,0,0.8,1.5
968,"Melvin Bell, Jr.",SJSU,20,36.7,11,3.7,8.9,0.416,0.8,2.4,0.313,2.9,4.6,0.626,1.7,2.7,4.4,0.7,0.9,0,1.4,2.1
969,Patton Pinkins,MISS,18,29.8,11,3.6,7.8,0.461,1.4,3.5,0.413,2.3,2.6,0.894,0.9,1.4,2.3,0.7,0.6,0.1,0.4,1.9
970,Mekhi Cameron,TNTCH,20,27.8,11,3.2,8.7,0.364,1.4,4.3,0.318,3.4,4.1,0.827,0.5,3.3,3.8,1.1,0.4,0.1,1.2,1.7
971,Chris Ashby,QUC,18,31.2,11,3.2,9.2,0.343,3.1,8.4,0.364,1.6,1.8,0.906,0.3,1.6,1.9,1.5,0.6,0,0.5,1.3
972,Tyler Byrd,ALAST,17,26.4,11,4.1,9.2,0.442,0.6,2.8,0.234,2.2,2.9,0.76,0.7,2.9,3.6,0.9,1.5,0.8,1.5,2.6
973,William Holmstrom,VMI,17,28.4,11,3.8,8.9,0.43,2.3,6.1,0.379,1.1,1.5,0.72,0.3,2.2,2.5,1.4,0.8,0.2,1.9,3.2
974,"Jermaine Washington, Jr.",SJSU,12,34.4,11,3.9,10.5,0.373,2.1,6.1,0.342,1.1,2,0.542,0.3,2.3,2.5,2.2,1,0,1.4,2.3
975,Zach Bell,SUU,1,21,11,4,8,0.5,2,4,0.5,1,2,0.5,0,3,3,0,2,0,4,1
976,Motiejus Krivas,ARZ,18,26.1,10.9,3.7,6.5,0.564,0.2,0.4,0.375,3.4,4.3,0.805,2.8,5.3,8.1,0.8,0.7,1.8,1.4,2.9
977,Bangot Dak,COLO,18,25.4,10.9,4.3,9.2,0.473,0.4,1.7,0.233,1.9,2.6,0.739,1.5,4.7,6.2,0.9,0.7,1.4,1.3,2.2
978,Karon Boyd,WICHI,18,35.1,10.9,3.8,9.7,0.389,1.1,3.6,0.292,2.3,3.4,0.689,2.4,3.4,5.8,1.9,0.6,0.6,1.8,2.6
979,Will Johnston,RICH,18,29.9,10.9,3.4,9.1,0.374,1.9,5.1,0.37,2.3,2.6,0.891,0.3,3.4,3.7,2.3,0.7,0.1,0.8,1.9
980,Bennie Gealer,STAN,18,28.3,10.9,3.6,8.2,0.435,2.7,6.9,0.384,1.2,1.4,0.84,0.4,1.9,2.3,1.4,1.5,0.1,0.7,2.4
981,Trey Deveaux,MSMU,18,25.7,10.9,3.6,7.9,0.455,0.7,2.3,0.317,3,3.7,0.818,2.1,2,4.1,0.9,0.6,0.2,1.8,1.7
982,Arterio Morris,BTHCK,18,26.3,10.9,4.1,9.6,0.43,0.5,1.9,0.257,2.2,3.8,0.58,0.8,2.6,3.4,2.5,1.1,0.9,3,2.7
983,James Graham III,AAMU,17,26.4,10.9,3.8,7.7,0.496,0.8,2.4,0.341,2.5,3.2,0.764,1.2,3,4.2,1.1,0.5,0.5,1.5,1.4
984,JaMichael Stillwell,UCF,16,29.8,10.9,4.2,8.5,0.493,0.4,1.4,0.304,2.1,2.8,0.756,2.5,4.3,6.8,2.6,0.9,0.1,1.6,3
985,A.J. Levine,PENN,14,27.7,10.9,3.6,8.4,0.432,0.4,2.1,0.167,3.3,5.1,0.648,0.7,3.8,4.5,3.9,2.4,0.1,2.1,2.4
986,Michael Zanoni,PENN,14,29.4,10.9,3.9,9.3,0.415,1.5,4.3,0.35,1.7,1.9,0.889,0.5,1.3,1.8,0.4,0.6,0.1,0.4,1.6
987,Coen Carr,MCHST,20,29.5,10.9,4,7.9,0.506,0.6,2.3,0.267,2.3,3.6,0.639,1.4,4,5.4,0.9,0.3,0.6,1,1.7
988,A.J. Staton-McCray,SETON,20,27.8,10.9,3.9,10.5,0.371,1.5,4.9,0.306,1.6,2,0.821,0.8,1.9,2.7,1.3,1.3,0.6,1.6,2.4
989,Eric Dibami,FIU,19,31.7,10.9,4.2,7.8,0.537,0,0,0,2.5,4.3,0.573,3.2,4.7,7.9,1.6,1.6,1.3,1.7,3.3
990,Mike Loughnane,NEU,18,35.3,10.9,4.3,9.7,0.443,1.3,3.9,0.343,1,1.5,0.667,0.6,3,3.6,3.8,0.8,0.6,1.9,2.1
991,Kyle Pulliam,W&M,18,26,10.9,3.2,7.3,0.443,1,3.3,0.3,3.4,4.2,0.816,0.5,3.1,3.6,2,1.1,0.4,1.3,2.3
992,Derrion Reid,OKLA,18,28.4,10.9,3.2,6.7,0.479,0.9,2.3,0.405,3.5,4.8,0.724,1.8,3.1,4.9,1,0.3,0.2,1.3,1.6
993,Ilias Kamardine,MISS,18,31.9,10.9,4.1,10.3,0.392,1.1,4.3,0.26,1.7,2,0.833,0.4,2.7,3.1,3.5,1.2,0.2,1.6,2.6
994,Shareef Jackson,LAFAY,17,22.6,10.9,4.6,7.4,0.627,0,0.1,0,1.6,3.1,0.519,1.7,2.7,4.4,1.6,0.8,0.9,2.1,3
995,Chris Moncrief,STFPA,17,29.8,10.9,3.9,7.6,0.519,0.4,1.2,0.333,2.6,3.7,0.698,1,2.2,3.2,1.8,1.4,0.1,2.1,1.4
996,Noah Feddersen,NDSU,16,19.6,10.9,3.8,5.9,0.649,0.7,1.6,0.44,2.6,3.3,0.788,1.3,2.8,4.1,0.8,0.3,0.8,1.1,1.8
997,Renars Sondors,ULM,16,29.9,10.9,3.3,7.8,0.419,1.6,4.6,0.351,2.8,3.8,0.721,0.8,3.7,4.5,0.9,0.3,0.3,1.6,2.3
998,Keith McKnight,QUIN,20,25.8,10.9,4.2,7.8,0.542,0.1,0.4,0.25,2.4,3.7,0.635,3,3.4,6.4,1.3,1.3,0.8,1.2,2
999,Deyton Albury,UNM,20,25.3,10.9,3.7,7.5,0.497,0.5,1.3,0.4,3,3.8,0.776,0.5,3.1,3.6,3,1.3,0.1,2.4,2.6
1000,Ahmad Henderson II,UIC,20,20.1,10.9,3.6,9.3,0.384,1.1,3.9,0.273,2.7,3.2,0.857,0.4,1.1,1.5,2.2,0.9,0.1,1.6,2
1001,Chris Komin,NAU,18,33.1,10.8,3.6,7.3,0.492,1.1,2.6,0.404,2.6,2.9,0.868,0.2,2.3,2.6,2.9,1.3,0.5,0.9,1.9
1002,Cooper Campbell,TROY,18,33.9,10.8,3.6,9.4,0.385,1.9,5.3,0.358,1.7,2.2,0.795,1.4,2.1,3.5,3.8,1.3,0.1,1.3,1.7
1003,Nigel Burris,WEBER,18,25.5,10.8,3.6,7,0.508,0.6,1.7,0.333,3.2,3.8,0.838,1.7,3.4,5.1,0.6,0.6,0.2,1.3,2.9
1004,Neoklis Avdalas,VT,18,32.5,10.8,3.7,10.6,0.351,1.4,4.9,0.281,2,3,0.667,0.1,2.9,2.9,4.4,0.4,0.4,2.4,1.2
1005,Justin Ray,MONM,18,29.9,10.8,3.5,8.7,0.401,2.1,5,0.411,1.8,2.1,0.865,0.5,2,2.5,1.2,1.1,0.1,0.7,2.3
1006,Obi Agbim,BAYL,18,33.8,10.8,3.8,10.4,0.369,2.3,6.9,0.336,0.8,1.1,0.789,0.4,2.2,2.6,2.9,0.7,0.1,1.4,2.2
1007,Aiden Argabright,RICH,17,25.2,10.8,2.8,6.6,0.425,1,2.5,0.395,4.2,5.1,0.826,0.3,1.5,1.8,1.9,1,0,0.7,2.2
1008,Andrew Holifield,LAMAR,22,28.5,10.8,3.3,9.7,0.336,1.7,6,0.282,2.6,2.8,0.919,1.2,2.8,4,1.3,0.7,1.5,1.7,1.9
1009,Cbo Newton,ACU,16,27.3,10.8,4.1,8.3,0.492,1,3.4,0.291,1.7,2.6,0.643,0.6,1.3,1.9,1,0.9,0.3,1.5,2.5
1010,Nikolaos Chitikoudis,RMU,20,25.7,10.8,4.7,9.2,0.511,0,0.1,0,1.4,3.3,0.431,3.6,4.5,8,1.9,0.6,0.8,1.4,2.4
1011,B.J. Davis,SDSU,20,22.9,10.8,3.7,8,0.463,1.2,3.2,0.365,2.3,2.8,0.818,0.5,2.7,3.2,2.4,0.9,0.1,0.9,2.3
1012,Tyler Hendricks,UVU,15,29.7,10.8,3.9,8.3,0.472,1.7,4.3,0.385,1.3,1.5,0.826,0.9,3,3.9,1.7,1.3,0.6,1.3,2.1
1013,Cameron Williams,UP,15,25.2,10.8,3.9,8.6,0.45,0.4,1.5,0.261,2.7,3.4,0.784,1.9,2.7,4.5,0.7,0.3,0.3,1,3
1014,Ose Okojie,HWRD,14,26,10.8,3.4,6.2,0.552,0.5,0.9,0.538,3.4,5.1,0.667,2.3,1.7,4,1.8,1.5,0.5,1.5,3.7
1015,Danilo Dozic,PEPP,14,30.9,10.8,3.8,8.6,0.438,1.9,4.6,0.406,1.4,1.8,0.76,0.7,2,2.7,1.4,0.5,0.4,1.3,1
1016,Miles Rubin,L-IL,18,30.2,10.8,4.9,8.8,0.563,0,0.1,0,0.9,2,0.444,2,5.4,7.4,2.8,0.8,2.3,2.4,2.1
1017,Charlie Williams,LIP,18,21.8,10.8,4.2,8.3,0.503,1.2,3,0.389,1.3,1.7,0.767,0.6,2.1,2.7,2.3,0.6,0.8,1.5,2.5
1018,Day Day Thomas,CINCY,18,31.2,10.8,3.7,9.9,0.369,2,5.7,0.35,1.4,1.7,0.839,0.5,2.6,3.1,3.2,1.2,0.5,1.8,2.4
1019,Zach Bloch,NOCOL,18,33.4,10.8,3.4,8.8,0.386,2.7,7.2,0.38,1.3,1.6,0.793,0.2,2.1,2.2,1.9,1.4,0.1,0.8,2.7
1020,Mayar Wol,BGSU,18,21.8,10.8,3.9,8.6,0.455,1.7,4.2,0.395,1.3,1.8,0.75,0.7,2.2,2.9,0.6,0.8,0.5,1.2,1.1
1021,Derrius Ward,GRAMB,18,32.8,10.8,3.5,9.7,0.36,1.7,5.2,0.323,2.1,2.6,0.809,0.8,2.8,3.6,2.1,1.2,0.3,2,1.9
1022,Sam Lewis,UVA,18,26.4,10.8,3.8,8.8,0.434,1.6,4.7,0.345,1.5,1.9,0.771,0.7,2.8,3.5,1.5,0.6,0.3,1.6,2.3
1023,Kilian Brockhoff,W&M,18,21.6,10.8,3.7,7.9,0.465,1.2,3.7,0.328,2.2,3.2,0.702,0.5,2.3,2.8,1.8,0.7,0.6,1.9,2.7
1024,Josiah Shackelford,BGSU,18,23.8,10.8,3.8,8.6,0.439,1.2,3.1,0.393,2,2.8,0.72,0.8,3,3.8,0.9,0.6,0,0.8,2.4
1025,Demarco Bethea,HCU,22,27.3,10.8,4.3,7.8,0.552,0,0.2,0,2.1,3.5,0.61,2.5,3.1,5.6,1.2,0.9,0.1,1.8,2.4
1026,Gavin Griffiths,TEM,17,31.3,10.8,4.1,10.5,0.391,2.1,6.8,0.31,0.4,0.9,0.438,1,4.4,5.4,1.4,1.1,1.9,1.1,2.1
1027,Grant Stubblefield,OMAHA,16,30.6,10.8,3.9,7,0.554,0.6,1.6,0.36,2.4,3.1,0.78,0.3,3.2,3.5,3.8,1.6,0.4,1.1,2.9
1028,Ja'Sean Glover,OMAHA,15,22.6,10.7,3.3,7.8,0.427,1.1,3.3,0.327,3,3.3,0.9,0.3,2.6,2.9,1.7,0.7,0.3,2,1.6
1029,Antwone Woolfolk,MIAMI,18,24.1,10.7,4.2,6.4,0.647,0.5,1.2,0.409,1.9,3.1,0.618,1.1,4.3,5.4,1.4,1.4,0.7,1.4,2.3
1030,Greedy Williams,UNCW,18,32.8,10.7,3.2,7.1,0.457,0.9,2.5,0.378,3.3,4.3,0.779,0.4,2.3,2.7,4.6,1.2,0.2,1.7,1.4
1031,Luke Moore,UCA,18,30.6,10.7,3.7,8.9,0.41,1.3,3.5,0.381,2.1,3,0.685,0.6,1.8,2.4,3.5,1.6,0.2,1.2,1.2
1032,Isaiah Sy,ORST,18,30.4,10.7,3,8.8,0.342,2.1,5.7,0.373,2.6,2.9,0.887,0.8,4.5,5.3,1.6,0.6,0.3,1.5,2.2
1033,Cash Chavis,UTA,18,26.6,10.7,3.7,9.3,0.395,0.6,1.7,0.355,2.8,3.5,0.794,0.5,1.9,2.4,3.1,0.9,0.4,2.2,2.7
1034,Adam Hinton,COR,14,24.6,10.7,3.9,8.5,0.454,1.7,4.5,0.381,1.3,1.8,0.72,0.9,2.4,3.3,1.4,0.6,0.4,1.1,2.6
1035,Tidjiane Dioumassi,WCU,17,27,10.7,4.1,8.6,0.469,1,2.4,0.415,1.6,2.1,0.75,1.5,2.1,3.6,2.8,0.4,0,1.5,3
1036,Arnas Sakenis,SIUE,20,28,10.7,4.5,6.7,0.669,0,0.1,0,1.8,3.2,0.571,3,2.8,5.8,0.7,0.8,2.6,0.7,1.1
1037,Kosy Akametu,IONA,20,24.7,10.7,3.6,9.1,0.398,1,3.1,0.306,2.6,3.3,0.785,1.7,3.1,4.7,1,0.6,0.4,1.5,2.3
1038,Logan Kinsey,DEN,16,30.1,10.7,4.2,7.8,0.536,0.3,1.4,0.227,2,2.9,0.696,2,2.3,4.3,1.1,0.5,0.3,1,3.1
1039,"Scooter Williams, Jr.",LATCH,16,22.1,10.7,3.7,8.8,0.421,0.9,2.9,0.304,2.4,3.7,0.661,0.9,1.9,2.9,1.6,0.7,0.3,0.8,1.4
1040,Raysean Seamster,UTA,18,30.6,10.7,4.1,8.9,0.46,0.3,1.4,0.24,2.1,3.4,0.623,2.1,4,6.1,1.9,1.6,0.6,1.8,2.3
1041,Ben Tweedy,COLGT,18,31.8,10.7,3.3,7.3,0.45,1.4,3.8,0.382,2.7,3.8,0.706,0.7,2.6,3.3,3.1,0.9,0.1,1.4,1.7
1042,Jahari Williamson,KENT,18,25.9,10.7,3.2,6.9,0.464,2.6,5.5,0.465,1.7,1.9,0.857,0.9,0.9,1.8,1.1,0.8,0.1,0.4,2.3
1043,Juan Sebastian Gorosito,SAND,18,24.4,10.7,3.6,8.8,0.409,2.2,5.9,0.364,1.3,1.4,0.92,0.5,2.2,2.7,2.1,0.9,0.1,1.4,1.4
1044,Urban Klavzar,FLA,18,21.6,10.7,3.4,7.1,0.477,2.4,5.4,0.439,1.5,1.7,0.9,0.2,1.2,1.4,1.3,0.4,0.1,0.8,1.9
1045,K.J. Robinson,NEWHA,15,25.4,10.7,3.1,8,0.392,1.3,3.7,0.339,3.1,3.5,0.904,0.4,1.3,1.7,2.2,0.4,0,1.9,1.9
1046,"A.J. Bates, Jr.",LATCH,20,34.8,10.7,3.6,10.9,0.327,0.9,4,0.213,2.7,3.5,0.771,0.5,2.4,2.8,5.9,1.4,0.1,2.6,2.2
1047,Devin Askew,VILL,20,23.6,10.7,3.4,8.7,0.391,2.1,4.9,0.433,1.8,2,0.875,0.6,2.2,2.8,2.2,1.1,0.1,1.3,2.5
1048,John Kinziger,ILLST,20,32,10.7,3.7,10.4,0.356,1.5,5.5,0.275,1.8,2.3,0.778,0.5,2,2.5,3.3,1,0.1,2,1.6
1049,Nils Cooper,UCD,17,22.8,10.6,3.8,7.4,0.512,0.2,1.4,0.125,2.9,3.9,0.746,1.6,3,4.6,1.8,1.4,0.4,1.3,2.6
1050,Tyler Ringgold,TULAN,17,25.1,10.6,3.4,7.5,0.453,1,2.6,0.378,2.8,4.2,0.667,0.8,2.7,3.5,1.8,1.3,1.1,1.8,3.5
1051,Isaac Celiscar,YALE,14,31.6,10.6,3.9,7.4,0.519,0.6,1.8,0.36,2.3,3,0.762,1.7,5.1,6.9,3.6,0.8,0.3,1.1,1.6
1052,Jaedaun Slack,NCCU,14,27.3,10.6,3.1,8.2,0.374,1.1,3.1,0.349,3.4,4.9,0.706,1.2,2,3.2,1.1,0.6,0.1,1.5,1.9
1053,Sean Blake,UVM,16,30.3,10.6,3.7,7.9,0.465,0.8,1.8,0.414,2.5,3.6,0.69,0.5,3.8,4.3,4.1,0.9,0.4,2.2,2.5
1054,Kalen Garry,SDKSU,16,31,10.6,4,9.9,0.405,1.4,4.8,0.286,1.3,1.7,0.741,0.9,4.2,5.1,3.7,0.5,0.1,1.5,2.9
1055,Jackson Benigni,BNGH,16,33.7,10.6,3.1,6.2,0.495,2.4,5.2,0.458,2.1,2.3,0.919,0.2,3.4,3.6,0.9,0.9,0.1,0.8,2.9
1056,Tony Osburn,OMAHA,16,34.3,10.6,3.5,8.9,0.394,2.6,6.3,0.406,1.1,1.4,0.773,0.4,3.1,3.5,1.6,0.9,0.1,1.1,1.6
1057,L.J. Thomas,ODU,16,27.1,10.6,4.2,9.2,0.456,0.3,0.8,0.308,2,2.8,0.711,0.5,3.2,3.7,3,1.1,0.2,2.1,2.9
1058,Rich Smith,ACU,18,30.6,10.6,3.9,7.3,0.542,0,0.3,0,2.7,4.6,0.598,1.9,2.6,4.5,4.7,2.1,0.3,2.7,2.8
1059,Samet Yigitoglu,SMU,18,28.8,10.6,4.6,7.3,0.626,0,0.1,0,1.5,3.1,0.482,3.7,3.4,7.1,1.6,0.4,1.2,2.1,3.4
1060,Austin Parks,U of T,18,26.3,10.6,3.9,6.6,0.588,0.1,0.2,0.5,2.7,3.9,0.69,1.7,3.8,5.5,1.8,0.5,1.6,1.9,2.6
1061,Javohn Garcia,MCNST,18,29.1,10.6,3.8,8.4,0.45,1.2,3.6,0.344,1.8,2.6,0.702,0.5,2.6,3.1,1.6,1.7,0.5,0.6,1.7
1062,Taj Walters,NIU,18,32.7,10.6,3.7,8.1,0.459,1.4,3.4,0.41,1.8,2.2,0.821,1.8,4.2,6.1,0.7,0.9,0.5,1.6,2.4
1063,Pop Isaacs Jr.,TAMU,18,23.7,10.6,3.4,7.8,0.436,1.8,4.6,0.386,2.1,2.7,0.755,0.6,2.6,3.1,2.8,0.7,0.1,1.4,1.8
1064,Eric Parnell,FDU,18,26.4,10.6,3.6,10,0.356,2.3,7.6,0.307,1.2,1.4,0.84,0.4,1.6,2,0.4,0.4,0.1,0.3,1.8
1065,Antoine Lorick III,TNST,20,23.8,10.6,4.2,7.9,0.535,0.3,1.3,0.2,2,3.3,0.6,1.7,3.4,5.1,1.2,1.1,1.7,1.6,2.8
1066,Tavion Banks,IOWA,20,24.6,10.6,3.6,7.1,0.507,0.5,1.3,0.4,2.9,3.4,0.853,1.7,3.3,5,1.5,0.9,0.2,1.4,2.9
1067,Brent Moss,UTSA,17,29.9,10.6,3.8,10.4,0.362,1.9,5.6,0.347,1.1,1.5,0.731,1.6,3.7,5.3,1,1.4,0.6,1.2,2
1068,Malek Abdelgowad,SUBR,12,18.8,10.6,3.4,6.3,0.539,0.1,0.3,0.25,3.7,4.8,0.772,2.3,4,6.3,0.6,0.6,0.4,1.6,2.3
1069,Kelechi Okworogwo,NCCU,14,28.6,10.6,4.4,6.9,0.646,0.2,0.4,0.5,1.5,2.2,0.677,1.9,3.4,5.4,0.6,0.6,1.6,0.9,1.9
1070,Kye Lindsay,UAB,14,23.4,10.6,4.1,7.9,0.518,0.1,0.1,0.5,2.4,3,0.786,1.7,3.9,5.6,0.7,0.4,0.9,0.9,3.2
1071,Malik Abdullahi,PRIN,14,31.5,10.6,3.8,6.6,0.576,0.1,0.6,0.125,2.9,4,0.732,1.6,3.9,5.5,1.3,0.3,0.5,1.7,2.6
1072,DaMariee Jones,SUBR,16,28.9,10.6,4.2,6.6,0.638,0,0.1,0,2.2,3.4,0.636,2.4,5.3,7.7,1.4,1.1,0.8,1.1,3.3
1073,"Keyon Kensie, Jr.",PORTL,18,31.7,10.6,3.5,8.7,0.401,0.9,2.6,0.34,2.7,3.6,0.738,1.3,5.3,6.7,1.1,1.5,0.7,1.5,2.2
1074,Lance Williams,PVAMU,18,37.6,10.6,3.2,7.1,0.445,0.9,2.1,0.459,3.3,3.9,0.843,0.7,3,3.7,3.4,0.9,0.2,1.7,1.9
1075,Cian Medley,KENT,18,34.5,10.6,3.2,9.2,0.343,1.4,5.4,0.268,2.8,3.5,0.794,0.2,2.3,2.5,6.7,1.2,0.1,3.1,2.3
1076,Rahmir Barno,FGCU,18,31.9,10.6,4.1,9.2,0.448,0.3,1.4,0.24,2,3.4,0.59,0.2,2.4,2.7,4.9,1.2,0.2,1.7,2.2
1077,Milhan Charles,UAPB,18,31,10.6,3.6,6.1,0.591,0.2,0.6,0.273,3.2,4.6,0.687,0.8,2.9,3.7,1.5,0.8,0.4,1.4,2.1
1078,Corey Washington,SMU,18,26.1,10.6,3.4,7.4,0.455,1.6,3.7,0.433,2.2,3.2,0.684,1.6,2.8,4.4,0.8,0.7,0.5,0.6,3.3
1079,Daniel Johnson,HMPTN,18,26.6,10.6,3.9,10,0.389,1.3,4.2,0.303,1.5,1.9,0.771,1.1,3.9,5,0.6,1.1,0.6,0.8,2.5
1080,Oziyah Sellers,STJ,20,30.1,10.6,4,9,0.439,1.3,4.2,0.313,1.4,1.6,0.844,0.6,2.2,2.8,1.8,0.6,0.3,0.3,2.2
1081,Layden Blocker,DEP,20,29.9,10.6,3.4,10,0.342,1.1,3.7,0.297,2.7,3.2,0.828,0.7,1.9,2.5,3.3,1.5,0.5,2.4,3
1082,Devin Dinkins,MAN,20,33.2,10.6,2.9,8.3,0.345,1.1,3.9,0.273,3.8,4.2,0.905,0.3,1.2,1.5,2.7,1.2,0.1,2,1.3
1083,Zee Hamoda,NICH,22,22.5,10.5,3.8,8.6,0.439,2.1,5.3,0.402,0.9,1.1,0.76,0.5,2.5,3,1.2,0.7,0.7,1.1,2.3
1084,Akai Fleming,GT,17,26.4,10.5,3.4,9.2,0.365,1,3.1,0.327,2.8,3.3,0.857,1,2.4,3.4,1.5,0.5,0.4,1.8,2.4
1085,Khaden Bennett,UWYOM,20,30.2,10.5,3.2,7.8,0.406,1.7,4.2,0.393,2.6,3.2,0.81,1.4,3.6,5,2.8,1.4,0.2,1.3,2.8
1086,Collin Chandler,UK,18,27.4,10.5,3.3,7.5,0.444,2.3,5.1,0.457,1.5,1.8,0.844,0.4,2.3,2.8,1.8,1.2,0.1,1.2,2.1
1087,"Jack Doumbia, Jr",TOWS,16,23.9,10.5,4.1,8.4,0.489,0.2,1.5,0.125,2.1,3.4,0.611,1.4,4.1,5.4,2.3,0.8,0.6,1.8,2.3
1088,Alex Williams,DUQ,18,20.6,10.5,3.1,7.2,0.431,1.5,3.8,0.397,2.8,3.3,0.833,0.9,2.9,3.8,0.8,0.6,0.1,1.1,1.9
1089,Karl Poom,NAU,18,20.5,10.5,3.9,7.5,0.526,0.4,1.7,0.233,2.2,4.1,0.548,1.1,2.2,3.3,1,0.3,0.1,1.8,2.2
1090,Jakai Sanders,MOYNE,15,29.7,10.5,3.3,8.1,0.413,1.1,2.8,0.381,2.7,3.8,0.719,0.6,2.7,3.3,3.8,0.9,0,2.2,0.8
1091,Sam Hoiberg,UNL,20,33.8,10.5,4,7.1,0.56,1.2,2.8,0.436,1.4,1.8,0.75,1,4.1,5.1,4.7,2.2,0.1,1.2,3.1
1092,Carson Cooper,MCHST,20,27.8,10.5,3.6,6.3,0.571,0.1,0.1,1,3.2,4,0.8,1.8,5.3,7.1,1.3,0.6,1,1.7,2
1093,Malique Ewin,ARK,18,21.9,10.4,3.7,6.7,0.554,0.1,0.2,0.667,2.9,3.9,0.743,2.8,2.9,5.7,0.8,0.6,1.1,1.3,2.7
1094,Ivan Kharchenkov,ARZ,18,29.3,10.4,4,8.3,0.48,0.7,2.8,0.26,1.7,2.4,0.721,1.1,3.2,4.3,2.4,1.2,0.4,1.4,1.6
1095,Rob Brown III,SB,18,31.6,10.4,3.4,8.3,0.407,2.4,6.3,0.386,1.2,1.5,0.815,0.7,2.6,3.3,1.1,0.5,0.3,1.2,2
1096,Ofri Naveh,ORU,16,29.6,10.4,3.6,8.4,0.43,0.4,1.8,0.241,2.8,4.4,0.62,1.3,5.2,6.4,1.8,1.1,0.4,1.9,3.2
1097,Markhi Strickland,NDSU,16,25.3,10.4,4.8,8.4,0.563,0,0.1,0,0.9,2.1,0.441,1.3,2,3.3,1.8,0.9,0.1,1.3,1.9
1098,Niko Rocak,UCD,19,25.1,10.4,3.2,6.3,0.5,1.3,3.1,0.414,2.8,4.2,0.675,1.5,3.9,5.4,1.9,0.8,1.4,1.9,3.1
1099,Trey Green,STLOU,17,23.1,10.4,3.5,7.4,0.468,2.9,6.1,0.471,0.6,0.7,0.833,0.5,2,2.5,1.2,0.9,0,0.5,1.4
1100,Andy Johnson,UIC,20,27.7,10.4,3,7.8,0.378,1.5,4.1,0.366,3,3.7,0.822,0.3,3.5,3.7,1.6,1,0.2,1.2,1.7
1101,Tru Washington,UMFL,15,26.5,10.4,3.7,9.3,0.403,1.1,3.2,0.333,1.9,2.6,0.718,1.4,2.5,3.9,1.6,1.5,0,1.3,1.5
1102,Jonah Hinton,URI,15,32.5,10.4,3.5,10.8,0.321,2.3,8.1,0.281,1.2,1.5,0.783,0.3,2.3,2.6,2.2,0.8,0.1,1.4,1.6
1103,Arman Madi,CSUS,18,28.7,10.4,3.7,7.5,0.489,1,3.1,0.321,2.1,2.8,0.74,1.3,2.4,3.7,2,1.7,0.7,1,2.2
1104,Myles Colvin,WF,18,27.4,10.4,3,8.3,0.36,1.6,4.8,0.337,2.8,2.9,0.943,1,3.3,4.3,1.4,1.3,0.3,1.5,2.4
1105,Bryce Roberts,TEXSO,18,27.7,10.4,3.7,8.7,0.42,2.3,5.7,0.402,0.8,0.9,0.824,0.7,1.6,2.2,1.7,1,0,1,1.2
1106,Elijah Strong,SOCAR,18,18.3,10.4,4.1,9.8,0.418,0.9,3.1,0.286,1.3,1.7,0.767,0.7,1.9,2.6,0.9,0.4,0.2,1,2.4
1107,Kayde Dotson,L-IL,13,27.6,10.4,3.5,8.6,0.402,2.3,5.8,0.4,1.2,1.5,0.75,0.2,2.5,2.8,2.4,0.7,0,1.8,2.7
1108,"Patrick Ngongba, Jr.",DUKE,16,21,10.4,3.6,6.2,0.576,0.3,0.8,0.308,3,4.3,0.706,2.1,3.4,5.6,1.6,0.6,0.8,1.1,2.7
1109,Ross Candelino,LIP,16,24.5,10.4,3.6,7.2,0.496,2.1,4.8,0.442,1.1,1.6,0.72,1.1,3.6,4.8,1.1,0.3,0.2,0.9,0.8
1110,Isaac Abidde,ALBNY,16,26.6,10.4,4,7.9,0.508,1.6,3.9,0.413,0.8,1.2,0.632,1.4,2.8,4.2,0.6,0.9,0.6,1.4,3.1
1111,Caden Diggs,UMBC,16,22.6,10.4,3.9,7.9,0.492,0.9,2.3,0.405,1.7,1.9,0.9,0.5,3.1,3.6,0.9,0.6,0.1,0.9,1.5
1112,Damoni Harrison,CHAR,17,21.8,10.4,3.4,7.2,0.467,2.4,5.6,0.432,1.2,1.4,0.913,0.6,1.6,2.2,0.6,0.2,0.1,0.9,1.3
1113,Leon Bond III,UNI,20,33.1,10.4,3.9,9,0.428,1.1,3.3,0.333,1.6,2,0.795,0.8,4.1,4.9,1.3,0.9,0.8,1,1.5
1114,Drew Steffe,SOILL,20,33,10.4,3.8,9.1,0.412,1.5,5,0.29,1.4,2.1,0.667,0.4,3.1,3.5,2.4,1.1,0.4,1.6,2.2
1115,Isaiah Griffin,WIU,20,27.5,10.4,3.2,9.2,0.35,0.9,3.3,0.277,3.1,4,0.772,0.4,2.6,3,1.2,0.8,0.1,1.7,1.8
1116,Tre-Vaughn Minott,PORTL,18,29.9,10.3,4.1,5.6,0.73,0,0,0,2.2,3.3,0.678,3.8,5.9,9.7,0.2,0.4,1.4,1.2,2.6
1117,Jalen Celestine,CINCY,18,27.8,10.3,3.6,8,0.451,2.6,6,0.426,0.6,0.7,0.769,1.1,2.6,3.7,1.7,1,0.2,0.7,1.7
1118,Alex Anderson,TEXSO,18,24.4,10.3,3.3,6.3,0.531,0.1,0.4,0.25,3.6,4.7,0.762,0.9,2.8,3.7,2.3,0.9,0.2,1.5,1.5
1119,Carter Welling,CLEM,18,22,10.3,3.3,7.1,0.469,0.4,1.8,0.219,3.3,4.4,0.738,1.4,4.1,5.4,1.2,0.8,0.8,1.3,2.6
1120,C.J. Brown,USOFL,18,26.4,10.3,3.2,8.7,0.372,0.4,1.6,0.276,3.4,4.8,0.713,0.8,3,3.8,4.6,0.8,0.3,1.8,3.2
1121,Jaylen Petty,TXTCH,18,31.5,10.3,3.6,8.2,0.432,2.3,5.8,0.39,0.9,1.4,0.68,0.7,3.4,4.2,2.3,0.4,0,1.1,2.9
1122,Christian May,UNCW,18,29.6,10.3,3.8,9,0.426,1.7,5,0.344,0.9,1.7,0.567,1.4,4.1,5.5,1.3,0.9,0.3,1.5,2.9
1123,Quentin Heady,BTHCK,18,24.6,10.3,3.6,6.9,0.516,0.2,1.1,0.158,3.1,3.8,0.809,0.9,2.7,3.7,1.3,0.9,0.3,1.4,1.9
1124,Ivan Juric,PENST,18,27.9,10.3,3.6,7,0.516,0.6,2.2,0.25,2.6,3.7,0.687,2,4.1,6.1,0.8,0.5,0.2,2.2,3.4
1125,Jake Johnson,STET,18,31,10.3,3.1,8,0.389,1.9,5.6,0.35,2.2,2.9,0.75,0.6,2.2,2.8,1.6,0.4,0,1.2,2.1
1126,Jacob Hudson,GWU,12,27.2,10.3,4,8.2,0.49,0.7,2,0.333,1.7,2.7,0.625,1.2,2.6,3.8,1.5,1.6,0.3,1.4,0.8
1127,"Dedan Thomas, Jr.",LSU,3,25.3,10.3,4.3,13.3,0.325,1,2.7,0.375,0.7,1,0.667,0.3,2,2.3,4,0.3,0,1,0.3
1128,Willie Williams,NSU,22,30.3,10.3,4.8,7.5,0.636,0,0.1,0.333,0.7,1.9,0.381,2.3,6.2,8.5,1.5,0.8,0.7,1.4,1.8
1129,Jamarques Lawrence,UNL,20,30,10.3,3.4,8.4,0.407,1.6,4.6,0.341,2,2.5,0.78,0.5,2.4,2.9,4.4,1,0.1,2.3,2.3
1130,Micah Davis,IUI,20,27.1,10.3,3.9,9.4,0.417,1.8,5.5,0.327,0.7,1,0.7,1,1.3,2.3,2.8,1.2,0.1,1.8,2.2
1131,Mason Gibson,TAMU-CC,20,23.1,10.3,3.3,7.9,0.418,1.5,4.3,0.341,2.3,3.1,0.726,0.4,1.8,2.2,1,1.1,0.1,1.1,1.3
1132,Bryson Wilson,BNGH,14,29.6,10.3,3.3,7.6,0.43,0.5,1.9,0.269,3.2,4.1,0.776,1.4,3.1,4.5,1.1,0.9,0.1,1.8,2.3
1133,Charles Johnston,FRMN,18,29.5,10.3,3.9,7.8,0.504,1,3.8,0.261,1.4,2.1,0.676,2.1,7,9.1,1.9,0.6,0.8,1.3,2.7
1134,Adrian McIntyre,SAND,18,25.9,10.3,3.9,7.6,0.515,0.6,2.2,0.275,1.9,2.7,0.694,1.4,2.6,4,3.2,1.2,0.1,1.7,1.5
1135,Kellen Thames,STLOU,18,17.8,10.3,4.2,6.6,0.644,0.1,0.3,0.333,1.7,3,0.574,1.1,3.3,4.4,1.8,1.1,0.2,1.4,1.5
1136,Dylan Ducommun,NIU,18,30.2,10.3,3.3,11,0.303,2.1,7.8,0.271,1.5,2.2,0.692,0.3,2.6,2.9,3,0.8,0.3,2.9,2.5
1137,Wilson Jacques,FRSNO,20,30.1,10.3,3.9,8,0.488,0.2,0.5,0.3,2.3,3.1,0.754,3.4,6.2,9.6,1,0.8,0.9,2.2,2.8
1138,Jevin Muniz,COLST,20,30.9,10.3,3.7,7.5,0.49,1,2.9,0.333,2,2.9,0.702,0.7,3,3.7,4.9,1,0.2,1.6,2.2
1139,Gregory Lawson II,EMICH,17,24.6,10.2,3.7,8.7,0.426,2,4.4,0.453,0.8,0.8,1,0.3,1.1,1.4,0.9,0.3,0.1,0.6,1.1
1140,Jamison Guerra,IDHST,18,25.6,10.2,3.3,7.7,0.432,1.3,2.9,0.434,2.3,2.7,0.854,0.5,1.8,2.3,3.7,0.4,0.1,1.5,1.9
1141,Melo Sanchez,CCSU,18,26.5,10.2,3.7,7.8,0.475,2.1,4.8,0.442,0.7,0.9,0.75,0.5,1.9,2.4,0.7,1,0.2,0.9,1.8
1142,Donovan Rivers,JAC,18,22.3,10.2,3.4,6.3,0.549,0,0.1,0,3.3,4.7,0.714,1.7,2.8,4.5,0.7,0.3,0.4,1.9,2.9
1143,Titas Sargiunas,LIP,18,24.6,10.2,3.3,8.4,0.395,1.8,5,0.356,1.8,2.6,0.681,0.2,1.5,1.7,1.9,1,0.1,1.6,1.9
1144,Denver Anglin,IONA,19,29.2,10.2,3.5,9.9,0.354,2.2,6.7,0.328,0.9,1.2,0.783,0.2,1.9,2.1,1.5,1.2,0.1,0.8,1.2
1145,Uriah Tenette,UNM,20,27,10.2,3.1,7.8,0.397,1.2,3.5,0.348,2.8,3.4,0.836,0.9,1.8,2.7,2.9,1.3,0.1,0.9,2.6
1146,Damian Garcia,TAMUC,22,29.2,10.2,3.6,9.1,0.398,1.5,5,0.294,1.5,2.7,0.542,0.9,2.5,3.4,2.4,1.2,0.5,1.8,1.7
1147,Micah Octave,FAMU,18,32.9,10.2,3.4,6.9,0.496,1.4,3.8,0.368,1.9,3.2,0.586,2.4,5.5,7.9,1.9,2.6,0.4,1.9,2.2
1148,Eemeli Yalaho,WSU,18,29.7,10.2,3.6,7.8,0.457,1.7,4.3,0.385,1.4,2,0.694,1.4,4.2,5.6,2.2,0.4,0.4,2.2,1.6
1149,Tate Darner,CHATT,18,31.2,10.2,3.4,8.2,0.422,1.4,4.7,0.298,1.9,2.5,0.756,1.1,3.8,4.8,2.2,0.8,0.2,1.3,1.5
1150,Jayden Pierre,TCU,18,31.7,10.2,3.7,8.7,0.423,1.2,3.9,0.31,1.6,1.9,0.829,0.3,2,2.3,2.9,1,0.3,1.1,2.8
1151,Chace Watley,WOFF,18,28.3,10.2,3.4,8.6,0.4,0.7,3.2,0.224,2.6,3.1,0.836,0.8,2.9,3.7,1.2,0.7,0.2,1.1,2.7
1152,K'Jei Parker,UMass,18,21.1,10.2,3.3,7.9,0.415,2,4.9,0.404,1.6,1.7,0.935,0.2,1.9,2.1,1.7,0.4,0,1.2,1.8
1153,Elliot Cadeau,MICH,20,27.4,10.2,3.4,7.8,0.432,1.4,4,0.354,2.1,2.8,0.732,0.3,2.1,2.4,5.9,0.7,0.2,2.4,1.9
1154,Brett White,OAKL,20,27.1,10.2,3.3,8.2,0.402,2.6,6.9,0.37,1,1.3,0.8,0.7,2.7,3.4,0.8,0.7,0.5,0.4,1.6
1155,Armelo Boone,WKU,17,25.7,10.1,3.7,10.5,0.352,0.9,3.4,0.281,1.8,2.6,0.667,1.8,4.6,6.4,1.9,1.1,0.5,1.9,1.5
1156,Evan Mahaffey,AKR,18,27.7,10.1,4.3,7.6,0.569,0.3,1.4,0.231,1.1,1.7,0.667,2.2,3.7,5.9,3.2,1.8,0.6,1.7,2.4
1157,Legend Geeter,UDM,18,28.1,10.1,3.6,6.8,0.52,0.4,1.2,0.333,2.6,3.6,0.734,2.1,4.9,7,2.8,0.7,0.3,1.8,2.7
1158,Anton Brookshire,APSU,18,27.3,10.1,2.8,6.6,0.432,2.1,5.1,0.413,2.3,2.9,0.808,0.4,2.2,2.6,2.8,1.1,0.1,1.6,1.7
1159,LeJuan Watts,TXTCH,18,27.7,10.1,3.3,8.7,0.378,0.7,2.3,0.286,2.9,3.8,0.754,2.3,3.9,6.2,2.3,0.8,0.2,2.6,2.4
1160,Bradley Douglas,JMU,18,26.8,10.1,3.5,8.9,0.394,1.4,4.5,0.321,1.7,2.4,0.682,0.3,1.8,2.1,3,0.5,0.1,2.3,1.6
1161,Sterling Young,INDST,18,22.7,10.1,3.7,8.8,0.418,1.7,4.7,0.365,1.1,1.3,0.826,0.4,1.2,1.7,2.1,0.7,0.1,1.7,1.8
1162,Braxton Stacker,SEMO,20,28,10.1,3.2,8.6,0.372,1.1,3.9,0.273,2.7,3.7,0.726,0.9,2.9,3.8,1.2,0.8,0.6,1.3,2.6
1163,Dionte Johnson,NCCU,14,33.4,10.1,3.4,8.1,0.416,1.3,3.4,0.383,2.1,2.9,0.707,1,3.1,4.1,4.9,1.7,0,2.2,3.1
1164,Carter Bjerke,STTOM,16,26.4,10.1,3.4,6.2,0.545,2.8,5.2,0.53,0.6,1.2,0.474,0.7,2.8,3.4,1.3,0.3,0.3,0.6,2.7
1165,Fatt Hill,GMU,16,26.1,10.1,3.2,7.1,0.447,0.4,1.2,0.316,3.3,4.1,0.815,0.4,3.3,3.7,2.2,0.6,0.3,1.6,2.7
1166,Darius Livingston,RMU,16,25.1,10.1,3.5,8.6,0.409,2.7,6.4,0.422,0.4,0.5,0.75,0.1,1.5,1.6,2.5,0.8,0.3,2.5,1.1
1167,Jack Smiley,BLMNT,20,20.4,10.1,3.5,7.5,0.47,1.6,3.8,0.408,1.5,1.7,0.882,0.2,1.9,2.1,3.2,0.6,0.1,1.3,1.6
1168,Josh Ingram,LEHI,18,36.7,10,3.7,7.4,0.504,1.2,3.2,0.379,1.3,1.8,0.727,0.7,4.2,4.9,4.7,1.5,0.8,2.2,2.2
1169,David Dixon,DUQ,18,25.9,10,3.5,5.9,0.589,0.1,0.6,0.182,2.9,3.9,0.732,2.8,4.1,6.8,1.4,1.4,2.2,2,3.4
1170,Brady Shoulders,MER,16,30.4,10,3.5,7.6,0.463,1.1,2.8,0.386,1.9,2.6,0.756,1.7,4.8,6.4,1.8,1.4,0.3,1.6,2
1171,Boden Skunberg,ILLST,19,27.5,10,3.6,7.4,0.482,1.9,4.4,0.44,0.9,1.2,0.773,1,3.4,4.4,1.4,0.3,0.1,1.4,2.5
1172,Treysen Eaglestaff,WVU,18,32.3,10,3.7,9.4,0.391,1.8,5.2,0.355,0.8,1.2,0.714,0.8,4.4,5.2,1.7,1.1,0.3,1.7,2.4
1173,J.P. Estrella,TENN,16,20.1,10,4.1,7.4,0.559,0.1,0.3,0.4,1.6,2.5,0.65,2.8,2.7,5.5,0.8,0.3,0.4,0.9,2.4
1174,Kyle Jorgensen,COLST,15,24,10,3.6,7.5,0.482,1.5,3.8,0.404,1.3,1.7,0.731,0.7,2.4,3.1,1.8,0.6,0.5,1.4,2.1
1175,Dwayne Pierce,NC A&T,14,31,10,3.2,8.9,0.363,1.4,4.4,0.328,2.1,3.6,0.6,0.6,1.9,2.4,3.2,0.6,0.2,2,2.9
1176,Marvin McGhee III,UTRGV,22,30.9,10,3.2,7.7,0.412,2.3,5.5,0.413,1.3,1.5,0.906,0.8,4.5,5.3,0.9,0.8,0,0.7,2
1177,Christian Williams,CSFUL,20,25.9,10,3.6,8.1,0.438,1.9,5.1,0.373,1,1.2,0.792,0.6,2.4,3,1.9,2.1,0.1,1.4,2.3
1178,Rikus Schulte,FORD,18,31.2,9.9,4.2,8.1,0.524,0.3,1.1,0.263,1.2,2.3,0.524,3.9,4.8,8.7,1.2,1.3,0.4,1.8,2.7
1179,Xzavier Long,HMPTN,18,34.7,9.9,3.1,7.6,0.409,0.8,2.9,0.264,2.9,4,0.736,2.5,6.1,8.6,1.7,1.1,0.6,1.8,2.4
1180,Barry Wang,SANFR,18,21.9,9.9,3.1,6.1,0.5,1.4,3.4,0.41,2.4,3.2,0.759,1.2,1.5,2.7,0.7,0.6,0.4,1.2,2.1
1181,Doyel Cockrill III,CHIST,18,24.3,9.9,3,9.1,0.329,1.8,5.5,0.333,2.1,2.4,0.864,0.6,2.2,2.7,1.8,0.9,0,1.1,1.2
1182,Emanuel Richards,LONG,16,25.9,9.9,3.5,7.6,0.463,0.9,2.3,0.405,2,2.6,0.762,0.9,2.6,3.4,1.2,0.9,0.1,1.9,2.3
1183,Comeh Emuobor,NEWHA,14,19.7,9.9,3.8,8.6,0.438,0.1,0.4,0.2,2.3,3.6,0.627,2.1,2.1,4.2,0.6,0.4,0.1,1.5,1.5
1184,Dorian Hayes,UTSA,14,30.7,9.9,3,7.9,0.382,2.1,5.8,0.37,1.8,2.5,0.714,0.1,1.6,1.7,1.4,0.7,0.1,1.2,2.6
1185,Miles Webb,DESU,13,25.4,9.9,4.2,7.5,0.567,0.3,0.8,0.4,1.2,2.2,0.536,1.2,4.5,5.7,0.6,0.5,0.3,1.9,2.8
1186,Justin Begg,SHSU,12,26.2,9.9,3.6,8.3,0.434,1.6,4.3,0.373,1.2,1.7,0.7,0.2,2.6,2.8,3.1,0.6,0.1,3.3,2
1187,Solomon Washington,UMD,20,31.5,9.9,3.4,7.8,0.436,0.5,1.7,0.273,2.7,4.1,0.654,3,6.1,9,1.2,1.3,0.9,1.8,3.2
1188,Larry Olayinka,FIU,20,24.7,9.9,4.2,8,0.525,0,0.3,0,1.5,2.9,0.526,3,4.2,7.1,0.9,0.9,1.3,1.7,3.7
1189,Eli Shetlar,DRAKE,20,29,9.9,3.3,7.5,0.443,2.5,6,0.42,0.8,1.3,0.64,0.7,3.9,4.6,1.3,0.6,0.2,0.5,2.3
1190,Macon Emory,DEL,20,37.7,9.9,3.7,9.4,0.388,1.5,5.2,0.288,1.1,1.6,0.688,1.1,5.2,6.3,1,1.1,0.5,1.3,3
1191,Isaac Finlinson,HAW,20,24.8,9.9,3.6,7.1,0.5,1.1,2.9,0.386,1.7,2.8,0.618,0.9,3,3.9,0.9,0.8,0.4,1.4,1.8
1192,Toby Harris,IONA,20,27.5,9.9,3.4,8.4,0.407,2.7,7.3,0.372,0.4,0.5,0.8,0.3,2.9,3.1,1,0.5,0.4,1.1,1.9
1193,Bryce Quinet,UE,20,31,9.9,3.6,8.6,0.419,0.8,2.6,0.314,1.9,2.5,0.776,0.3,2.1,2.4,2.7,0.9,0.1,2.1,1.9
1194,"Damien Mayo, Jr.",SOILL,19,26.2,9.9,3.6,8.3,0.439,1.3,3.6,0.353,1.4,1.7,0.788,0.8,2.1,2.9,1.9,1.3,0.4,1.1,2.8
1195,Caleb Van De Griend,IDHST,18,17.1,9.9,3.9,7.7,0.504,0.3,1.3,0.25,1.8,2.8,0.627,2.7,3.3,6.1,0.6,0.4,0.6,1.1,1.9
1196,Jeremiah Davis,MTSTU,17,26.1,9.9,3.5,6.7,0.526,1.2,2.7,0.457,1.6,2.1,0.771,0.4,2.2,2.5,1.4,1.5,0.4,1.2,1.8
1197,Tahlan Pettway,WCU,17,22.1,9.9,3.3,7.1,0.463,2.2,5.1,0.43,1.1,1.4,0.792,0.4,1.6,2,2.1,0.8,0,0.9,1.8
1198,Donovan Draper,USNA,16,26.9,9.9,3.6,7.1,0.5,0.1,0.8,0.154,2.6,3.1,0.857,2.6,4.4,6.9,2.7,2.2,0.7,1.4,2.6
1199,Sami Pissis,AAMU,16,29.1,9.9,3.4,8.9,0.385,1.2,3.6,0.328,1.8,2.4,0.763,0.4,3,3.4,3.9,1.6,0.1,1.7,2.9
1200,Christian Henry,FORD,16,30,9.9,3.1,10.1,0.311,0.9,4,0.219,2.8,4.7,0.587,0.6,2.4,3.1,5.1,1.6,0.1,2.9,1.8
1201,Jack Stanton,PRIN,8,29.1,9.9,2.8,6.5,0.423,2,5.5,0.364,2.4,2.6,0.905,0.3,2.3,2.5,1.1,0.9,0.3,0.4,2.5
1202,Austin Rapp,UWISC,15,21.7,9.9,3.3,7.3,0.459,2.1,5.1,0.408,1.1,1.3,0.85,0.9,2.7,3.6,1.3,0.6,0.1,0.7,2.4
1203,Rolyns Aligbe,SOILL,20,25.4,9.9,3.6,8.3,0.434,1.1,3.1,0.355,1.6,2.2,0.705,2.3,5.3,7.6,0.8,1.2,0.7,1.4,2.7
1204,Eoin Dillon,BLMNT,20,18.8,9.9,3.4,6.3,0.532,1.9,3.9,0.487,1.3,1.4,0.893,1,1.8,2.7,1.7,0.6,0.4,1.1,1.6
1205,Zaakir Williamson,STPC,20,24.9,9.9,3.9,8.2,0.476,0.2,0.7,0.308,1.9,2.4,0.787,2.6,3,5.5,1,0.9,1,1.4,3
1206,Jerquarius Stanback,ALAST,18,25,9.8,3.7,6.5,0.564,0.2,0.4,0.375,2.3,3.4,0.689,2.4,3.8,6.2,0.7,0.9,1.9,1.8,2.8
1207,Josh Omojafo,USOFL,18,28.1,9.8,2.8,6.2,0.455,0.7,2.1,0.324,3.5,4.8,0.733,2.2,3.3,5.5,1.4,0.7,0.1,1.2,1.9
1208,Geoff Sprouse,AMERU,18,28.4,9.8,3.4,7.8,0.433,2.6,6.4,0.405,0.4,0.6,0.727,0.2,2.1,2.2,1.8,1.2,0.1,0.8,2
1209,Connor Hickman,C of C,16,30.2,9.8,3.3,8.4,0.396,1.5,4.8,0.316,1.7,2.1,0.794,0.4,2.5,2.9,1.4,0.9,0,1.2,2
1210,Kashie Natt,SHSU,20,27,9.8,2.9,7.4,0.392,1,2.6,0.373,3.1,3.7,0.824,1.9,6.5,8.3,2.5,2,0.4,1.3,2.5
1211,Mike Evbagharu,CAN,20,34.5,9.8,3.9,8.3,0.467,0.4,1.4,0.296,1.7,2.4,0.708,2.6,5,7.6,3.2,1.1,0.1,2.5,2.1
1212,Tyreek Coleman,ILLST,20,22.7,9.8,3.3,6.8,0.485,1,2.6,0.392,2.2,3.1,0.721,0.5,2.9,3.4,1.9,1.1,0.2,1.8,1.7
1213,Roddie Anderson III,XAV,20,23.9,9.8,3.8,9.6,0.396,0.8,3,0.267,1.4,2.2,0.651,0.6,3,3.6,2,1.4,0.2,1.2,2
1214,Rakim Chaney,VAL,20,29.2,9.8,3.3,9.1,0.357,1.7,5.1,0.337,1.6,2.3,0.711,0.5,3,3.4,2.8,1.2,0.2,1.7,2.4
1215,Kasheem Grady II,UMKC,15,25.7,9.8,3.3,8.7,0.385,1.3,4.9,0.26,1.9,2.6,0.718,0.8,3,3.8,1,0.9,0.2,1,1
1216,Jaden Cooper,UMES,14,31,9.8,3.4,8.4,0.398,1.4,4.4,0.328,1.6,2.1,0.793,0.7,3.1,3.9,1.4,0.8,0.1,1.6,1.6
1217,"Walter Peggs, Jr.",MORST,14,19.5,9.8,3.1,7.4,0.417,2.1,4.9,0.426,1.6,2,0.786,0.4,1.9,2.3,0.1,0.5,0,0.6,0.6
1218,Somto Cyril,UGA,18,22.9,9.8,3.8,5.2,0.731,0,0.1,0,2.2,3.7,0.606,2.4,2.7,5.1,0.6,0.7,2.2,0.9,2.8
1219,Victor Panov,DREX,18,30.7,9.8,3.2,8.5,0.379,1.8,5.7,0.314,1.6,2.3,0.683,1.8,3.7,5.5,2.1,1.1,0.9,1.2,2.2
1220,Mike Sharavjamts,SOCAR,18,30.7,9.8,3.4,7.7,0.439,0.9,2.4,0.372,2.1,2.5,0.844,1.2,4,5.2,2.1,0.7,0.9,1.4,2.2
1221,Azmar Abdullah,BSTN,18,33.5,9.8,3.1,6.7,0.455,2.2,4.6,0.482,1.4,1.7,0.867,0.8,3.9,4.7,1.5,0.8,0.3,1.3,2.7
1222,Chance Moore,WVU,18,21.2,9.8,3.7,7,0.532,0.4,1.2,0.333,1.9,4,0.486,1.8,3.2,4.9,0.6,0.7,0.6,1.3,1.1
1223,James O'Donnell,UP,18,21.2,9.8,3.7,5.4,0.68,0,0,0,2.4,3.7,0.657,1.2,2.4,3.6,1.3,0.5,0.5,1.9,2.8
1224,Marcus Hill,TAMU,18,23.7,9.8,3.8,8.1,0.473,0.4,1.8,0.25,1.7,2.2,0.75,1.4,2.1,3.5,1.2,0.8,0.2,0.9,2
1225,Filip Radakovic,UTM,18,28.6,9.8,2.8,7.4,0.373,0.3,1.7,0.194,3.9,4.9,0.795,2.1,2.6,4.7,2.6,1,0,2.9,1.9
1226,Devon Barnes,BLLST,18,22.3,9.8,2.9,7.7,0.381,1.7,4.6,0.373,2.2,2.7,0.813,0.1,0.9,1.1,2.1,1.2,0,0.8,1.4
1227,Zaire Hayes,TEXSO,18,28.9,9.8,3.4,8.2,0.415,1.6,4.2,0.373,1.4,1.7,0.839,0.5,1.6,2.1,1.3,1.1,0.2,1.2,2.3
1228,Ziare Wells,OAKL,20,27.5,9.8,4,7.8,0.506,0.9,2.2,0.395,1,1.6,0.645,0.9,3.2,4.1,2,1.7,0.4,1.3,1.1
1229,Matthew Mors,SDKSU,16,30.4,9.8,3.8,6.4,0.592,0.9,2.3,0.405,1.2,1.4,0.864,1.9,3.1,4.9,1.4,1,0.4,0.8,2
1230,Braeden Carrington,UWISC,20,19.8,9.8,2.8,6.6,0.424,2.5,5.8,0.426,1.7,2.1,0.81,0.7,2.2,2.9,1.2,0.4,0.4,0.5,1.6
1231,Johan Nziemi,LONG,16,25.9,9.8,3.1,6.5,0.481,0.3,0.8,0.385,3.2,4.7,0.68,1.9,3.6,5.5,1.9,1.1,0.4,2.4,2.7
1232,Aaron Bradshaw,MEMP,16,19.7,9.8,3.8,6.6,0.571,0.4,0.9,0.5,1.8,2.1,0.853,2.4,2.3,4.8,0.8,0.4,0.6,1.7,2.8
1233,Tayshawn Comer,UNR,20,24.7,9.8,3.1,8.4,0.365,1.1,3,0.367,2.6,3.1,0.823,0.3,1.5,1.8,3.7,0.6,0,2.1,2
1234,Tom House,FRMN,16,25.9,9.8,3.3,8.1,0.4,1.9,5.4,0.345,1.4,1.8,0.786,0.3,2.6,2.9,1.3,0.4,0.2,0.8,1
1235,Jayson Petty,UMKC,16,30,9.8,3.3,9,0.368,1.8,5.3,0.329,1.4,1.6,0.88,0.9,2.9,3.8,1.7,0.9,0.6,1.9,2.6
1236,Jack Graham,NEWHA,16,26.7,9.8,3.4,9.5,0.362,1.7,5.9,0.284,1.2,1.9,0.633,0.4,3,3.4,1,1.3,0.3,1.4,1.9
1237,Dion Brown,STLOU,18,23.4,9.7,4.2,7.4,0.564,0.7,1.8,0.406,0.7,1.1,0.6,1.2,3.3,4.5,1.4,0.9,0.3,1.7,3.1
1238,Jadrian Tracey,VCU,18,21.3,9.7,3.4,8,0.431,1.8,5.1,0.352,1.1,1.4,0.731,0.6,1.9,2.5,1.4,0.7,0.3,1.7,2.3
1239,Noah Treadwell,SCSU,14,22.1,9.7,3.1,8.2,0.374,2.4,6.8,0.358,1.1,1.7,0.667,0.3,0.9,1.2,0.7,0.6,0,1.2,1.1
1240,A'mare Bynum,OSU,20,30,9.7,3.8,7.8,0.487,0.9,2.8,0.321,1.2,1.7,0.706,0.9,3.6,4.5,0.8,0.7,0.9,0.9,2.9
1241,T.J. Simpkins,SETON,20,26,9.7,2.9,8.1,0.358,1.1,3.5,0.319,2.8,3.7,0.757,0.2,2.3,2.5,1.4,1.3,0.5,1,1.3
1242,"Robert Davis, Jr.",ODU,13,32.2,9.7,3.2,9.5,0.331,2.2,7,0.319,1.2,1.5,0.789,0.4,2.6,3,1.4,0.6,0,1.2,1.5
1243,D.J. Patrick,UNCA,16,35.8,9.7,3.3,8.2,0.397,2.6,6.5,0.394,0.6,0.9,0.667,0.9,3.4,4.3,0.8,1.2,0.5,0.8,3.1
1244,Luke Gray,ORU,16,18.9,9.7,3.6,7.7,0.463,1.1,3.7,0.305,1.4,2.1,0.697,1.3,2.9,4.2,0.4,0.3,1.1,0.4,2.7
1245,Tobe Awaka,ARZ,18,22.6,9.7,3.2,5.3,0.604,0.2,0.4,0.571,3,4.2,0.72,3.6,5.6,9.1,0.5,0.4,0.8,0.9,2.9
1246,Ring Nyeri,NOCOL,18,26.1,9.7,3.9,6.9,0.56,0.9,1.9,0.486,0.9,1.6,0.586,2,4.6,6.6,0.4,0.5,0.9,0.9,2.8
1247,Luke Hunger,GW,18,21.4,9.7,3.3,6.4,0.522,0.6,1.7,0.355,2.4,2.8,0.843,2.3,2.6,4.9,0.9,0.2,0.1,1.7,2.2
1248,Quinn Woidke,KENT,18,20.4,9.7,2.9,6.3,0.46,2.1,4.8,0.437,1.8,2.3,0.78,0.3,1.9,2.2,1.4,0.8,0.1,0.9,2.1
1249,Nick Davidson,CLEM,18,21,9.7,3.6,6.6,0.546,1,2.8,0.353,1.4,2.1,0.684,0.9,2.2,3.2,0.8,0.4,0.5,1.1,2.3
1250,Ibu Yamazaki,NOCOL,18,27.2,9.7,3.2,7.7,0.41,1.9,5.4,0.351,1.4,1.6,0.929,0.4,2.9,3.4,0.5,0.4,0.2,1.1,2.3
1251,Carey Booth,COLST,20,23.6,9.7,3.2,6.2,0.508,1,2.5,0.38,2.4,2.9,0.842,1,4,5,0.5,0.4,1.4,1.2,1.2
1252,"Trey Williams, Jr.",MZZST,20,30.1,9.7,3.1,7.8,0.394,2,5.2,0.379,1.6,2.2,0.727,0.6,1.2,1.8,3.3,1,0.3,1.3,1.8
1253,Dominic Pangionis,WRST,20,29.7,9.7,3.1,6.4,0.477,1.2,3.1,0.393,2.4,3,0.797,0.7,2.1,2.8,1.2,1,0.2,1.5,1.6
1254,Riley Fox,YALE,14,18.5,9.6,3.6,7.5,0.486,1.4,3.6,0.373,1,1.4,0.737,0.3,1.5,1.8,0.7,0.1,0,0.5,0.9
1255,Avery Thomas II,LATCH,19,28,9.6,3.4,7.9,0.43,1.1,3.6,0.309,1.7,2.2,0.78,2.7,4.8,7.5,0.7,1.2,0.5,0.9,3.3
1256,Darrel Yepdo,UML,16,31.6,9.6,3.3,9.3,0.358,1.4,4.4,0.314,1.6,2.3,0.722,0.6,2.4,3,3.4,0.8,0.1,2.1,2.4
1257,Brandon Jennings,VCU,18,27.3,9.6,2.9,6.7,0.442,0.8,1.9,0.441,2.9,3.4,0.839,0.8,2.9,3.7,2.2,1.7,0.9,1.2,3
1258,"Brian Moore, Jr.",GCU,18,27.8,9.6,3.5,6.7,0.525,0.7,1.7,0.419,1.9,2.4,0.773,0.5,1.7,2.2,2.8,0.8,0.1,1.7,2.4
1259,Omari Hamilton,ALCST,18,23,9.6,3.3,7.3,0.455,0.6,1.7,0.355,2.3,3.2,0.737,1.4,3.6,4.9,0.6,0.5,0.1,1.2,1.5
1260,Sam Hughes,BSTN,18,32.9,9.6,3.3,8.3,0.396,2.1,5.6,0.38,0.9,1.2,0.773,1,3.2,4.2,1.3,0.4,0.1,0.8,3
1261,Jeremy Dent-Smith,STAN,18,20.2,9.6,3.2,7.7,0.417,2,4.7,0.424,1.2,1.4,0.84,0.2,1.3,1.6,1.1,0.8,0.2,1,1.6
1262,Kellen Pickett,WRST,20,26.2,9.6,3.6,6.7,0.541,0.5,1.6,0.313,1.9,2.8,0.679,1.2,5.6,6.7,1.1,0.3,1.7,0.9,2.2
1263,Jahvin Carter,MTSU,20,26.5,9.6,3.4,9.1,0.376,1.3,3.7,0.356,1.5,2,0.769,0.5,2.8,3.3,3.8,0.8,0,1.7,1.2
1264,Owen Larson,DRAKE,20,29.3,9.6,3.4,8.8,0.389,1.2,4.9,0.245,1.6,1.9,0.842,0.4,3,3.4,2.4,0.9,0,1.9,2.4
1265,Biggie Patterson,HOF,14,21,9.6,3.5,8.9,0.392,1.3,4.1,0.316,1.3,2,0.643,1.3,4,5.3,0.3,0.6,0.1,0.9,1.5
1266,Keaton Norris,SAMF,18,33.7,9.6,3.3,8.3,0.393,1.6,4.7,0.333,1.4,1.7,0.867,0.3,3.9,4.3,4.8,0.5,0,1.4,1.8
1267,Tim Oboh,BUFF,18,23.1,9.6,3.7,6.2,0.595,0,0,0,2.2,3.9,0.571,1.7,4.1,5.8,0.3,0.7,1.8,1.3,2.6
1268,Finley Sheridan,STET,18,26.8,9.6,3.7,6.4,0.574,1.3,2.6,0.489,0.9,1.5,0.63,1.6,3.8,5.3,1.8,0.2,0.7,1.6,2.8
1269,Jermaine Webb,UP,18,23.9,9.6,3.2,6,0.528,0.7,2.1,0.351,2.5,3.4,0.738,1.1,4,5.1,1.8,0.2,0.7,1.7,2.7
1270,Gytis Nemeiksa,HAW,20,25.3,9.6,3.2,7.1,0.451,0.8,2.5,0.3,2.4,3.4,0.716,1.5,3.3,4.8,1,0.7,0.6,1.1,2.3
1271,"David Douglas, Jr.",FRSNO,13,22.8,9.5,2.8,6.2,0.457,2.2,5.1,0.424,1.7,2.3,0.733,0.2,1.2,1.4,0.2,0.5,0.2,0.8,1.8
1272,Jalen Griffith,WMY,15,20.3,9.5,3.4,7.8,0.436,1.8,4.1,0.443,0.9,1.4,0.667,0.3,1.5,1.9,2.6,0.5,0,1.7,1.6
1273,Spence Sims,GWU,15,25,9.5,3.3,7.7,0.431,2.1,5.3,0.405,0.7,1.1,0.647,0.1,1.8,1.9,0.8,0.5,0.1,1.2,2.4
1274,"Donald Hand, Jr.",BOS,15,27.7,9.5,2.9,9.1,0.321,1.1,4.2,0.27,2.5,3.6,0.704,0.4,3,3.4,1.4,0.5,0,2,1.7
1275,Evan Chatman,UAB,18,30.3,9.5,3.2,7.7,0.42,0.7,2.4,0.302,2.3,3.4,0.689,2.8,6.1,8.9,1.1,0.8,1,0.6,2
1276,Turner Buttry,EKU,18,27.1,9.5,2.5,6.5,0.385,2.1,5.2,0.394,2.4,2.7,0.917,0.4,1.2,1.6,2.9,0.5,0,1.4,1.2
1277,Ryan Bartley,HCU,22,28.8,9.5,3.5,8,0.446,1.3,3.8,0.337,1.1,1.5,0.781,0.5,1.8,2.3,1.2,0.7,0.5,1.1,2.1
1278,Dani Pounds,TNTCH,18,17.7,9.5,2.9,5.9,0.486,0.1,0.4,0.25,3.6,4.8,0.756,1.6,3.2,4.8,0.6,0.4,0.7,2.1,3.1
1279,Eugene Alvin,MORST,14,19.6,9.5,3.2,6.6,0.489,1.1,2.9,0.375,2,3.1,0.651,1.5,2.4,3.9,0.4,0.4,0.9,1.1,2.4
1280,Cam Amboree,SUBR,12,25.1,9.5,2.5,7.9,0.316,1.4,4.2,0.34,3.1,3.5,0.881,0.3,2.1,2.4,3.4,0.7,0,1.5,2.6
1281,Colin Hawkins,GWU,16,27.9,9.5,3.8,8.7,0.432,0.5,1.9,0.258,1.5,2.5,0.6,0.9,1.1,1.9,2.3,0.9,0,2.5,2
1282,J.J. Kelly,OHIO,17,29.1,9.5,3.7,7.2,0.512,0.9,2.9,0.306,1.2,1.6,0.714,1.1,2.8,3.8,0.6,0.9,0.9,0.8,2.8
1283,Jordan Derkack,DAY,13,23.1,9.5,2.4,6.4,0.373,0.5,1.4,0.333,4.2,5.7,0.743,1.3,3.4,4.7,1.8,1.1,0.2,1.3,1.9
1284,Cameron Clark,SCSU,11,24.7,9.5,3.1,5.6,0.548,0,0,0,3.3,4.7,0.692,1.6,3.7,5.4,1.6,0.2,0.8,2.4,3.5
1285,Harry Rouhliadeff,HAW,20,26.2,9.5,3.3,6.5,0.512,1.1,2.8,0.4,1.8,2.2,0.795,1.6,2.6,4.2,1.2,0.5,0.4,1.8,2.9
1286,Mateo Esmeraldo,LIP,18,31.4,9.4,3.3,6.7,0.5,0.9,2.2,0.425,1.8,2.2,0.825,0.7,3.4,4.1,7.2,1.3,0,1.4,1.2
1287,Dylan Brumfield,SOMIS,18,33.7,9.4,3.3,7.3,0.447,0.1,0.7,0.154,2.8,4.1,0.685,0.7,3.8,4.6,2.9,1.8,0.3,2.4,3.4
1288,Cam Gregory,CAM,18,35.8,9.4,3.2,6.9,0.464,1.7,4.3,0.39,1.3,1.7,0.774,0.9,2.1,2.9,2.1,0.9,0.3,1.1,3.3
1289,Jordan Chatman,FAMU,18,27.5,9.4,2.7,6.7,0.405,1.9,5.1,0.385,2.1,2.6,0.787,1.1,2.4,3.5,1.2,0.5,0.4,0.7,2.6
1290,Nakavieon White,GASO,18,20.4,9.4,2.8,7.9,0.352,1.1,3.2,0.328,2.8,4.2,0.671,0.9,1.8,2.7,2.1,0.8,0.6,1.3,2.6
1291,Javon Cooley,PEPP,18,29.9,9.4,3.4,9.2,0.367,0.9,4.2,0.224,1.7,2.4,0.721,0.7,3.3,4,1.3,1,0.3,1.5,1.9
1292,Carter Kingsbury,CTDL,16,31.4,9.4,3.3,8.1,0.411,1.2,3.5,0.339,1.6,2.2,0.743,0.5,3.8,4.3,2.6,0.6,0.1,1.6,1.9
1293,Tyler Bike,NEWHA,16,27.7,9.4,2.8,7.8,0.363,2.3,6.3,0.37,1.5,2.3,0.649,0.2,1.3,1.5,2.1,0.7,0.1,0.8,2.3
1294,Joey Madimba,PVAMU,17,19.6,9.4,3.5,7.5,0.472,0.6,2.4,0.244,1.8,2.5,0.698,1.3,2.7,4,0.6,0.7,0.7,1.1,1.2
1295,Khayri Dunn,GASO,17,19.9,9.4,3.1,8.1,0.387,1.6,4.8,0.333,1.6,1.8,0.871,0.4,1.7,2.1,0.8,0.4,0.1,1.3,1.8
1296,Tae Dozier,NKU,20,31.5,9.4,3.5,7,0.5,1.4,3.9,0.351,1.1,1.6,0.677,2.5,3.6,6.1,2.5,1.6,1.6,1,2.9
1297,Ryan Mela,PROV,20,26.6,9.4,3.3,6.4,0.516,0.6,1.5,0.379,2.3,2.8,0.804,1.2,3.9,5,1.6,0.5,0.1,1.6,1.8
1298,Devin McGlockton,VANDY,18,25.7,9.4,3.4,6.9,0.496,0.8,2.9,0.288,1.7,1.9,0.882,2.6,4,6.6,1.1,0.3,0.8,0.9,3.3
1299,Nick Woodard,ALCST,18,30.1,9.4,3.6,8.8,0.409,0.8,3.5,0.238,1.3,2.1,0.632,1.4,2.8,4.3,1.2,0.7,0.6,1.5,2.4
1300,Ryan Abelman,NAU,16,31.7,9.4,3.2,8.3,0.386,1.4,4,0.344,1.6,1.8,0.929,1.3,3.3,4.6,1.8,0.9,0.1,0.9,2.2
1301,Tay Smith,NDSU,16,22.3,9.4,3.1,6.8,0.459,2.8,5.9,0.463,0.4,0.4,0.857,0.8,2.3,3.1,0.5,1.1,0,0.8,0.9
1302,"Howie Fleming, Jr.",UNLV,19,30.4,9.4,3,7.3,0.413,0.9,2.9,0.309,2.5,3,0.825,1.3,5.4,6.7,4.3,1.1,0.2,1.7,2.4
1303,Churchill Abass,NEWOR,22,21.1,9.4,3.8,5.7,0.667,0,0.1,0,1.7,3,0.585,1.9,3.8,5.7,0.4,0.4,2,1.7,3.4
1304,"Carl Daughtery, Jr.",UCD,17,27.4,9.4,3.1,7.2,0.431,1.9,4.7,0.413,1.2,1.6,0.741,0.7,2,2.7,0.8,0.6,0.1,0.6,1.4
1305,Jacob Cofie,USC,20,31.5,9.4,3.6,7.8,0.458,0.8,2.4,0.319,1.5,2.5,0.6,2,4.7,6.7,1.9,1,1.5,1.6,3
1306,"Chris Cenac, Jr.",U of H,18,25.6,9.3,3.9,7.9,0.493,0.9,3.1,0.286,0.7,1.2,0.571,2.3,5.1,7.4,1.1,1,0.3,0.5,2.1
1307,"Michael Marcus, Jr.",APPST,18,28.1,9.3,3.2,6.6,0.479,1.1,3.1,0.357,1.9,2.5,0.756,3,4.2,7.2,0.3,0.4,0.4,0.8,2.8
1308,Amari McCottry,STLOU,18,22.6,9.3,3.4,7.1,0.48,0.6,2.1,0.297,1.9,3.4,0.565,0.8,4.1,4.9,2.8,1,0.3,1.8,2.4
1309,"Donald Whitehead, Jr.",UNCG,18,25.5,9.3,2.9,8.3,0.353,1.4,4.6,0.317,2,3,0.667,0.2,1.2,1.3,2.3,0.8,0,1.1,1.8
1310,Kaleb Washington,FAMU,15,19.4,9.3,3.2,6.8,0.471,0.5,1.1,0.471,2.4,2.8,0.857,0.9,1.8,2.7,1,1,0.1,1.9,1.5
1311,Vince Buzelis,SODAK,9,30.2,9.3,3.1,5.3,0.583,0.1,0.9,0.125,3,3.7,0.818,1,3.6,4.6,2,1,0.2,1.7,2.1
1312,Jahni Summers,CSUS,18,26.9,9.3,3.3,8,0.41,1.4,4.1,0.351,1.3,1.7,0.774,0.2,2.1,2.2,1.2,0.9,0.1,1.3,2.6
1313,"Jamie Kaiser, Jr.",BTLR,19,30.8,9.3,3.2,8.2,0.391,1.4,4.4,0.31,1.5,1.9,0.806,1.2,2.8,3.9,1.2,1.3,0,0.7,2.1
1314,Kyric Davis,NCCU,13,27.2,9.3,3.8,7.3,0.526,0.1,0.5,0.167,1.5,2.6,0.588,1.2,3.2,4.3,1.2,1.3,1.5,1.7,2
1315,Jaden Baker,WAGNR,13,31.2,9.3,3.3,8.5,0.387,1.5,3.2,0.452,1.2,1.6,0.762,0.6,2.5,3.2,2.2,0.5,0.4,1.8,1.6
1316,Tuongthach Gatkek,UALR,20,32.5,9.3,3.9,6.6,0.591,0.1,0.2,0.333,1.5,2.1,0.69,1.4,4.9,6.3,2,1.5,1.7,1.8,3
1317,Tomislav Ivisic,ILL,20,26.5,9.3,3.5,7.9,0.443,1.5,5,0.29,0.9,1.2,0.708,1.8,4,5.8,1.9,0.4,0.7,1.2,2.1
1318,Karson Templin,USU,20,19.9,9.3,3.2,5.9,0.542,0.8,1.8,0.417,2.2,3.7,0.581,2.4,2.3,4.6,1,0.9,0.9,1,3
1319,Derin Saran,UCI,20,28.3,9.3,3.9,10.2,0.377,0.5,2.4,0.208,1.1,1.6,0.688,1.3,3.6,4.9,2.6,1.8,0.1,2.2,1.8
1320,Joshua Hughes,UE,20,29.2,9.3,3.4,7.1,0.479,1.5,4.2,0.349,1.1,1.4,0.778,0.9,3.5,4.4,0.7,0.6,0.6,1.2,2.4
1321,Jayland Randall,NMSU,20,19.3,9.3,2.9,7.7,0.379,1.4,4.2,0.333,2.1,2.4,0.894,0.8,2,2.8,0.6,0.6,0.3,0.5,1.9
1322,Bryce Lindsay,VILL,20,27.6,9.3,3,9.5,0.312,1.7,6.1,0.279,1.7,2.2,0.773,0.6,1.5,2.1,1.9,0.7,0,1.4,1.5
1323,Caelum Swanton-Rodger,ODU,17,21.4,9.3,3.5,5.4,0.652,0,0,0,2.2,3.6,0.613,2.5,2.8,5.3,0.9,0.3,1.4,1.3,3.7
1324,Jalen Hampton,ARKST,18,27.9,9.3,3.6,6.7,0.529,0.3,1.2,0.286,1.8,2.4,0.75,2.8,7.2,10,1.5,0.9,0.6,1.8,1.9
1325,Christian Jones,GW,18,27.9,9.3,3.6,8.4,0.421,1.6,4.2,0.373,0.6,1.2,0.524,0.8,2.3,3.2,3.3,1.3,0.2,1.9,2.2
1326,Ahmad Harrison,STFPA,18,29,9.3,3.3,9.1,0.36,1.4,4.3,0.333,1.3,2.2,0.59,0.4,2.1,2.5,2.9,1.1,0.2,1.7,2.4
1327,Izzy Hart,SOMIS,18,23.6,9.3,2.9,7.4,0.391,1.6,4.4,0.367,1.9,2.3,0.81,0.3,1.9,2.2,1.3,1.4,0.3,1.8,2.6
1328,Jayden Jackson,CALBU,18,28.7,9.3,2.8,8.7,0.327,2,5.6,0.356,1.6,2.2,0.744,0.6,2.2,2.7,1.5,0.4,0.3,1.2,1.8
1329,Kylin Green,HCU,22,30.8,9.3,2.6,8.5,0.31,0.5,2.3,0.216,3.5,4.6,0.755,1.1,2.7,3.8,4.4,0.6,0,2.7,1.6
1330,Zaon Collins,FRSNO,15,29.2,9.3,3.5,8.3,0.419,0.4,1.4,0.286,1.9,2.5,0.763,0.7,2.4,3.1,4.2,1.9,0,2.4,2.4
1331,Andy Stefonowicz,NDSU,16,31.9,9.3,3.1,6.8,0.459,1.8,4.1,0.424,1.3,1.4,0.87,0.4,2.5,2.9,5.1,1.7,0.3,1.8,1.3
1332,Abdul Momoh,UIC,20,24.2,9.3,4,6.4,0.622,0,0,0,1.4,2.9,0.466,2,2,4,1,0.8,1.3,1,1.9
1333,Elijah Saunders,UMD,20,31.7,9.3,3.3,7.3,0.445,2.1,5,0.41,0.7,0.9,0.778,1.6,2.5,4.1,1,0.4,0.2,1.1,2.7
1334,Miles Franklin,COM,12,24.8,9.3,3.8,8.4,0.446,0.7,2.8,0.235,1.1,2.1,0.52,0.9,2.9,3.8,1.1,0.7,0.3,0.8,2.8
1335,Brenton Knapper,SCU,17,21.5,9.2,3.2,7,0.462,1.2,2.8,0.417,1.6,1.9,0.818,0.5,1.5,2.1,2.1,1.5,0,1.1,1.2
1336,"Antonio Baker, Jr.",FAMU,17,24.9,9.2,3.4,7.6,0.438,0.3,1.4,0.217,2.2,2.6,0.844,1.3,2.8,4.1,1.5,0.8,0.4,1.4,2.1
1337,Trevon Payton,UAPB,18,34.4,9.2,3.1,5.8,0.533,2,4.2,0.48,1,1.4,0.72,0.6,2.7,3.3,2.5,0.9,0.2,1.9,2.7
1338,Isaac Jack,PACI,18,22.3,9.2,3.9,6.3,0.628,0,0,0,1.3,2.3,0.571,2.7,2.1,4.8,0.6,0.2,0.4,0.8,3.5
1339,Deng Garang,MOYNE,18,28.1,9.2,3.2,7.2,0.45,1.2,3.6,0.328,1.6,2.5,0.644,0.9,4.3,5.3,0.6,1.1,0.4,1.4,2.5
1340,Luka Bogavac,UNC,18,22.3,9.2,3.1,7.6,0.409,1.7,4.2,0.395,1.3,1.8,0.75,0.4,1.7,2.2,1.8,0.3,0,1.2,0.9
1341,Jase Butler,COLST,20,28.9,9.2,2.4,5.5,0.427,1.1,3.2,0.349,3.4,4.1,0.84,1.2,2.3,3.5,2,0.7,0.1,1.3,2.2
1342,L.J. Hackman,WKU,20,21.8,9.2,2.8,6.8,0.407,0.7,2.5,0.28,3,3.6,0.833,0.6,2.2,2.8,1.6,1.1,0.1,1.3,2.2
1343,Pasha Goodarzi,SJSU,15,30.2,9.2,2.7,7.3,0.367,2.1,5.3,0.388,1.8,1.9,0.931,0.5,1.7,2.2,1.1,0.4,0.1,0.9,1.7
1344,Sola Abedisi,CTDL,18,35.1,9.2,3.6,6.1,0.596,0.3,1.2,0.273,1.6,2.4,0.659,2.3,3.6,5.9,1.1,1.4,1.2,1.3,2.2
1345,Myles Corey,URI,18,27.3,9.2,3.3,7.1,0.461,0.6,2.5,0.244,2,2.9,0.692,0.8,2.6,3.4,1.8,1.3,0.4,1.4,1.7
1346,Matthew Able,NCST,18,23.6,9.2,3.1,7.4,0.421,1.6,4.2,0.373,1.4,1.7,0.833,0.8,2.9,3.8,0.8,1.1,0.2,0.9,2
1347,Jestin Porter,CLEM,18,30.3,9.2,3.3,8.8,0.377,1.6,5.3,0.295,0.9,1.2,0.81,0.3,1.3,1.6,1.3,1.6,0.3,0.8,1.3
1348,Zytarious Mortle,TEXSO,18,19.3,9.2,3.3,8.1,0.414,0.9,2.8,0.314,1.6,2.3,0.69,0.3,3.4,3.7,1.7,0.9,0.3,1.7,2.6
1349,Randall Pettus II,ELON,18,27.6,9.2,3.2,9.8,0.324,1.6,5.6,0.287,1.2,1.8,0.688,0.7,2.1,2.8,1.4,1.2,0.2,1.9,1.9
1350,Nana Owusu-Anane,GCU,20,33.8,9.2,3.1,7.2,0.434,1.7,4.2,0.398,1.3,1.8,0.743,2.1,5.9,8,1.5,1.8,0.8,1.1,2.8
1351,Emondrek Erkins-Ford,JKSNV,20,22.8,9.2,3.4,6.6,0.519,0.3,0.8,0.4,2.1,2.9,0.719,1,2.3,3.2,0.8,0.6,1,0.9,2.5
1352,Jabez Jenkins,BLMNT,20,23.6,9.2,3.1,6.2,0.504,0.5,1.5,0.31,2.5,3.4,0.746,1.4,2.7,4.1,1,1.1,0.3,1.9,2.7
1353,Landen Joseph,MARSH,17,21.5,9.1,3.3,6.8,0.487,1.5,3.5,0.424,1.1,1.5,0.692,0.7,1.8,2.5,2.5,1.4,0.3,1.2,1.9
1354,Jinwoo Kim,USNA,18,29.7,9.1,3,6.6,0.458,1.5,3.1,0.491,1.6,1.8,0.879,0.6,2.1,2.7,2,0.6,0.1,1,0.9
1355,Ishan Sharma,STLOU,18,22.7,9.1,2.9,6.1,0.477,2.7,5.6,0.48,0.7,0.8,0.857,0,2.2,2.2,1.6,0.6,0.1,0.7,1.6
1356,Jaylen Jones,JAC,18,27.2,9.1,3.6,8.9,0.404,0.8,3,0.278,1.1,1.8,0.594,0.9,2.8,3.7,2.3,1.3,0.1,1.6,1.8
1357,Christoph Tilly,OSU,18,24.7,9.1,3.2,6.5,0.487,0.4,1.1,0.4,2.3,3.8,0.609,1.3,2.8,4.1,1.7,0.7,0.4,1.3,3.4
1358,Aaron Franklin,UWM,20,30.3,9.1,3.7,6.2,0.602,0.5,1,0.5,1.2,2.8,0.429,2.1,5.7,7.8,1.6,1.1,0.4,0.9,2.8
1359,Khamari McGriff,KSU,14,20.6,9.1,3.8,6,0.631,0,0.1,0,1.5,2.1,0.724,1.1,3.1,4.3,1.1,0.5,0.9,1.1,3.6
1360,Chase Lowe,W&M,18,23.9,9.1,3.4,6.1,0.555,0.1,0.3,0.2,2.2,3.2,0.702,1.4,5.2,6.6,3.5,1.3,0.2,1.6,1.6
1361,Tre'von Spillers,WF,18,30.8,9.1,3.6,7.4,0.485,0.4,0.9,0.412,1.4,2,0.722,1.6,3.8,5.4,1.9,0.9,1.4,0.9,3.2
1362,Cade Norris,SAMF,18,31.4,9.1,2.8,6.2,0.459,1.5,3.4,0.435,1.9,2.6,0.739,0.8,3.8,4.6,2.2,0.6,0.2,0.7,2.2
1363,Isaiah Cottrell,SUU,18,27.3,9.1,3.1,8.1,0.379,0.6,2,0.278,2.4,3.6,0.672,1.7,4.1,5.8,1.6,0.7,1.7,1.8,1.9
1364,Johan Munch,ORST,18,22.3,9.1,3.3,6.3,0.526,0,0.1,0,2.4,3.8,0.632,2.2,3.3,5.6,1.1,0.9,0.6,1.4,3.1
1365,Kaden Gumbs,TXST,18,29.1,9.1,3.3,7.2,0.457,0.6,1.6,0.357,1.9,2.4,0.814,0.3,2.7,2.9,2.6,1.9,0.1,2.3,2.2
1366,Austin Williford,STJOE,18,28.7,9.1,3.4,8.3,0.407,1.6,4.8,0.337,0.7,1.1,0.632,1.2,2.9,4.1,0.9,1.2,0.3,1.1,2.2
1367,DeAndre Williams,HC,18,27.9,9.1,3.2,7.4,0.436,1,2.7,0.375,1.6,2.1,0.784,0.4,3.2,3.6,2,0.7,0.1,1.6,2.3
1368,Brody Whitaker,VAL,19,26.5,9.1,3,6.9,0.435,1.3,2.7,0.481,1.7,2.2,0.805,0.2,2.3,2.5,1.7,0.8,0,0.7,2.7
1369,Finley Woodward,IUI,20,33.2,9,4,7.5,0.53,0,0.1,0,1.1,1.4,0.786,1.6,3.5,5.1,6.8,1,0.5,2.4,2.9
1370,Harold Woods,UIW,22,31.5,9,3.4,6.8,0.497,0.6,1.7,0.378,1.6,2.4,0.692,1.8,4.8,6.5,1.1,1,0.4,1.6,1.7
1371,Luke Haupt,UNM,20,30.3,9,3.2,6.8,0.463,0.6,1.7,0.364,2.1,3.1,0.689,1.2,3.5,4.7,3,1.7,0.2,1.5,3.2
1372,Cam Gillus,HWRD,14,32.8,9,3.1,7.6,0.402,1.4,3.9,0.345,1.5,1.9,0.808,1.1,3.4,4.6,5.1,1.8,0,2.2,1.4
1373,"Tyrone Marshall, Jr.",GW,17,24.4,9,3.4,6.4,0.523,0.6,1.8,0.333,1.7,2.5,0.674,1.6,2.3,3.9,1.9,1.2,0.7,1.7,2.8
1374,Jerrell Bellamy,TROY,18,17.9,9,3.8,5.6,0.68,0.2,0.5,0.444,1.2,1.9,0.629,0.9,2.7,3.6,0.5,0.2,0.9,0.9,2.7
1375,Josh Baldwin,COR,14,20.7,9,2.9,6.1,0.465,0.9,2.6,0.351,2.4,3.2,0.733,1.4,3.1,4.5,3.1,0.4,0.4,1.6,1.8
1376,Malcolm Noel,UWG,18,26.2,9,2.7,7.4,0.368,1.2,4.3,0.282,2.3,3.1,0.75,0.2,1.8,2.1,3.7,0.7,0,2.1,1.3
1377,Cobi Campbell,TROY,18,28.6,9,3.1,7.8,0.393,2.4,6.2,0.393,0.4,0.6,0.8,0.4,1.6,2,1.3,1.2,0,0.8,1.3
1378,Sash Gavalyugov,SCU,18,19.4,9,3.3,7.4,0.44,1.9,4.7,0.4,0.6,0.7,0.833,0.3,1,1.3,2.2,0.5,0,1.2,1.9
1379,Hussain Williams,COPST,14,23.8,9,2.9,7.1,0.41,1.5,4.4,0.339,1.6,2.2,0.742,0.9,2.4,3.4,1.1,0.7,0.2,0.9,1.8
1380,Josiah Harris,LASAL,14,21.5,9,3.4,7.2,0.465,0,0,0,2.3,3.5,0.653,2.2,2.9,5.1,0.4,0.5,0.4,1.3,1.6
1381,Darius Adams,UMD,20,24.4,9,3.3,9.1,0.359,0.8,3.6,0.211,1.8,2.8,0.625,0.7,2.5,3.2,1.7,0.4,0.1,1.9,1.9
1382,Josh Dixon,UWM,20,19.9,9,3.4,8.6,0.395,0.9,3,0.305,1.3,1.6,0.813,0.1,0.8,0.9,1.7,0.6,0.1,1.4,2
1383,"Obie Bronston, Jr.",SCSU,9,20.4,9,2.8,7.8,0.357,2.2,6,0.37,1.2,1.7,0.733,0.6,1.8,2.3,0.8,0.6,0,0.6,1.6
1384,Madiba Owona,UTECH,2,16.5,9,3.5,7.5,0.467,1,1.5,0.667,1,1,1,1.5,0.5,2,1.5,2.5,0,1.5,2.5
1385,Efe Demirel,GCU,20,23.2,9,3.3,5.3,0.629,0,0,0,2.4,3.1,0.77,1.9,3.3,5.2,0.3,0.6,1.3,1.5,3.1
1386,Adrien Stevens,MARQ,20,30,9,3.1,6.8,0.456,2,4.7,0.419,0.8,1.2,0.696,0.8,1.9,2.7,1.8,1.6,0.2,1.3,2.4
1387,Leo Beath,UCSD,20,29.5,9,3,8.7,0.347,1.2,4.4,0.264,1.8,2.3,0.783,0.7,4.8,5.5,1.6,1.1,0.5,1.3,2.1
1388,C.J. Cox,PURD,20,24.8,9,3.1,7.2,0.431,1.7,4.7,0.351,1.1,1.4,0.815,0.8,2,2.7,1.4,0.8,0.1,0.2,1.4
1389,"Darren Buchanan, Jr.",RUTG,20,26.3,9,3.4,7.3,0.462,0.5,1.2,0.375,1.8,3,0.6,1.3,2.7,4,1.5,0.8,0.3,1.1,1.6
1390,B.J. Kolly,UCR,19,26.2,8.9,3.3,6.5,0.508,0,0.5,0,2.3,3,0.772,2.6,3.8,6.5,1.3,0.5,1.3,2.5,3.7
1391,Noah Ross,UNCW,18,29.6,8.9,3.4,7.7,0.442,0.4,1.8,0.242,1.7,2.3,0.738,1.5,4,5.5,2.2,0.8,0.2,0.6,2.4
1392,Dillon Battie,WICHI,18,20,8.9,3.3,5.6,0.584,0.1,0.4,0.286,2.3,3.8,0.594,1.5,3.3,4.8,0.9,0.9,0.6,1.1,1.9
1393,Quentin Jones,STLOU,18,27.9,8.9,3.1,7.1,0.43,1.1,2.5,0.422,1.8,2.4,0.744,0.7,3.3,3.9,2.9,0.8,1.1,1.9,2.6
1394,Gestin Liberis,STFPA,18,25.2,8.9,2.8,5,0.567,0.1,0.2,0.333,3.2,4.8,0.674,2.8,2.9,5.7,1.2,0.3,0.4,1.3,3.2
1395,Elyjah Freeman,AUB,18,25.8,8.9,3,7,0.429,1,2.8,0.353,1.9,2.9,0.673,1.7,2.7,4.4,0.8,1.2,0.6,0.7,1.9
1396,Isaac Williams,BAYL,18,26.1,8.9,3.3,6.2,0.532,0.7,1.4,0.5,1.7,2.7,0.625,0.4,1.7,2.1,3.1,0.6,0.6,1.6,2.9
1397,Fazl Oshodi,SUBR,18,20.8,8.9,2.9,7.4,0.396,1.8,5.4,0.34,1.2,1.3,0.917,0.1,1.2,1.3,0.4,1.2,0.1,0.4,1
1398,A.J. Barnes,SUBR,17,24,8.9,3.1,7.8,0.394,1.3,3.2,0.407,1.5,1.9,0.813,1.6,3.4,5,2,1.6,0.4,1.1,2.5
1399,Davis Fogle,ZAGS,17,19.7,8.9,3.4,6.5,0.518,0.5,1.5,0.32,1.8,2.5,0.698,1.2,2.1,3.4,1.5,0.8,0.6,0.6,1.2
1400,Stefanos Spartalis,MONM,16,21.9,8.9,3.8,7.9,0.48,0.1,0.3,0.2,1.3,1.6,0.769,1.8,3.3,5.1,0.6,0.6,0.3,1.6,3.2
1401,Patrick Punch,MVSU,15,29.5,8.9,2.9,7.9,0.364,1.1,3.9,0.271,2.1,3.1,0.681,0.9,2.3,3.2,1.6,1.4,0,1.5,2.9
1402,Rob Diaz II,LBSU,20,22.3,8.9,3.2,7,0.453,0.9,2.7,0.34,1.7,2.1,0.81,0.2,4,4.2,2.4,1.1,0.4,1,1.4
1403,Sam Alexis,IU,20,21.6,8.9,3.9,5.6,0.694,0.1,0.3,0.167,1.2,1.9,0.605,1.8,2.6,4.4,1.3,0.3,1.2,0.9,2.7
1404,Justus McNair,VAL,20,20.6,8.9,2.9,6.4,0.457,0.9,2.2,0.386,2.3,3,0.763,0.3,1.7,2,1.2,0.4,0,0.7,1.3
1405,Trey McKenney,MICH,20,20.6,8.9,2.8,6.2,0.455,1.5,3.9,0.385,1.8,2,0.923,0.3,1.9,2.1,0.5,0.3,0,0.8,1.4
1406,Dylan Darling,STJ,19,21.9,8.9,2.7,5.7,0.477,1.2,2.9,0.393,2.3,3.2,0.717,0.4,2.2,2.6,2.4,1.3,0.1,1.2,2.2
1407,L.J. Cason,MICH,18,18.6,8.9,2.9,5.7,0.515,1.4,3.1,0.446,1.6,2,0.806,0.2,1.4,1.6,2.2,0.8,0,1.8,0.9
1408,Fats Billups III,LONG,16,22.1,8.9,3.3,6.8,0.477,1.8,4.2,0.418,0.6,1.1,0.556,0.3,2.2,2.5,1.1,1.5,0.4,0.9,1.4
1409,German Plotnikov,HOF,16,32.9,8.9,3,7.9,0.378,1.6,5.1,0.321,1.3,1.4,0.909,1,2.1,3.1,0.9,0.8,0.7,0.5,1.5
1410,Diego Campisano,NAU,16,22.2,8.9,2.8,6.3,0.45,1.9,4.1,0.47,1.3,1.6,0.84,0.8,2.4,3.2,0.5,0.5,0.1,0.8,1.5
1411,Lance Waddles,OMAHA,16,26.8,8.9,3.3,8.9,0.373,1.4,5,0.288,0.8,1.1,0.765,0.6,3.5,4.1,1.8,0.5,0.3,0.9,1.8
1412,Ty Tabales,BRYNT,15,28.9,8.9,3.3,10.5,0.312,1.1,5.5,0.207,1.2,1.7,0.72,0.8,1.5,2.3,3.4,1.6,0.2,1.9,2.1
1413,Oscar Cluff,PURD,20,23.6,8.9,3.7,5.5,0.673,0,0,0,1.5,2.4,0.604,2.5,3.7,6.1,1.6,0.4,0.7,0.7,2.9
1414,Sananda Fru,LVILL,18,21.9,8.8,3.6,4.9,0.719,0.1,0.3,0.4,1.6,2.5,0.644,2.5,3.6,6.1,1.4,0.6,1.5,1.2,2.5
1415,Pablo Tamba,LSU,18,30.9,8.8,3,5.2,0.581,0.3,1.1,0.3,2.5,4.3,0.577,2.4,4.4,6.9,1.7,1.3,0.6,1.3,3.1
1416,Jarin Stevenson,UNC,18,24.7,8.8,2.9,5.6,0.52,0.9,2.5,0.378,2.1,2.8,0.745,1.4,3.2,4.6,0.8,0.5,0.6,0.8,2.2
1417,Jerome Morton,WSU,18,25.8,8.8,2.9,6.2,0.464,1.4,2.9,0.481,1.7,2,0.833,0.9,1.3,2.2,2.3,0.6,0.2,1.3,2.2
1418,Lilian Marville,UNCG,17,26.3,8.8,3.1,6.8,0.457,1.5,2.9,0.52,1.1,1.7,0.621,0.1,1.6,1.8,2.3,0.8,0,1.1,1.5
1419,T.J. Long,UVM,11,27.2,8.8,2.9,8.8,0.33,1.1,5.1,0.214,1.9,2.7,0.7,0.5,4.5,5,1.4,0.2,0.2,1.1,2
1420,Xavier Lipscomb,MSMU,20,31.5,8.8,2.2,6.2,0.358,1.2,3.6,0.324,3.3,3.7,0.89,0.9,3.7,4.5,3.7,1.2,0,2.1,2
1421,Chris Dockery,UMKC,15,25,8.8,3.3,5.9,0.551,0.6,1.3,0.474,1.7,2.8,0.595,1.6,4.6,6.2,1.1,0.3,0.2,1.5,1.8
1422,Kenyon Aguino,MONT,18,23.9,8.8,3.3,5.9,0.561,0.4,1.1,0.421,1.7,2.1,0.789,1.1,2.9,4,1.5,0.5,0.4,1,2.2
1423,Jaylen Curry,OKST,18,21.9,8.8,2.9,7.6,0.387,0.9,2.6,0.348,2,2.5,0.8,0.3,2.3,2.6,2.7,1.3,0.1,1.5,1.6
1424,Arden Conyers,CHAR,18,24.5,8.8,2.9,7.1,0.409,1.7,5.2,0.33,1.3,1.6,0.821,0.6,1.1,1.7,0.4,0.3,0.3,0.8,1.6
1425,T.J. Cope,NEWOR,21,21.5,8.8,2.8,4.6,0.598,0.1,0.7,0.143,3.1,4.2,0.742,0.9,2.4,3.3,1,0.5,0.2,1.4,1.9
1426,Jack Campion,SIUE,20,29.1,8.8,2.7,7.3,0.37,1.1,2.4,0.447,2.3,3.2,0.73,0.5,3.3,3.8,5.7,2,0.1,3,2.2
1427,Jayden Reid,NWU,20,24.9,8.8,3.1,8.4,0.371,1,3.2,0.317,1.6,1.8,0.861,0.4,0.7,1.1,4.4,1.1,0.1,1.5,2.4
1428,Josh Odunowo,UMBC,16,23.4,8.8,3.1,5.9,0.521,0,0,0,2.6,3.4,0.764,1.9,3.3,5.1,0.9,0.1,0.3,1,2.2
1429,Brady Swartz,WMY,12,24.8,8.8,2.8,7.4,0.371,1.3,4.7,0.268,2,3,0.667,1.7,3.4,5.1,0.3,0.4,0.2,0.2,2.6
1430,Tekao Carpenter,NCCU,12,26.2,8.8,2.8,6.6,0.418,1.6,4.4,0.358,1.7,2.1,0.8,0.8,1.3,2.1,1.2,0.9,0.1,1.3,2.3
1431,Ian Jackson,STJ,19,17.9,8.7,2.8,7.3,0.388,1.3,3.5,0.364,1.8,1.9,0.919,0.2,1.8,2.1,1.3,1,0.3,1.4,1.5
1432,"Jason Thirdkill, Jr.",JAC,18,27.6,8.7,2.8,5.5,0.515,0.7,1.9,0.343,2.4,3.1,0.768,1.8,4.8,6.6,0.6,0.9,0.9,0.9,2.7
1433,Lamar Washington,GT,18,28.1,8.7,2.8,7.9,0.359,0.6,2.3,0.238,2.5,3.4,0.738,0.5,4.1,4.6,4.4,1.6,0.4,2.8,2.1
1434,Jason Schofield,MRST,18,17,8.7,3.7,6.6,0.555,0,0,0,1.4,1.9,0.735,1.6,2.8,4.3,1.1,0.5,0.9,1.1,2
1435,Corey Caulker,ECAR,18,30.2,8.7,3.2,7.7,0.41,1.7,4.2,0.413,0.7,0.9,0.706,0.2,1.9,2.1,4.2,0.4,0.1,1.5,2.1
1436,Zach Clemence,TAMU,18,17.5,8.7,3.1,6.2,0.5,1.3,3.4,0.393,1.2,1.5,0.778,1,1.9,2.9,0.7,0.6,0.6,0.7,3.2
1437,Ace Buckner,CLEM,18,20.2,8.7,2.8,6.4,0.435,1.1,2.7,0.417,2.1,2.5,0.822,0.3,2,2.3,1.9,0.9,0.1,1.3,2.2
1438,Dallas Howell,UNA,18,33.8,8.7,3.1,8.9,0.342,2,7.2,0.279,0.6,0.9,0.647,0.7,2.9,3.7,0.8,0.9,1.1,0.8,2.4
1439,T.J. Robinson,STPC,18,17,8.7,2.2,5.8,0.381,0.3,1.4,0.2,4,5.4,0.735,0.4,1.2,1.6,2.2,0.7,0,1.9,1.5
1440,Connor Igoe,COM,14,22.2,8.7,3.3,7,0.469,0.7,1.9,0.385,1.4,2.7,0.526,2.4,3.4,5.9,3.4,0.9,0.1,2.2,2.8
1441,Josh Ahayere,COLGT,17,28.1,8.7,2.7,6,0.451,0.8,2.2,0.368,2.5,3.3,0.75,0.5,3.4,3.9,1.4,0.7,0.2,1,3.1
1442,Anthony Isaac,MAN,20,24.2,8.7,3.1,6.9,0.445,0,0.3,0,2.6,3.6,0.722,3.3,4.1,7.4,0.9,0.9,0.5,1.3,2.6
1443,"Damon Nicholas, Jr.",SHSU,20,28.3,8.7,3.3,7.1,0.461,1,2.1,0.488,1.2,1.6,0.774,1.6,3.7,5.3,2,1,0.1,1.1,2.2
1444,Yohan Traore,BTLR,20,21.2,8.7,3.1,5.6,0.559,0.2,0.6,0.25,2.4,3.2,0.734,1.3,2.3,3.5,0.6,0.3,0.3,0.5,1
1445,Maximus Nelson,IPFW,20,30.1,8.7,2.7,6.8,0.393,2.6,6.5,0.392,0.9,1,0.85,0.6,3.3,3.9,0.8,0.7,0.2,0.7,2.4
1446,Chase Dawson,MRHD,20,26.6,8.7,2.7,6.6,0.412,0.9,2.7,0.333,2.4,2.9,0.828,0.3,1.3,1.5,3.2,0.7,0,1.2,1.5
1447,Vice Zanki,NIAG,20,22.2,8.7,3.3,6.7,0.496,1.6,3.8,0.427,0.5,0.7,0.769,0.4,2.2,2.6,0.7,0.8,0.2,0.8,1.2
1448,Dillan Shaw,STMRY,18,32.2,8.7,2.9,6.7,0.438,1.9,4.3,0.449,0.8,1,0.833,1.2,4.4,5.6,2.1,0.8,0.6,0.9,2.7
1449,Mario Saint-Supery,ZAGS,18,22.6,8.7,2.8,6.8,0.415,1.3,3.2,0.414,1.7,1.8,0.909,0.4,2.2,2.6,3.1,1.2,0.1,1.3,1.8
1450,K.J. Garris,CSFUL,18,16.3,8.7,2.8,5.6,0.51,1.3,2.9,0.453,1.7,2.2,0.75,0.4,2.7,3.1,0.6,0.8,0,0.4,1.4
1451,Nojus Indrusaitis,PITT,18,23.8,8.7,3,7.7,0.391,1.7,4.3,0.39,1,1.6,0.643,0.7,2.1,2.8,1.6,1,0.1,0.9,1.6
1452,Dez White,ORST,15,28.5,8.7,2.7,7.1,0.377,1.9,4.9,0.392,1.4,1.9,0.75,0.1,2.5,2.7,2.1,0.9,0.1,1.3,1.6
1453,Caleb Walker,AF,12,20,8.7,3.4,5.3,0.641,0,0.1,0,1.8,4.8,0.379,1.5,3.7,5.2,0.6,0.4,0.2,2.3,2.1
1454,Justin Moore,L-IL,9,26.8,8.7,3.2,8,0.403,1.4,4.2,0.342,0.8,1.3,0.583,0.1,1.4,1.6,3.1,0.7,0,3.2,1.7
1455,Elijah Elliott,NMSU,20,20.2,8.7,2.7,7.8,0.34,1.1,3.5,0.314,2.3,2.9,0.789,0.3,1.7,2,2.6,0.7,0.2,1.4,1.2
1456,D'Aundre Samuels,HCU,22,24.6,8.6,3.1,8.4,0.373,1,3.8,0.277,1.3,1.6,0.806,0.5,3.1,3.7,2.3,1,0.5,1.7,1.9
1457,James Morrow,SCSU,11,25.5,8.6,2.8,5.6,0.5,0.7,1.9,0.381,2.3,2.7,0.833,1.4,2.8,4.2,1.8,0.8,0.8,1.4,3.5
1458,George Natsvishvili,UND,16,20.3,8.6,3.1,6.2,0.495,0.1,0.2,0.333,2.4,4.1,0.6,2.6,2.3,4.9,1.1,0.7,0.1,1,2.7
1459,Keenan Garner,CMU,18,27,8.6,3.1,5.8,0.533,0.4,0.7,0.538,2,3.5,0.571,2.8,4.2,7,1.7,1.2,0.2,1.8,2.6
1460,Richard Goods,SB,18,26.7,8.6,3,7.4,0.403,0.9,3.3,0.283,1.7,2.9,0.566,1.8,4.2,6,2.1,0.9,0.8,1.3,2.3
1461,Noah Norgaard,UNCG,18,28.1,8.6,3.1,7.5,0.407,1.7,4.2,0.413,0.8,1.2,0.636,0.3,1.9,2.2,1.9,0.7,0.1,1.3,1.9
1462,Almar Atlason,MIAMI,18,18.9,8.6,2.8,7,0.397,1.6,4.8,0.326,1.5,2.1,0.73,0.3,2,2.3,0.7,0.1,0.2,0.7,2.3
1463,Tom Beattie,UCSD,20,31.4,8.6,3.3,8,0.406,1,3.7,0.27,1.1,1.8,0.611,0.7,4.3,5,3.4,1.5,0.3,1.5,1.7
1464,Hunter Erickson,HAW,20,32.1,8.6,3,6.6,0.455,1.3,3.4,0.382,1.3,2.1,0.634,0.3,4.1,4.4,4.1,1.1,0.6,2.6,1.9
1465,Kaden Cooper,LATCH,15,26,8.6,3,7.1,0.421,0.7,2.7,0.268,1.9,2.9,0.651,1.9,5.3,7.2,1.4,1.8,0.4,1.5,1.4
1466,Michael Teal,UMES,14,32.3,8.6,2.6,5.7,0.45,0.2,1.1,0.188,3.2,4.1,0.789,0.9,1.6,2.5,4.2,1.2,0.1,2.1,2.1
1467,Travelle Bryson,HWRD,14,17.6,8.6,3.5,7.1,0.49,0.6,2.2,0.29,0.9,1.1,0.867,0.8,2.1,2.9,1.1,0.9,0.4,0.9,1.4
1468,Will Berg,WICHI,18,22.7,8.6,3.1,5.7,0.539,0,0,0,2.4,3.8,0.638,3.6,4.7,8.3,0.6,0.5,1.3,1.1,3.2
1469,Mason Lee,UNF,18,27.6,8.6,3.2,5.6,0.58,1,2.7,0.375,1.1,1.8,0.606,1.9,4.8,6.7,2.3,0.5,0.4,2.1,3.5
1470,Chance Mallory,UVA,18,24.7,8.6,2.7,6.8,0.402,1,3.5,0.286,2.1,2.9,0.731,0.8,2.5,3.3,3.6,1.4,0.2,1.2,2
1471,Brooklyn Hicks,MONT,18,21.6,8.6,3.1,6.5,0.479,1.2,3.1,0.375,1.2,1.6,0.75,0.6,3.1,3.7,0.8,0.8,0.1,1,1.5
1472,Tanner Toolson,TCU,18,23.1,8.6,2.6,7.1,0.362,0.8,2.9,0.283,2.6,3.7,0.712,1.3,2.2,3.5,1.1,0.9,0.2,0.4,1.4
1473,Karyiek Dixon,WIU,9,31.4,8.6,3.3,7.3,0.455,0,0.4,0,1.9,2.4,0.773,3.3,4.8,8.1,0.8,1,0.2,1.2,2.8
1474,Jaden Kempson,ALBNY,9,30.7,8.6,3,8.6,0.351,0.8,2.8,0.28,1.8,2.6,0.696,1,4,5,2.3,0.8,0.8,1.9,1.8
1475,Darrion Baker,SIUE,20,24.1,8.6,3.1,6.4,0.48,1.4,2.9,0.466,1.1,1.7,0.667,1,3.8,4.7,0.8,0.7,0.4,1.4,3
1476,Jose Roberto Tanchyn,UMBC,15,23.5,8.5,3.1,6.5,0.485,0.9,2.6,0.359,1.3,1.7,0.769,1.5,6.3,7.8,1.1,1,0.5,0.7,2.3
1477,Jaehshon Thomas,DRAKE,19,20,8.5,2.8,7.3,0.388,0.7,3.1,0.237,2.1,2.8,0.741,0.6,1.6,2.3,1.3,0.4,0,0.9,1.3
1478,Sean Smith,MTSU,20,22.4,8.5,3.3,7,0.468,0.9,2.4,0.383,1.1,1.2,0.917,0.6,1.2,1.8,3.5,1.3,0.4,1.5,1.4
1479,Edwin Suarez,WEBER,18,21.2,8.5,3.4,6.8,0.504,0,0.2,0,1.6,3,0.537,2.3,3.4,5.8,1.3,1.4,0.5,1.7,3.1
1480,JaQuan Womack,TOWS,18,21.8,8.5,3.1,7.9,0.387,1,3.1,0.321,1.4,1.9,0.714,1.6,2.7,4.2,0.7,0.8,0.6,0.9,2
1481,Seydou Traore,U of U,18,28.7,8.5,2.9,8.1,0.366,1.2,3.9,0.296,1.4,2.1,0.703,0.6,2.4,3,2.1,1.2,0.4,1.5,1.8
1482,Montana Wheeler,BRDLY,20,22.9,8.5,2.9,7,0.407,1,2.8,0.345,1.9,2.3,0.804,0.2,1,1.2,2.5,0.4,0,1,1.7
1483,Tre Dinkins III,GW,18,19.5,8.5,2.7,6.8,0.402,2.1,5.3,0.396,0.9,1.2,0.81,0.4,1.3,1.7,1.7,0.4,0.1,1.2,1.4
1484,Luke Paragon,BRWN,13,19.6,8.5,2.7,6.1,0.443,1.6,4.5,0.362,1.5,1.5,0.95,0.3,1.1,1.4,0.5,0.2,0.2,0.8,1.6
1485,Ahmet Jonovic,BRDLY,20,26.2,8.5,2.9,5.6,0.509,0,0.1,0,2.8,3.8,0.733,1.5,4.6,6.1,1.3,0.6,1.4,1.7,2.8
1486,Landon Wolf,ILLST,20,24.3,8.5,3.1,5.8,0.539,1.5,3.3,0.462,0.8,0.9,0.833,1.9,3.3,5.1,0.6,0.7,0.2,1.1,2.2
1487,Nimari Burnett,MICH,20,19.9,8.5,3,6.6,0.455,1.8,4.3,0.407,0.7,0.9,0.778,0.3,1.8,2.1,1.1,0.6,0.1,0.8,1.5
1488,Matthew Hodge,VILL,18,27.2,8.4,2.9,6.3,0.469,1.7,4.2,0.4,0.9,1.4,0.615,1.2,2.1,3.3,0.4,0.3,0.6,0.4,2.1
1489,"Chris Lockett, Jr.",JAC,18,25.5,8.4,2.8,7.8,0.362,0.9,3.1,0.309,1.8,2.3,0.805,0.9,2.1,3.1,1.8,0.9,0.1,0.8,1.8
1490,David Castillo,KSU,18,31.5,8.4,3,8.9,0.335,1.6,4.8,0.322,0.9,1.1,0.8,0.1,1.5,1.6,1.2,0.5,0,1.3,2.6
1491,Julius Thedford,MEMP,16,21.8,8.4,2.9,5.9,0.484,0.4,1.4,0.304,2.3,3.3,0.679,1.9,2.8,4.6,0.7,1.1,0.3,1.1,2.3
1492,Conrad Martinez,HP,16,23.7,8.4,2.9,6.8,0.426,1,3.4,0.291,1.7,2.1,0.794,0.2,1.3,1.5,2.8,1.6,0.1,1.5,1.6
1493,Anthony Smith III,UND,16,17.8,8.4,3,6.3,0.48,0.4,1.4,0.304,2,2.3,0.889,0.5,1.6,2.1,2.1,0.6,0,1.1,1.7
1494,Curtis Givens III,MEMP,16,26.6,8.4,2.8,6.9,0.405,1.3,3.6,0.351,1.6,2.4,0.641,0.7,1.8,2.4,2.6,0.6,0.3,1.8,1.8
1495,Ashton Williamson,FIU,14,25.5,8.4,3.1,7.9,0.4,1.4,3.9,0.37,0.7,0.9,0.833,0.3,2,2.3,1.9,1.1,0.1,2.3,1.4
1496,Drake Allen,USU,20,25.9,8.4,2.9,6.3,0.464,1,2.7,0.358,1.7,2.8,0.589,0.6,2.1,2.7,4.4,1.8,0.5,2,2.3
1497,Marqueas Bell,SEMO,20,22.4,8.4,2.8,5.6,0.495,0.1,0.2,0.25,2.9,4,0.722,1.3,3.8,5.1,1.8,0.6,0.1,1.3,1.5
1498,Harrison Carrington,UCI,20,17.8,8.4,3.2,5.6,0.563,0.2,0.3,0.5,2,2.9,0.672,1.4,2.6,4,1,0.6,0.2,0.6,2
1499,Gabe Newhof,JMU,18,19.6,8.4,3.4,5.8,0.59,0,0,0,1.5,2.9,0.519,1.5,2.4,3.9,0.4,0.3,0.9,1.1,1.4
1500,Jaxon Ellingsworth,ARKST,18,21.1,8.4,2.8,6.2,0.455,1,2.9,0.346,1.7,2.3,0.738,1.7,2.9,4.6,0.6,0.5,0.2,1.2,2.2
1501,Arthur Cox,FDU,18,19.2,8.4,2.9,6,0.481,0.7,2.2,0.333,1.9,2.6,0.739,1.5,2.1,3.6,1.1,0.4,0.3,1.4,2.1
1502,Martin Kheil,IDHST,18,29.4,8.4,2.6,6.8,0.385,2,5.4,0.371,1.2,1.6,0.75,0.1,2.1,2.2,0.8,0.7,0.1,0.5,1.6
1503,D.A. Houston,TAMU-CC,18,20.2,8.4,2.6,6.1,0.427,1.2,2.7,0.449,1.9,2.8,0.686,0.3,0.9,1.2,2.5,0.6,0.2,1.8,2.6
1504,A.J. George,CSUB,18,28.2,8.4,3.4,8.4,0.404,0.3,1.6,0.179,1.3,1.7,0.774,0.9,2.1,3.1,1.4,0.3,0.2,1.9,2.3
1505,Youri Fritz,NEU,13,23.7,8.4,3.5,6.1,0.57,0,0.2,0,1.5,2.7,0.543,1.5,3.8,5.3,1.9,0.4,0.6,1.4,2.5
1506,Joshua Ola-Joseph,L-IL,16,23.8,8.4,2.8,6.7,0.411,1,3.8,0.267,1.9,2.6,0.714,1.8,2.6,4.4,0.8,0.1,0.1,0.9,1.9
1507,Tayton Conerway,IU,17,17.5,8.4,3.1,5.1,0.616,0.6,1.7,0.379,1.5,2,0.735,0.5,1.6,2.1,2.8,0.8,0.1,1.4,2.1
1508,Andres Marrero,MERRI,20,29.1,8.4,2.5,6.2,0.403,1.8,5,0.364,1.6,1.8,0.861,0.2,1.7,1.9,1.6,1.5,0.3,0.7,1.1
1509,Jalen Haynes,SOILL,20,22.9,8.4,2.9,7.2,0.396,0.6,2.8,0.218,2.1,2.8,0.745,0.6,2,2.6,2.1,1.1,0.2,1.3,1.4
1510,Chol Machot,C of C,18,18.8,8.3,3.4,5.8,0.587,0.2,0.7,0.25,1.4,2.1,0.676,1.8,4,5.8,0.2,0.3,2.4,1.7,2.6
1511,Andrew Ball,MONM,18,21.3,8.3,3.2,5.8,0.543,1,2.7,0.367,1,1.6,0.643,0.9,3,3.9,0.7,0.6,0.6,0.7,1.2
1512,Tate McCubbin,APSU,18,28.4,8.3,2.6,7.2,0.354,1.9,5.3,0.354,1.3,1.8,0.75,0.6,3.6,4.2,0.9,1.2,0.3,0.8,2.3
1513,Duane Posey,TEXSO,15,19.9,8.3,3,5.5,0.549,0,0,0,2.3,2.7,0.854,2.4,3.3,5.7,0.5,0.5,0.3,1.3,2.6
1514,Madison Durr,UNCW,18,19.5,8.3,1.9,5.9,0.321,0.7,1.9,0.343,3.9,5.2,0.745,0.6,1.8,2.3,1.6,0.6,0.1,1.2,2.3
1515,Julien Gomez,UTRGV,22,24.8,8.3,2.8,6,0.47,1.3,3,0.418,1.4,1.9,0.756,1.2,2.3,3.5,1.8,0.9,0,1,2.9
1516,Kam Burton,SFA,22,18.8,8.3,2.7,6.1,0.44,2.4,5.4,0.445,0.5,0.7,0.75,0.2,1.5,1.7,0.2,0.6,0,0.3,1
1517,"D.J. Richards, Jr.",MCNST,22,22.6,8.3,2.3,6.5,0.359,1.8,5.4,0.339,1.9,2.4,0.788,0.4,1.6,2,0.8,0.9,0.2,0.9,2.3
1518,Zach Kraft,UND,16,26.7,8.3,2.7,5.8,0.462,2.1,5,0.425,0.8,0.9,0.867,0.6,2.4,3.1,0.4,0.9,0.2,0.6,2.1
1519,Rich Rolf,YSU,20,27.4,8.3,2.8,6.9,0.406,1.4,4.2,0.325,1.4,1.6,0.871,1.2,3.4,4.6,2.4,0.7,0.3,1,2.2
1520,Trey Simpson,KENN,20,27.8,8.3,2.8,7.2,0.385,1.8,5.4,0.333,1,1.8,0.571,1,3.6,4.6,0.6,0.8,1.6,1.3,2.1
1521,"Cornelius Robinson, Jr.",MONM,17,27.1,8.3,3.4,7.6,0.438,0.1,0.5,0.222,1.5,2.4,0.625,1.9,2.5,4.4,1.2,0.8,0.2,1.1,2.4
1522,"Teddy Washington, Jr.",CHATT,17,18.7,8.3,2.9,6.4,0.45,0.6,2.4,0.268,1.9,2.4,0.78,0.3,2.8,3.1,1.1,0.9,0.1,0.8,2
1523,Matt Mayock,AMERU,18,30.8,8.3,2.8,6.7,0.421,0.8,3.1,0.268,1.8,2.1,0.842,0.9,2.8,3.7,2.1,1.4,0.4,1.1,1.9
1524,Binael Basil,WAGNR,18,23.5,8.3,3.1,5.7,0.544,0.1,0.3,0.167,2,3.5,0.571,2.6,3.6,6.2,1.2,0.5,0.2,1.4,2.6
1525,Jordan Stiemke,L-MD,18,27.5,8.3,2.9,8.1,0.356,1.3,4.6,0.28,1.2,1.6,0.759,0.7,2.3,3.1,1.4,0.9,0.4,1,2.1
1526,Jackson Furman,USMA,18,26.1,8.3,2.7,8.1,0.336,1.6,5.2,0.309,1.2,1.4,0.88,0.7,3.1,3.7,1.6,0.9,0.2,1.9,3.1
1527,Kheni Briggs,UNH,15,22.5,8.3,2.9,6.1,0.478,1.1,2.9,0.372,1.3,1.8,0.741,0.1,0.9,1.1,1.3,1,0.1,1.4,1.5
1528,Brandon Muntu,TNTCH,20,26.3,8.3,2.8,7,0.396,1.6,4.7,0.34,1.2,1.3,0.92,1.2,2,3.2,0.8,0.8,0,0.4,1
1529,Jakhi Gumpton,STPC,20,24.7,8.3,3,6.9,0.428,0.6,2,0.308,1.8,2.6,0.673,1.7,3.5,5.2,0.9,0.7,0.7,2,2.9
1530,Demarion Burch,BRDLY,16,22.3,8.3,3.2,7.9,0.402,0.9,2.8,0.341,0.9,1.6,0.577,0.7,1.3,2,1,0.4,0.1,0.8,2.2
1531,Guzman Vasilic,POLY,17,25.2,8.2,2.8,6.7,0.421,1.9,5.3,0.367,0.6,0.9,0.733,0.6,1.8,2.4,0.9,0.6,0.2,1,1.8
1532,Isaac Harrell,ELON,18,26.3,8.2,2.9,5.8,0.5,1.3,3.2,0.397,1.2,1.5,0.778,1.4,2.6,4,0.4,0.8,0.1,0.1,1.8
1533,Tyler Thompson,MONT,18,31,8.2,2.6,6.4,0.4,2,5.3,0.379,1.1,1.3,0.87,0.2,3.7,3.9,1.4,0.9,0.3,1.2,1.4
1534,Mason Porter-Brown,LIU,18,20.8,8.2,2.8,5.7,0.485,1.1,3,0.352,1.6,2.1,0.784,1.4,2.3,3.7,0.6,0.8,0.3,1.2,2.4
1535,Ruben Dominguez,TAMU,18,23.7,8.2,2.4,7,0.349,2,5.7,0.35,1.3,1.6,0.857,0.3,2.4,2.7,1.3,0.4,0.1,0.4,1
1536,E.J. Ryans,WMY,18,27.4,8.2,2.7,6.4,0.414,1,2.9,0.34,1.9,2.2,0.872,0.8,1.1,1.9,1.9,0.6,0.1,1,2.4
1537,Legend Smiley,SANFR,18,23.9,8.2,2.7,6.3,0.425,1.7,4.1,0.419,1.2,1.3,0.913,0.5,1.7,2.2,0.5,0.4,0.2,1,2
1538,Jeremiah Jenkins,BRWN,14,32,8.2,2.8,7.6,0.368,1.1,3.5,0.306,1.6,2.2,0.71,0.6,2.7,3.3,5.4,1.7,0.2,2.9,2.7
1539,Alex Cotton,HWRD,14,24.5,8.2,2.6,6.9,0.375,2.4,5.8,0.407,0.7,1.1,0.625,0.6,2.1,2.8,1.1,0.9,0.2,0.8,1.7
1540,Quimari Peterson,UWASH,20,30.4,8.2,2.8,7.3,0.384,1.9,5.7,0.333,0.7,1,0.737,0.5,1.9,2.4,2.3,1,0.2,0.9,2.1
1541,Jalen Warley,ZAGS,16,23.2,8.2,3.5,5.6,0.622,0,0,0,1.2,1.7,0.704,1.6,2.9,4.5,2.3,1.6,0.2,1.1,2.6
1542,Narit Chotikavanic,SFA,22,22.1,8.2,2.5,7.1,0.359,2.1,6,0.351,1,1.3,0.786,0.3,2.8,3.1,0.8,0.8,0.1,0.4,1.4
1543,Joseph Tugler,U of H,18,23.6,8.2,3.2,4.8,0.667,0,0,0,1.7,2.5,0.689,3.3,2,5.3,0.9,0.9,1.2,0.9,2.9
1544,Adrian Wooley,LVILL,18,21.8,8.2,2.9,6.7,0.438,1,3.1,0.327,1.3,1.7,0.742,1.3,2.4,3.7,1.8,0.6,0.1,0.9,2.1
1545,"Chris Davis, Jr.",C of C,18,19.8,8.2,2.6,6.5,0.393,1.4,3.4,0.426,1.6,2.1,0.763,1.2,2.2,3.3,0.8,0.5,0,0.6,1.3
1546,Eli Beard,DREX,18,26.3,8.2,2.6,5.8,0.448,2.1,4.6,0.451,0.9,1.2,0.762,0.2,1.6,1.8,1.7,0.7,0,1.3,1.3
1547,Jordan Pennick,USNA,18,29,8.2,2.7,7.2,0.377,1.5,4.7,0.318,1.2,1.9,0.647,0.2,2.4,2.6,1.6,0.8,0.2,1.3,2.1
1548,Alec Oglesby,MTSU,19,25.1,8.2,2.6,6.5,0.398,1.9,5.2,0.378,1.1,1.4,0.741,0.5,1.5,1.9,0.8,0.8,0.1,0.6,1.4
1549,Eric Mahaffey,AKR,17,22.6,8.1,2.9,5.7,0.505,0.9,2.1,0.417,1.5,1.8,0.806,1.8,4.2,6,1.9,0.8,0.8,1,2.4
1550,Keeyan Itejere,URI,18,29.1,8.1,3.1,5,0.611,0,0,0,2,2.9,0.679,2.7,3.2,5.9,0.4,0.9,1.6,1.5,3.6
1551,Jalen Washington,VANDY,18,22.1,8.1,2.9,5.7,0.52,0.2,0.8,0.286,2,3,0.667,2.3,3.9,6.2,0.7,0.5,1.3,1.2,2.8
1552,Kolten Griffin,UWG,18,33.9,8.1,3.3,6.6,0.5,0.8,1.9,0.429,0.7,1,0.722,0.8,3.2,4,2.7,1.5,0.7,1.8,3.1
1553,Malek Gomma,WEBER,18,25.8,8.1,3.2,6.5,0.496,0,0.1,0,1.7,3.3,0.508,2.7,3.9,6.7,1.3,0.5,0,1.1,2.4
1554,Reece Robinson,UNT,18,22.6,8.1,3.1,6.1,0.509,0.6,1.4,0.385,1.3,2,0.667,2.4,2.3,4.8,0.4,0.7,0.6,0.8,3.4
1555,Davian Williams,ALCST,18,28.5,8.1,2.9,7.9,0.364,1.2,3.7,0.328,1.1,1.3,0.833,0.7,2.4,3.1,1.3,1.5,0.1,1.1,1.8
1556,Arrinten Page,NWU,19,20.6,8.1,3.1,6.1,0.513,0.3,1.4,0.231,1.6,2.4,0.652,1.1,2.3,3.4,1.3,0.8,1.2,1.4,1.5
1557,Bryce Cofield,CSFUL,20,21.4,8.1,3,6.8,0.441,0.1,0.8,0.063,2.1,3.8,0.539,1,3.7,4.7,2.2,0.9,0.6,2.2,2
1558,Jean Aranguren,GW,18,24.8,8.1,2.7,5.8,0.471,0.9,2.2,0.4,1.7,2.2,0.795,1.9,2.7,4.6,3.4,1.4,0.4,1.8,2.5
1559,Layne Taylor,MRRY,18,24.9,8.1,2.8,6.4,0.435,1.6,4.5,0.358,0.9,1.1,0.842,0.7,1.8,2.6,2.8,0.8,0.1,1,1.6
1560,Jordan McCullum,ETSU,18,22.3,8.1,3,5.7,0.524,0.2,1.3,0.167,1.8,2.6,0.717,0.9,2.2,3.1,0.8,1.1,1.1,1,1.9
1561,Liutauras Lelevicius,TCU,18,23.4,8.1,2.6,5.6,0.47,1.5,3.3,0.45,1.3,1.6,0.857,0.6,2.3,2.9,0.5,0.3,0.1,0.5,0.7
1562,Jaylen Smith,ETSU,18,23.8,8.1,2.7,7.3,0.374,1.4,3.9,0.371,1.2,1.3,0.875,0.3,1.9,2.2,2.8,0.9,0.2,1.4,1.9
1563,Ajay Sheldon,OHIO,18,32.2,8.1,2.4,7,0.349,2.2,5.9,0.374,0.9,1.3,0.739,0.3,1.7,2.1,1.4,1.7,0,0.9,2.8
1564,Elmore James,BLLST,18,25.6,8.1,2.9,7.6,0.382,1.1,3.9,0.286,1.2,1.3,0.875,0.4,1.5,1.9,1,0.6,0.1,0.6,1.4
1565,A.J. Smith,BRDLY,20,24,8.1,2.7,6.2,0.435,1,2.6,0.365,1.7,2.4,0.723,1.6,3.7,5.2,1.3,1,0.4,0.8,2.8
1566,Isaiah Chappell,UCD,20,23.6,8.1,2.7,7.1,0.373,1.9,5.3,0.358,0.9,1.5,0.567,0.6,3.8,4.4,0.6,0.8,0.2,0.9,2.5
1567,Nick Dorn,IU,20,27.1,8.1,2.5,6.5,0.38,2,5.7,0.342,1.2,1.4,0.889,0.6,1.8,2.4,0.4,0.4,0.1,0.6,2
1568,Bukky Oboye,SCU,18,18.7,8,3.2,4.9,0.648,0.2,1.1,0.2,1.4,2.1,0.684,1.7,3.1,4.8,0.7,0.9,1.1,0.6,3.6
1569,Makhi Myles,SELU,22,23.2,8,2.5,6.7,0.374,1.2,3.7,0.321,1.8,2.2,0.833,1,2.9,3.8,0.6,1.8,0.6,1,2.1
1570,Pedro Santos,UTM,20,21.3,8,3.2,7.5,0.43,0.8,2.6,0.308,0.8,1.1,0.727,1.6,2.9,4.5,1,1.8,0.1,1.2,1.9
1571,Braelon Bush,CHIST,17,25,8,2.8,7.4,0.381,1.2,3.8,0.313,1.2,1.3,0.909,0.1,1.6,1.7,3.7,1.2,0,0.9,1.2
1572,Jo'el Emanuel,W&M,18,22.6,8,2.4,4.9,0.5,0.4,1.4,0.269,2.7,3.8,0.71,0.7,2.1,2.8,1.8,0.8,0.3,0.8,2.9
1573,Ace Flagg,MAINE,16,25.9,8,2.6,5.8,0.452,0.9,2.1,0.412,1.9,2.6,0.714,0.5,3.6,4.1,1.7,1.7,0.5,1.8,3.1
1574,Jaylen Benard,LONG,16,20.4,8,3.1,6.2,0.495,1.6,4,0.391,0.3,0.8,0.417,1.2,2,3.2,0.9,0.9,0.1,0.5,1.8
1575,Kyle Carlesimo,COLGT,18,24.6,8,2.8,7.4,0.381,1.8,5.3,0.347,0.5,0.6,0.818,0.4,2.1,2.4,1,1,0.2,0.8,1.6
1576,T.J. Caldwell,ARKST,18,18.6,8,2.3,6.6,0.347,1.4,4.1,0.342,2.1,2.6,0.804,0.4,1.7,2.1,0.9,0.9,0.3,1,1.6
1577,Miles Ndalama,FAMU,15,23.2,8,3,5.3,0.57,0,0,0,2,3.6,0.556,2.2,2.3,4.5,0.7,0.4,0.8,2,3.5
1578,Josh Reed,DREX,18,19.1,8,3.3,7.8,0.421,0.1,0.9,0.125,1.3,2,0.667,0.6,2.6,3.2,0.7,0.6,0.2,0.9,1.4
1579,Sadraque Nganga,SJSU,19,24.8,8,2.7,6.9,0.394,0.9,3,0.316,1.6,1.9,0.833,0.9,2.7,3.6,0.7,0.4,0.3,1.4,2.9
1580,Adrian Uchidiuno,BRWN,14,24.6,8,2.8,9.4,0.295,1.2,5.5,0.221,1.2,1.4,0.85,0.6,1.6,2.2,1,1.1,0.2,1.8,1.9
1581,Ty Pence,ILLST,20,23.1,8,3.1,6.3,0.492,0.6,2.1,0.286,1.2,1.9,0.622,0.8,3.3,4.1,1.6,0.4,0.3,1.1,1.4
1582,Mike Walz,RICH,18,22.6,7.9,2.9,6.3,0.46,0.9,2.7,0.354,1.2,1.4,0.846,1.5,4.9,6.4,2.2,0.4,0.9,1.3,2.3
1583,Jayden Williams,BUCK,18,33.8,7.9,2.5,7.5,0.333,1.1,3.8,0.294,1.8,2.2,0.825,0.3,2.4,2.8,4.1,1.4,0.2,1.6,2.1
1584,Jaiun Simon,DAY,17,23.5,7.9,2.4,4.4,0.554,0.5,1.1,0.474,2.6,3.2,0.8,1.2,3.3,4.5,1.7,0.6,0.6,1.4,2.8
1585,Vyctorius Miller,OKST,17,25.5,7.9,2.5,7.3,0.339,1,3.6,0.279,2,2.4,0.85,0.7,2,2.7,1.5,1.1,0.1,1.3,2.7
1586,Lukas Walls,RADF,16,27.6,7.9,2.5,5.1,0.488,1.3,3.2,0.412,1.6,2.1,0.788,0.5,1.9,2.4,1.1,0.9,0.2,0.9,2.8
1587,Gavin Gores,UWYOM,15,18.8,7.9,2.7,3.9,0.695,0.1,0.5,0.125,2.4,3.1,0.783,1.4,2.5,3.9,0.3,0.3,0.5,1.3,2.7
1588,Landon Clark,PRIN,14,30.1,7.9,2.7,6.4,0.427,1.7,4.3,0.4,0.8,0.9,0.846,0.5,3.2,3.7,2.2,0.8,0.4,1,1.9
1589,Magoon Gwath,SDSU,14,17.3,7.9,2.9,5.3,0.541,0.8,1.7,0.458,1.4,2.4,0.606,1.4,2.6,4,0.4,0.3,1.3,1.4,1.7
1590,Rahmir Moore,DESU,12,23.5,7.9,2.2,5.6,0.388,1.1,3.3,0.325,2.5,3,0.833,1.1,2,3.1,1.3,0.6,0.1,1.3,1.5
1591,Trent Johnson,HCU,22,30.2,7.9,2.6,5.4,0.483,1.6,3.9,0.424,1.1,1.4,0.774,0.8,2.5,3.3,2.4,0.7,0.6,1.4,1.4
1592,Adlan Elamin,USU,20,22.7,7.9,3,6.5,0.454,1,3.1,0.323,1,1.3,0.769,1,2.9,3.9,1.2,1,0.3,0.9,1.9
1593,Javar Daniels,UWG,18,20.1,7.9,3.3,5.7,0.578,0.3,0.6,0.455,1.1,1.6,0.655,1.7,3.3,5.1,0.8,0.9,1.8,0.6,2.4
1594,Antonio Chandler,SIENA,18,22,7.9,3.2,4.4,0.713,0,0.2,0,1.6,2.2,0.7,2.1,3.7,5.8,0.6,0.3,0.6,0.4,2.1
1595,Jalen Cooper,EKU,18,22.8,7.9,3.1,5.9,0.523,0.3,1.3,0.208,1.4,2.2,0.641,2.2,4.3,6.6,0.9,0.9,0.4,1.4,1.6
1596,Julius Halaifonua,GTOWN,18,17.4,7.9,2.9,4.9,0.591,0.2,0.3,0.6,1.9,2.8,0.686,1.4,2.3,3.7,1.3,0.3,0.7,1,2.3
1597,Caleb Foster,DUKE,18,25.2,7.9,3.1,7.1,0.433,1.2,3.1,0.382,0.6,1.2,0.5,0.7,2.9,3.6,2.9,0.2,0,1.1,1.5
1598,Victor Payne,STFPA,18,25.8,7.9,2.7,5.4,0.49,1.4,3.4,0.426,1.1,1.4,0.769,1,2.5,3.5,1.1,0.8,0.4,0.8,2.9
1599,Garfield Turner,DREX,17,20.3,7.9,2.6,4.3,0.616,0,0,0,2.6,4.2,0.611,2.2,3.1,5.3,1.3,0.3,0.5,1,3.1
1600,Davide Poser,NEWHA,16,28.7,7.9,2.7,7.9,0.339,2.1,6.6,0.314,0.4,0.8,0.583,0.9,2,2.9,2.1,0.9,0.1,0.7,2.6
1601,Andy Sigiscar,TARST,14,17.9,7.9,3.4,5.4,0.64,0,0,0,1,2.1,0.467,0.7,2.4,3.1,0.4,0.7,1.2,0.9,1.9
1602,Kaden Powers,RUTG,20,18.9,7.9,3.1,8.2,0.372,1.4,3.8,0.355,0.4,0.6,0.727,0.4,1.7,2.1,1.9,0.5,0.2,1.1,1.4
1603,Jimel Lane,GRAMB,13,24.2,7.8,2.9,6.7,0.437,0.3,1,0.308,1.7,2.2,0.759,1.2,3.3,4.5,1.2,1.4,0.5,2.2,1.6
1604,Troy Glover II,BGSU,18,24.7,7.8,3.2,4.9,0.659,0,0,0,1.4,2.8,0.5,2.9,3.2,6.1,0.3,0.7,1.6,0.9,2.8
1605,Brock Harding,TCU,18,32.2,7.8,2.6,7.8,0.336,1.1,3.6,0.297,1.6,2.4,0.636,0.4,2.6,3,5.8,1.6,0,2.1,1.6
1606,Anthony Robinson II,MZZOU,18,25,7.8,2.5,6.4,0.388,0.8,3.1,0.268,2,3.1,0.643,0.8,2,2.8,2.7,1,0.2,1.6,3
1607,Tasos Cook,CAM,18,24.2,7.8,2.6,6.1,0.427,1.6,3.7,0.418,1.1,1.3,0.792,0.6,1.3,1.9,1,0.9,0.1,0.6,1.9
1608,Santiago Trouet,ASU,16,25.4,7.8,2.9,6.7,0.43,0.2,0.6,0.333,1.9,2.4,0.789,2.6,3.5,6.1,0.9,0.8,0.9,0.9,2
1609,Scotty Washington,HP,16,18.2,7.8,2.6,5.1,0.512,1.1,2.7,0.419,1.4,1.8,0.793,0.3,2.6,2.8,1.1,0.8,0.4,0.7,1.4
1610,Collin Mulholland,CHATT,16,16.1,7.8,3,6.6,0.457,0.8,2.6,0.293,1.1,1.3,0.85,0.6,2.8,3.4,1.6,0.3,0.5,0.9,2.4
1611,Joshua DeCady,HOF,16,27.1,7.8,2.6,6.3,0.416,0.9,2.5,0.35,1.7,2.8,0.6,1.4,2.2,3.6,0.8,0.9,0.5,1,2.8
1612,Sam Brown,DAV,16,24.1,7.8,2.9,7.9,0.362,1,4,0.25,1.1,1.3,0.85,0.2,1.9,2.1,2.2,0.6,0,1.2,1.3
1613,Jacobe Coleman,SHSU,20,22,7.8,2.8,6.1,0.459,1.2,3.1,0.393,1,1.5,0.69,0.9,1.6,2.5,1.6,0.3,0,0.8,1.4
1614,Kur Teng,MCHST,20,18.3,7.8,2.8,7.1,0.387,1.8,4.4,0.398,0.6,0.7,0.846,0.7,1.7,2.4,0.8,0.2,0.1,0.9,1.5
1615,Wei Lin,OREG,19,19.8,7.8,2.5,6.7,0.37,1.3,4.1,0.321,1.5,1.8,0.829,0.2,0.6,0.8,1.9,0.6,0,1.3,1.5
1616,Mike Price,CSUB,19,19,7.8,2.9,7.2,0.412,1.2,3.4,0.338,0.7,1.1,0.7,0.2,1.1,1.2,0.8,0.5,0.1,1,2.1
1617,Samson Aletan,YALE,14,26.4,7.8,3.2,5.4,0.592,0,0,0,1.4,2.9,0.475,1.9,3.4,5.2,1.1,0.6,1.1,1.1,2.7
1618,Josh Pascarelli,COLST,14,26.5,7.8,2.6,7.2,0.366,1.5,4.9,0.304,1,1.2,0.824,1.1,2.4,3.5,1.2,0.6,0.1,1,1.9
1619,Quinton Perkins II,MER,14,21.7,7.8,2.8,6.1,0.459,1.6,3.5,0.449,0.6,0.7,0.9,0.2,1.1,1.4,1.4,0.6,0.3,1.2,1.8
1620,Isaiah Langham,BRWN,14,20.6,7.8,2.9,7.1,0.414,0.4,2.1,0.2,1.5,2.6,0.583,0.4,1.9,2.3,0.7,0.9,0.3,1.4,1.2
1621,Sam Dada,WCU,18,23.7,7.8,3.4,4.7,0.726,0,0.1,0,1,1.3,0.75,3.4,5.1,8.5,0.8,0.5,1.1,0.7,2.6
1622,Jaden Clayton,PACI,18,32.1,7.8,2.7,7.8,0.348,1.2,3.7,0.318,1.2,1.6,0.724,0.5,3.4,3.9,6.9,1.1,0,2.6,1.8
1623,Will Felton,NC A&T,18,18.4,7.8,3.1,4.5,0.679,0,0,0,1.7,2.6,0.652,1.8,2.4,4.3,0.3,0.5,0.2,0.8,1.9
1624,Garwey Dual,MCNST,22,25.5,7.8,2.7,6,0.455,0.6,2.1,0.298,1.7,2.1,0.787,1,1.5,2.5,3.8,1.5,0.7,1.6,2.5
1625,T.J. Williams,WICHI,17,21.7,7.8,2.8,5.7,0.485,0,0.1,0,2.2,3.2,0.691,1.8,2.7,4.5,1.5,0.7,0.2,1,2.1
1626,Tolu Samuels,USI,20,31.8,7.8,2.6,6,0.437,0.2,0.6,0.273,2.4,4.1,0.593,2.9,5.8,8.7,1.2,0.5,0.8,1.1,2
1627,Felix Okpara,TENN,16,27.8,7.8,3.3,4.9,0.667,0,0.2,0,1.3,1.9,0.667,2.9,4.1,6.9,0.4,0.2,1.1,1.1,2.9
1628,Afan Trnka,UTM,16,23.1,7.8,2.1,5.5,0.386,1.3,3.5,0.357,2.3,3.1,0.72,1.1,2.1,3.1,1.8,0.8,0.4,1.9,2
1629,Learic Davis,USCU,12,20.5,7.8,2.8,5.8,0.471,0.7,2.1,0.32,1.6,2.2,0.731,1,2.6,3.6,0.5,0.3,0.3,1.6,2.7
1630,Christian Winborne,NICH,19,24.2,7.7,2.6,7.2,0.365,1.8,5.6,0.33,0.6,0.9,0.706,0.5,0.9,1.5,1.2,1.5,0,0.7,1.8
1631,Keonte Jones,DAY,18,30.8,7.7,2.7,5.2,0.516,0.4,1.2,0.333,2,3,0.667,1.6,3.7,5.3,2.2,1,0.7,1.7,2.8
1632,Bryson Tiller,KU,18,26.7,7.7,2.8,6.1,0.459,0.3,1.1,0.25,1.9,2.7,0.708,1.7,4.6,6.3,1.5,0.4,1.2,2.1,2.1
1633,Michael Belle,VCU,18,23.8,7.7,3.1,5.7,0.534,0.4,0.9,0.5,1.2,2.4,0.477,1.6,3.7,5.2,0.6,0.7,1,0.9,2.6
1634,Damarco Minor,PITT,18,32.8,7.7,2.3,7.3,0.318,1.6,5.8,0.279,1.4,1.7,0.867,0.6,3.3,3.8,3.4,1.1,0.2,1.6,2.3
1635,Calvin Sirmans,STET,18,25.1,7.7,2.2,5.9,0.368,0.8,2.5,0.311,2.6,3.3,0.783,0.4,1.2,1.7,5,1,0.1,2,2.2
1636,Lachlan Brewer,IDHST,18,30.6,7.7,2.8,6.7,0.417,1.2,3.7,0.313,1,1.2,0.857,1.2,2.3,3.5,0.9,0.6,0.4,1.1,1.4
1637,"Kennard Davis, Jr.",BYU,18,28.7,7.7,2.6,6.8,0.374,1.3,4.9,0.27,1.3,1.6,0.821,1,1.9,2.9,1.2,0.9,0.3,0.7,2.3
1638,Logan Applegate,CTDL,18,18.8,7.7,2.4,6.3,0.377,1.7,5.2,0.33,1.2,1.4,0.846,0.2,2,2.2,1.2,0.7,0.1,0.6,1.3
1639,Bowen Hardman,AKR,18,18.2,7.7,2.6,6.1,0.422,2.3,5.4,0.429,0.3,0.3,0.833,0.1,1.3,1.3,0.3,0.1,0,0.3,0.6
1640,Jacari White,UVA,14,17.3,7.7,2.6,6.4,0.416,1.8,4.9,0.368,0.6,0.8,0.818,0.5,1.6,2.1,1.3,0.4,0.1,1.1,1.1
1641,Caleb Williams,GTOWN,20,30,7.7,2.6,6.2,0.419,1.3,3.3,0.379,1.3,1.6,0.781,1.5,3.4,4.9,1.4,0.6,0.1,0.9,2.4
1642,Ty Owens,TNTCH,20,29.1,7.7,2.6,6.8,0.382,0.8,2.6,0.314,1.7,2,0.85,0.2,2.7,2.8,3.4,0.7,0.2,2.2,1.7
1643,Osiris Grady,UCR,20,29.3,7.7,3.1,7.9,0.392,0.2,1.3,0.16,1.3,2.5,0.531,1.2,3.7,4.8,1.6,0.4,0.7,1.1,2.4
1644,Abass Bodija,FORD,13,20.9,7.7,2.5,6.1,0.405,0.4,1.3,0.294,2.4,2.9,0.816,1.8,3.4,5.2,0.5,0.7,0.4,0.8,2.6
1645,Ashley Sims II,BRYNT,16,34.2,7.7,3.1,6.3,0.495,0.2,0.8,0.231,1.3,2.1,0.606,1.3,4.1,5.3,1.9,0.6,0.4,1.2,1.7
1646,Braden Hausen,HP,16,26.4,7.7,2.8,6.8,0.404,1.7,5,0.338,0.5,0.6,0.8,0.9,2.9,3.9,1.6,1.3,0.2,0.6,1.6
1647,D.J. Jefferson,GWU,16,18.1,7.7,2.8,6.4,0.431,1.1,3.3,0.34,1.1,1.6,0.68,0.5,2.9,3.4,0.6,0.4,0.4,1.7,1.3
1648,Malachi Moreno,UK,18,23.7,7.7,2.7,4.7,0.565,0,0.1,0,2.3,3.4,0.689,2.5,4.1,6.6,2.1,0.5,1.8,1.5,2.8
1649,Sam Donald,BELL,18,27.4,7.7,2.7,4.5,0.605,1.2,2.5,0.489,1,1.3,0.75,0.4,3.4,3.9,1.8,0.6,0.2,0.7,1.4
1650,Ja'Corey Robinson,APSU,18,19.8,7.7,3.1,6,0.509,0.1,0.3,0.167,1.5,1.9,0.794,0.9,2.3,3.2,2.1,1.1,0.6,1.2,1.7
1651,"Mike Gray, Jr.",WICHI,18,28.2,7.7,2.4,8,0.299,1.2,4.6,0.253,1.7,2,0.861,0.5,3.1,3.6,2.4,0.6,0.3,1.2,2
1652,Truman Claytor IV,UALR,18,18.4,7.7,2.9,7,0.413,0.9,2.6,0.34,1,1.4,0.72,0.3,1.4,1.7,0.7,0.9,0.2,0.8,2.3
1653,Ralph Martino Jr.,STFPA,6,23.3,7.7,2.2,4,0.542,1,2,0.5,2.3,2.8,0.824,0.7,2,2.7,1.3,1.3,0.2,0.2,1.2
1654,Kaden Brown,USI,3,19.7,7.7,2,6.3,0.316,1.3,4.3,0.308,2.3,2.3,1,0,0.7,0.7,0.3,0.7,0,2,0.7
1655,Will Shortt,NIAG,20,21.3,7.7,3.5,5.5,0.636,0,0,0,0.7,1.5,0.433,2.1,2.9,5,0.8,0.3,1.1,1.1,1.7
1656,Josiah Sabino,NIAG,20,20.5,7.7,2.7,5.8,0.457,0.5,1.8,0.278,1.9,2,0.949,1,4.1,5.1,0.8,0.7,0.4,1.2,2.1
1657,Anthony Wrzeszcz,NMSU,20,25.8,7.7,2.5,7.1,0.352,1.9,5.9,0.325,0.8,1,0.789,0.3,2.1,2.4,0.9,0.5,0.1,0.7,2
1658,Lee Dort,Cal,11,22.5,7.6,3,5.5,0.55,0,0,0,1.6,2.7,0.6,2.1,5.5,7.6,0.4,0.6,0.5,0.8,3.2
1659,Jaden Henderson,CSFUL,19,16.6,7.6,3.1,6.2,0.496,1.3,3.2,0.41,0.2,0.3,0.667,0.6,2,2.6,1.5,0.4,0.1,0.9,1.5
1660,Ethan Simmon,SB,16,20.9,7.6,2.8,5.4,0.512,1.7,3.8,0.45,0.4,0.8,0.583,0.1,1.2,1.3,0.4,0.6,0.3,0.4,1.6
1661,Florian Tenebay,SCSU,13,25.2,7.6,1.9,4.9,0.391,0.4,1,0.385,3.4,4.2,0.8,0.8,2.2,3,2,1.6,0.1,1.9,2.1
1662,Elzie Harrington,SDSU,13,22.8,7.6,2.8,6.5,0.435,0.5,1.8,0.25,1.5,1.6,0.905,0.5,1.3,1.8,2.3,1,0.1,1.6,1.7
1663,Andrew McKeever,STMRY,18,20.9,7.6,3,6.1,0.491,0,0,0,1.6,2.4,0.659,3.4,5.2,8.6,1.8,0.7,0.6,1.8,2.1
1664,Ben Vander Wal,FRMN,18,29.5,7.6,3.2,4.9,0.652,0.1,0.3,0.167,1.1,2.5,0.444,2.6,3.4,6,2.4,0.4,0.4,0.8,2.2
1665,Achor Achor,MISST,18,19.9,7.6,3,6.4,0.466,0.7,2.1,0.342,0.9,1.3,0.696,2.3,4.2,6.5,0.4,0.6,0.7,0.9,2.4
1666,Kevon Vanderhorst,DREX,18,29.9,7.6,2.9,7,0.421,0.5,2.2,0.231,1.2,1.7,0.733,0.7,2,2.7,2.7,0.9,0,1.4,1.7
1667,Kyler Vanderjagt,U of T,18,21.3,7.6,2.6,5.7,0.461,0.9,2.4,0.372,1.5,1.9,0.794,0.4,0.9,1.3,1,1.1,0,1.3,1.3
1668,Deywilk Tavarez,L-IL,18,22.3,7.6,2.4,8.3,0.295,1.7,6.4,0.267,1,1.2,0.818,0.2,1.9,2.1,1.8,0.8,0.1,1.4,1.9
1669,Brendan Coyle,SIENA,20,28.4,7.6,2.5,7.4,0.331,1.9,6.6,0.29,0.8,1,0.8,0.5,3.7,4.2,0.8,0.5,0.1,1,2
1670,Ryan Mabrey,MAINE,15,28.9,7.6,2.7,7,0.381,1.7,4.7,0.357,0.6,0.9,0.643,0.3,2.9,3.2,1.7,0.9,0.1,1.1,1.6
1671,Albert Vargas,RMU,15,25.7,7.6,2.1,5.8,0.368,1.2,3.1,0.383,2.1,2.5,0.865,0.3,1.9,2.2,3.9,0.7,0,2.3,2.7
1672,Truth Harris,LASAL,17,25.4,7.6,2.3,7,0.328,1.6,5.3,0.3,1.4,1.6,0.889,0.4,1.7,2.1,1.3,1.2,0.2,0.8,2.2
1673,"Kyle Cuffe, Jr.",MER,17,18.2,7.6,2.6,6.7,0.386,1.2,3.8,0.323,1.2,1.4,0.833,0.4,1.1,1.5,0.4,0.6,0.1,0.6,2.2
1674,Ben Oosterbaan,STTOM,16,24.6,7.6,2.9,6.1,0.485,1.3,3.4,0.364,0.4,0.7,0.636,0.8,3.8,4.6,1.6,0.4,0.4,0.7,1.9
1675,Tre Holloman,NCST,16,24.9,7.6,2.3,6.3,0.37,1.3,3.8,0.35,1.6,2.1,0.788,0.3,1.6,1.8,1.8,1.1,0.4,0.9,1.8
1676,P.J. Eason,AAMU,18,26.9,7.6,2.6,4.4,0.582,0,0,0,2.4,3.7,0.667,2,4.4,6.4,1.4,0.7,1.3,1.7,2.2
1677,Vlad Salaridze,YSU,18,15.9,7.6,2.7,6.3,0.421,0.7,2.2,0.3,1.6,2,0.778,2,1.8,3.8,1.6,0.9,0.3,0.9,2.2
1678,Dylan Arnett,UNT,18,26.8,7.6,3.3,7.8,0.426,0,0,0,0.9,1.8,0.5,1.9,3.6,5.5,1.1,0.9,0.8,1.4,2.1
1679,Jackson Holt,EKU,18,17.4,7.6,2.5,4.7,0.536,1.8,3.4,0.532,0.7,0.7,1,0.4,1,1.4,1,0.6,0,0.7,1.6
1680,Ben Plummer,UNF,18,30.3,7.6,2.8,7.6,0.365,1.3,4.6,0.28,0.7,1.1,0.684,1.3,2.4,3.8,1.1,0.4,0.1,0.9,1.8
1681,Ja'Borri McGhee,MISST,18,21.6,7.6,2.8,6.6,0.424,0.9,2.5,0.356,1.1,1.8,0.625,0.2,1.6,1.8,2.2,0.5,0.1,1.8,2.1
1682,Reed Bailey,IU,20,18.7,7.6,2.3,4,0.575,0,0,0,3,4,0.738,1.1,2.1,3.1,0.8,0.2,0.4,1,2.5
1683,Deuce Turner,FAIR,20,18.8,7.6,2.5,7.1,0.352,0.9,3.3,0.273,1.7,2.1,0.805,0.2,1.1,1.3,1.4,0.8,0.1,1.3,0.7
1684,Trevor Hennig,WEBER,13,20,7.5,2.9,5.7,0.514,0.3,1.5,0.211,1.4,2.2,0.621,0.2,1.9,2.2,1.2,0.2,0,0.9,1.7
1685,Aaron McBride,LOYMR,17,26.1,7.5,3,5.5,0.548,0.4,1.2,0.333,1.1,1.5,0.76,2.2,2.6,4.9,0.8,0.6,0.9,1.5,2.7
1686,Kyle Thomas,SIUE,19,20.1,7.5,2.8,5.6,0.495,0.4,1.2,0.348,1.5,1.8,0.853,1.4,2.9,4.4,0.3,0.3,0.6,1.1,2.2
1687,Kolby King,USU,20,19.8,7.5,2.2,4.9,0.449,1.4,3.6,0.38,1.8,2.3,0.761,0.7,2.9,3.6,1.7,0.7,0.1,0.9,1.5
1688,Traivar Jackson,NAU,18,23.6,7.5,2.9,5.1,0.582,0,0,0,1.6,2.5,0.644,1.5,3.1,4.6,0.9,0.7,0.9,1.1,2.9
1689,Akira Jacobs,FORD,18,30.4,7.5,2.5,6.5,0.385,1.7,4.8,0.349,0.8,1,0.833,1.2,3.8,5,1.1,0.4,0.1,0.7,2.6
1690,Jacob Beccles,COR,14,23.6,7.5,2.8,5.7,0.488,0.6,1.9,0.346,1.3,1.7,0.75,1,0.8,1.8,3.2,1.3,0.4,1.1,1.9
1691,Mason Ritter,COM,14,26.3,7.5,2.8,5.2,0.534,0,0.3,0,1.9,3.1,0.614,2.4,3,5.4,1.5,0.1,0.4,2,2.9
1692,Eddie Placer,WAGNR,18,24.3,7.5,2.6,7.1,0.362,1.7,4.2,0.395,0.7,0.8,0.867,0.2,1.3,1.6,1.2,0.4,0.1,0.9,1.8
1693,Javante Edwards,CAN,16,26.1,7.5,2.4,6.4,0.373,1.3,3.7,0.339,1.5,2.1,0.706,0.4,2.1,2.5,1.9,0.9,0,2.3,2.4
1694,Ben Gold,MARQ,19,26.6,7.5,2.8,6.7,0.422,0.9,4.1,0.231,0.8,1.3,0.667,1.3,3.5,4.8,0.9,0.6,0.3,0.6,2.2
1695,Eddie Ricks III,JMU,17,25.4,7.5,2.5,4.9,0.506,0.3,1.2,0.238,2.2,2.9,0.776,1.5,3.9,5.4,1.5,0.5,0.4,1,1.6
1696,Antwaun Massey,WIU,17,22,7.5,2.9,5.9,0.485,0.1,0.1,1,1.6,3.6,0.443,1.4,2,3.4,0.9,0.5,0.6,1.5,2.6
1697,Eli Ellis,SOCAR,15,26.7,7.5,2.5,7.1,0.349,0.9,2.9,0.326,1.6,1.8,0.889,0.8,2.1,2.9,1.4,0.8,0.1,0.7,1.5
1698,J.J. Massaquoi,UML,13,14.8,7.5,3.2,6.5,0.482,0,0.4,0,1.2,2,0.577,1.4,1.5,2.9,0.2,0,0.2,0.8,1.2
1699,Xavier Hall,INDST,20,27.3,7.5,2.7,6.5,0.415,0.8,3.1,0.262,1.3,1.9,0.676,0.4,1.8,2.1,3.7,0.8,0,1.3,2
1700,Devin Williams,FAU,18,25.4,7.4,3.2,6.2,0.509,0.3,1.3,0.217,0.8,1.2,0.714,2.2,3.2,5.4,1.7,0.3,2.5,1.4,2.1
1701,Valentino Pinedo,UNCG,18,27.8,7.4,3.1,5.1,0.615,0,0,0,1.2,2.3,0.537,2.7,2.7,5.4,1.3,0.9,1,1.2,3.1
1702,Cyril Martynov,FDU,18,27.2,7.4,3,5.1,0.587,0,0.1,0,1.4,3,0.481,1.6,3.7,5.3,2.3,0.3,0.2,2,1.7
1703,Maban Jabriel,QUC,18,18.9,7.4,2.7,5.7,0.476,1.4,3.3,0.441,0.6,0.7,0.769,0.8,2.7,3.5,0.9,0.6,0.6,0.6,1.7
1704,"Shawn Phillips, Jr.",MZZOU,18,21.4,7.4,3,4.4,0.684,0,0,0,1.4,2.6,0.565,1.8,3.2,4.9,0.5,0.3,1.4,2,3.3
1705,JoJo Anderson,EWASH,18,22.2,7.4,2.3,5.5,0.414,0.8,2.2,0.359,2.1,2.8,0.745,0.1,1.4,1.6,2.8,0.6,0.1,1.1,1.9
1706,Kevin McCarthy,USMA,18,24.8,7.4,2.7,7.1,0.386,1.7,5,0.344,0.3,0.4,0.625,1.2,1.2,2.4,1.1,0.3,0.2,1,1.8
1707,Josh Ogundele,HMPTN,14,16.9,7.4,2.8,4.7,0.591,0.2,0.4,0.6,1.6,2.9,0.575,1.4,1.9,3.3,0.6,0.1,0.6,0.9,1.9
1708,Emanuel Prospere II,UCSD,14,20.1,7.4,2.8,6.1,0.459,0.1,1.1,0.125,1.7,2.9,0.585,0.6,2.4,3,3.2,1.2,0.1,2.4,2.8
1709,Christian Richardson,OMAHA,12,16.7,7.4,3,3.8,0.783,0,0,0,1.4,2.8,0.515,1.1,1.4,2.5,0,0.5,0.7,1.3,2.7
1710,Jaden Daughtry,RICH,17,15,7.4,3,5.9,0.51,0.7,1.4,0.5,0.7,1.5,0.462,0.5,1.7,2.2,0.6,0.6,0,1.3,1.6
1711,Blake Harper,CREI,20,17.3,7.4,2.4,4.9,0.485,0.5,1.3,0.4,2.2,2.9,0.772,1,2.2,3.2,1,0.6,0.1,1.3,2.2
1712,Dylan Grant,RUTG,20,22.7,7.4,2.6,6.5,0.403,0.5,2.1,0.238,1.7,2.5,0.694,1.3,2.1,3.4,0.4,0.4,0.4,0.9,1.7
1713,Michael Duax,FGCU,18,25.1,7.4,3.1,5.8,0.538,0.2,0.7,0.231,1,1.3,0.783,1.9,3.2,5.1,1.1,1.3,0.6,1.1,2.9
1714,Austin Maurer,SEA,18,19,7.4,2.7,5.5,0.495,0.3,1.2,0.273,1.6,2,0.806,1.4,3.3,4.7,0.5,0.7,0.9,0.9,3.2
1715,Ashton Walker,LASAL,18,26.8,7.4,2.5,6.6,0.378,0.7,2.3,0.317,1.7,2.5,0.667,0.9,3,3.9,2.6,0.9,0.1,1.5,1.6
1716,Jaden Toombs,SMU,18,19.2,7.4,3.2,5.7,0.559,0.3,1.2,0.286,0.7,1.2,0.619,0.9,3.2,4.2,0.8,0.4,0.6,0.9,2.2
1717,Max Weisbrod,UNI,18,29,7.4,2.3,5.8,0.4,2.2,5.3,0.411,0.6,0.7,0.833,0.3,2.4,2.7,1.8,0.5,0.2,1.1,2.3
1718,Dylan Jones,SUU,18,26.1,7.4,2.6,5.8,0.438,1.7,4.2,0.4,0.6,0.8,0.786,0.8,0.9,1.8,0.8,0.5,0.1,1,1.2
1719,Billy Smith,CHATT,18,21.3,7.4,2.4,7.2,0.341,1.8,5.4,0.33,0.7,0.9,0.813,0.6,2.2,2.8,0.6,0.4,0.1,0.9,1.8
1720,Jamarion Batemon,IWAST,18,15.9,7.4,2.6,6.1,0.422,1.6,4.2,0.373,0.7,0.8,0.867,0.1,1.1,1.1,0.4,0.7,0.1,0.6,1.8
1721,Vinny Sigona,TAMUC,18,19.9,7.4,2.3,6.2,0.375,2.1,5.4,0.381,0.7,0.8,0.857,0.1,1.2,1.3,1.6,0.2,0.1,1.2,2.1
1722,Ryan Dufault,STTOM,16,18.7,7.4,2.9,3.9,0.746,0.2,0.4,0.5,1.3,1.9,0.677,1,1.4,2.4,1.8,1,0.1,0.9,2.1
1723,Kymany Houinsou,L-IL,8,28.5,7.4,2.8,4.3,0.647,0.3,0.4,0.667,1.6,2.1,0.765,1.6,3.1,4.8,3.6,0.6,0.5,2.6,2.3
1724,Justin Johnson,WCU,17,16.8,7.4,2.6,6.5,0.396,0.4,1.8,0.233,1.8,2.6,0.667,0.9,1.4,2.4,1,0.6,0.3,0.6,1.9
1725,Jordan Scott,MCHST,20,22.9,7.4,2.5,5.3,0.462,1.4,3.1,0.435,1.1,1.6,0.71,1.3,1.6,2.9,1.3,0.9,0.5,1,2.3
1726,Harun Zrno,RUTG,20,21,7.4,2.5,6.4,0.383,1.7,4.9,0.351,0.8,0.8,0.938,0.5,1.6,2,0.8,0.5,0.1,1,0.7
1727,Issac Williamson,UNLV,20,21.3,7.4,2.5,6.5,0.377,1.2,3.6,0.324,1.3,2,0.65,0.2,2,2.1,1,0.7,0.3,1.5,2.4
1728,Seth Amunrud,MTSTU,18,21.3,7.3,2.5,5.2,0.484,1.5,3.3,0.45,0.8,0.8,1,0.8,2.1,2.9,0.6,0.6,0.3,0.6,1.2
1729,Brady Koehler,ND,18,19.8,7.3,2.4,5.2,0.457,0.9,2.3,0.39,1.7,2.2,0.769,0.8,3.3,4.2,0.4,0.9,0.9,0.9,2.9
1730,Martin Kalu,C of C,18,26.6,7.3,2.3,6.6,0.356,0.8,3.4,0.226,1.9,2.4,0.773,0.4,3.4,3.8,0.6,0.9,0.1,0.9,2.6
1731,Jamias Ferere,GWU,16,21.3,7.3,2.8,6.5,0.423,0.3,1.4,0.217,1.5,2,0.75,0.9,2.4,3.3,0.6,0.5,0.3,1.4,1.6
1732,Andrew Alia,DRAKE,20,32.5,7.3,2.2,5.8,0.379,1.3,4,0.313,1.7,2,0.825,2,3.4,5.4,1.5,0.9,0,0.9,2.3
1733,Justin Hawkins,NIAG,20,25.1,7.3,2.8,6.7,0.418,0.6,1.4,0.393,1.2,1.8,0.657,1,2.4,3.4,2.7,0.6,0.3,1.7,2.3
1734,"Ryan Jackson, Jr.",W&M,17,18.3,7.3,2.8,4.4,0.635,0.4,0.8,0.5,1.4,1.8,0.742,0.8,1.9,2.7,0.5,0.7,0.4,1,1.2
1735,Braylon Patton,UNA,17,21.5,7.3,2.8,6.1,0.466,0.4,1.4,0.25,1.3,2.1,0.611,0.8,1.5,2.3,1.8,1,0,2.9,1.6
1736,Chris Mpaka,TARST,14,16.8,7.3,2.9,5.7,0.5,0,0,0,1.6,2.5,0.629,3.1,2.1,5.1,0.2,0.4,0.9,1.7,2.7
1737,"Ernest Udeh, Jr.",UMFL,18,29.7,7.3,2.8,3.6,0.785,0,0,0,1.6,2.4,0.659,3.2,6.1,9.2,0.6,1.2,1.4,0.7,2.2
1738,Christian Humphrey,LAFAY,18,30.8,7.3,2.4,6.7,0.355,1.7,5.1,0.326,0.8,1.4,0.6,1.1,6.1,7.2,0.6,0.5,0.5,0.7,1.2
1739,Brody Rowbury,IDAHO,18,23.7,7.3,2.5,4.4,0.563,0.3,0.7,0.385,2,2.8,0.72,1.9,3.2,5.1,0.8,0.3,0.8,1.2,3.1
1740,Jalen Reece,LSU,18,30.8,7.3,2.4,7.1,0.346,1.1,3.1,0.357,1.3,1.6,0.793,0.2,1.9,2.1,4.7,1,0.1,1.9,1.9
1741,Anthony Dell'Orso,ARZ,18,20.1,7.3,2.6,6.8,0.377,1.1,3.5,0.302,1.1,1.4,0.769,0.1,1.9,2,1.6,0.8,0.2,0.9,1.2
1742,Daniel Egbuniwe,STBN,18,23.6,7.3,2.2,6.2,0.357,1.5,3.9,0.38,1.3,1.7,0.774,0.9,2.3,3.2,1,0.7,0.2,1.2,2.3
1743,Chris Mubiru,NSU,22,28.4,7.3,2.4,5.6,0.423,1,3.2,0.3,1.6,1.8,0.875,1.2,3.2,4.4,1.9,0.8,0.5,1,1.8
1744,Yaak Yaak,ORST,15,15.5,7.3,2.3,4.3,0.531,0.1,0.4,0.167,2.7,3.3,0.816,0.9,1.5,2.3,0.5,0.2,0.3,0.9,1.9
1745,Dillon Mitchell,STJ,20,29.3,7.3,3,6.5,0.465,0,0.3,0,1.3,2.4,0.521,2.6,4.9,7.5,3.5,1,0.5,1.1,1.7
1746,Cooper Koch,IOWA,20,30.4,7.3,2.5,6.8,0.37,1.8,5.1,0.343,0.5,0.7,0.714,0.7,2.2,2.8,1.4,0.6,0.2,0.5,2.1
1747,"Chris Fields, Jr.",CAM,12,13.8,7.3,2.8,6.4,0.429,0,0.3,0,1.8,2.5,0.7,1.7,3.2,4.8,0.9,0.8,0.1,1.2,2.6
1748,Kayden Fish,BLLST,12,19.3,7.3,2.8,5.3,0.516,0.3,0.8,0.3,1.5,2.4,0.621,1.6,1.5,3.1,0.6,0.4,0.1,0.7,2.1
1749,Christian Coleman,OKST,17,24.5,7.2,2.9,6.9,0.427,0.4,1.4,0.25,1,1.6,0.63,1.5,3.7,5.2,1,0.6,0.6,1.4,2.2
1750,Mekhi Conner,HEART,18,29.5,7.2,2,6.6,0.305,1.5,5.3,0.284,1.7,2.3,0.756,0.6,3.1,3.6,6.4,0.9,0.2,2.6,3.1
1751,Danny Carbuccia,UMass,18,29.3,7.2,2.8,6.8,0.418,0.5,1.8,0.281,1.1,2.6,0.413,0.2,1.8,2,6.9,1.2,0.1,1.9,2.6
1752,Cole Franklin,UNT,18,28.8,7.2,2.6,6,0.435,0.4,1.9,0.206,1.6,2.5,0.644,2.1,3,5.1,1.3,1.2,0.6,1.2,2.4
1753,Scotty Middleton,TULAN,18,22.8,7.2,2.5,6.1,0.413,1.8,4.3,0.41,0.4,0.7,0.615,1.1,3.1,4.1,1.1,0.3,0.7,0.7,2.3
1754,Martin Somerville,FLAST,18,26.3,7.2,2.1,7.1,0.299,1.4,5.1,0.272,1.6,2,0.806,0.7,2.3,3,2.7,1.3,0.1,0.8,2.3
1755,Gustav Winther,NIU,18,19.7,7.2,2.6,4.4,0.588,0.1,0.2,0.25,1.9,3.3,0.583,1.3,2.3,3.7,0.7,0.4,0.6,1.2,2.9
1756,Masai Troutman,GMU,18,24.6,7.2,2.4,5.8,0.423,1.1,3.2,0.345,1.2,1.6,0.759,0.6,2.6,3.2,0.9,0.4,0.4,1.3,1.1
1757,Rickey Ballard,GRAMB,18,25.9,7.2,2.1,6.3,0.325,1.7,5.2,0.319,1.4,2,0.722,1,2.3,3.3,1.2,1.2,0.1,1.1,2.4
1758,Jackson Munro,DART,14,24.5,7.2,2.6,5.3,0.486,1.2,2.9,0.415,0.9,1.1,0.75,0.9,2.4,3.2,1.7,0.4,0.8,1.1,1.6
1759,"Daniel Skillings, Jr.",BAYL,14,23,7.2,2.5,6.8,0.368,0.6,2.4,0.273,1.6,2.3,0.688,1.6,3.1,4.7,1.1,0.7,0.1,1,1.6
1760,Chris Loofe,MTSU,20,26.8,7.2,2.5,4.6,0.538,0.2,1.1,0.182,2.1,3.2,0.656,1.9,5.1,7,0.8,0.2,1.1,1.5,3.6
1761,Joson Sanon,STJ,20,20.4,7.2,2.5,7.3,0.345,1.3,3.8,0.329,1,1.4,0.679,0.4,2.1,2.5,0.7,0.3,0.3,0.9,1.9
1762,Reis Jones,CHASO,16,19.1,7.2,3.1,5,0.625,0,0,0,0.9,2.4,0.395,1.6,3.6,5.1,0.9,0.1,1.9,1.3,3.5
1763,Assane Diop,SAND,16,20.4,7.2,2.8,5.6,0.5,0.8,2.1,0.382,0.8,1.3,0.6,2,3.2,5.2,1.1,0.3,0.4,0.9,2.8
1764,Jordan Marsh,USC,16,15.7,7.2,2.1,6.1,0.351,1.1,3.6,0.298,1.9,2.4,0.769,0.2,1.2,1.4,1.2,0.4,0.1,0.8,1.9
1765,Sharron Young,AKR,17,19.1,7.2,2.4,5.7,0.412,1.2,3.5,0.35,1.2,1.7,0.724,0.8,1.9,2.7,1.2,1.4,0.1,0.9,1.9
1766,William Kyle III,SYRA,18,28.1,7.2,3.1,4.8,0.632,0,0,0,1.1,2.1,0.5,2.5,3.8,6.3,0.9,0.9,2.1,0.9,1.9
1767,Grant Kepley,MONT,18,26.1,7.2,2.1,5.3,0.396,0.6,2.1,0.297,2.3,3.4,0.677,0.3,2.9,3.2,3.5,0.8,0.1,2.2,2.8
1768,Tyran Mason,UTA,18,18.1,7.2,2.5,5.5,0.455,0.5,1.6,0.321,1.7,2.2,0.769,0.9,2.7,3.6,0.5,0.5,0.1,0.6,1.6
1769,Ta'Zir Smith,RMU,18,18,7.2,2.3,5.4,0.429,1,2.8,0.353,1.5,1.7,0.871,0.1,1.6,1.7,1.4,0.7,0.1,0.6,1.8
1770,Kam Williams,UK,6,22.3,7.2,2.3,5.5,0.424,1.2,3.5,0.333,1.3,1.3,1,0.8,0.8,1.7,1,0.7,0.2,1.2,2
1771,Lino Mark,RUTG,19,17.6,7.2,2.6,5.5,0.467,0.4,1.4,0.296,1.6,2.1,0.75,0.1,1.5,1.6,1.5,0.9,0.1,1,1.7
1772,Shemani Fuller,RIDER,20,23.6,7.2,2.9,5.8,0.491,0,0,0,1.5,2.4,0.617,2.5,3.8,6.3,1.1,0.4,1,1.1,2.3
1773,Anouar Mellouk,MRHD,20,24.8,7.2,3.1,6.3,0.484,0.1,0.6,0.083,1,1.9,0.526,2.1,2.6,4.7,0.9,0.6,0.9,1.5,2.9
1774,Ethan Greenberg,AF,20,25.5,7.2,2.5,6.4,0.386,1.8,5,0.364,0.5,0.6,0.818,0.4,1.7,2.1,0.9,0.8,0.1,1,0.9
1775,Freddy Hicks,TARST,14,25.9,7.1,2.1,5.6,0.367,0.3,0.9,0.308,2.7,4.3,0.633,0.9,3.6,4.5,1.3,1.6,0.5,1.6,3.3
1776,John Squire,NEWHA,16,29.6,7.1,2.8,4.4,0.643,0.1,0.4,0.286,1.4,2.2,0.629,1.8,4.1,5.9,1.8,0.8,0.5,1.5,2.3
1777,Cam Fletcher,HP,8,13.8,7.1,2.6,6.1,0.429,1,3,0.333,0.9,1.6,0.538,1.8,2.8,4.5,0.9,1,0.8,0.4,1.8
1778,Keelan Steele,MAINE,8,18.9,7.1,2.9,4.8,0.605,0,0,0,1.4,2.5,0.55,0.9,4.5,5.4,0.3,0.5,0.8,1.4,2.4
1779,Muneer Newton,CAM,18,21.3,7.1,3.1,4.4,0.709,0,0,0,0.9,1.9,0.457,2.5,2.9,5.4,1.1,0.4,0.6,0.9,2.6
1780,Ja'Juan Carr,ELON,18,26.2,7.1,2.6,5.9,0.443,0.5,1.8,0.281,1.4,1.9,0.714,0.8,1.8,2.6,4.4,0.6,0.3,1.1,1.7
1781,Chris Johnson,UCF,18,18.6,7.1,2.4,5.5,0.444,1.1,2.9,0.358,1.2,1.7,0.7,0.2,1.1,1.3,1.9,0.5,0.2,0.5,1.2
1782,Franck Emmou,TXST,18,20.4,7.1,2.4,5.4,0.443,1.2,2.9,0.404,1.2,1.2,0.955,0.1,0.9,1,1.3,0.1,0.1,0.6,1.9
1783,John Christofilis,SEA,18,16.5,7.1,2.5,5.9,0.421,1.7,3.9,0.423,0.4,0.6,0.8,0.2,0.8,1,0.3,0.2,0.1,0.1,0.5
1784,Pearson Carmichael,BOISE,19,21,7.1,2.2,6.3,0.353,1,3.9,0.257,1.7,1.9,0.865,0.5,2.9,3.4,0.9,0.3,0.1,0.9,2.3
1785,Oswin Erhunmwunse,PROV,20,26.7,7.1,3.1,4.9,0.629,0,0,0,1,2,0.5,3.6,5.9,9.5,0.8,0.3,1.6,1.2,3.4
1786,Bruno Alocen,INDST,20,24,7.1,2.3,5.8,0.391,1.4,4.1,0.333,1.3,1.7,0.735,0.5,2.6,3,1.9,0.9,0.2,1.3,1.6
1787,Jordan Brathwaite,YALE,14,20.4,7.1,2.6,6.1,0.419,1.3,3.7,0.346,0.6,0.7,0.9,0.3,1.6,1.9,1.3,0.7,0.1,0.6,2.3
1788,Isaiah Campbell-Finch,SAMF,15,22.6,7.1,2.7,5.6,0.476,0.8,2.4,0.333,0.9,1.5,0.636,0.4,1.2,1.6,1.3,0.3,0,0.6,2.2
1789,DayJuan Anderson,UAB,16,21.3,7.1,2.5,7.3,0.345,1.6,5.6,0.281,0.5,0.9,0.571,0.6,1.9,2.5,0.6,1.1,0.1,0.8,1
1790,Nyk Lewis,VCU,17,23.4,7.1,1.8,5.1,0.356,1.1,2.9,0.36,2.4,3.2,0.741,1.4,3.2,4.6,1.4,0.9,0,0.7,1.1
1791,Mehki Mason,WF,17,18.9,7.1,2.4,5.3,0.456,1.3,3.5,0.367,0.9,1.1,0.842,0.4,1.5,1.9,1,0.8,0.4,0.7,2.2
1792,Brady Dunlap,STLOU,17,18.2,7.1,2.2,4.5,0.481,1.5,3.1,0.491,1.2,1.5,0.8,0.4,1.6,1.9,0.8,0.4,0.1,0.9,1.6
1793,Evan Haywood,BTLR,17,21.8,7.1,2.5,7.4,0.333,1.8,5.6,0.323,0.3,0.4,0.714,0.5,1.4,1.9,1.4,0.6,0.1,0.5,1.9
1794,Tyler Behrend,TULSA,18,22.9,7.1,2.6,4.2,0.613,0.2,0.7,0.25,1.8,2.3,0.762,1.9,3.2,5.1,2.2,0.6,0.3,1.3,2.2
1795,Emmanuel Innocenti,ZAGS,18,24.9,7.1,2.8,5.9,0.467,0.6,2.5,0.244,0.9,1.6,0.571,1.6,2.5,4.1,1.4,1.3,0.3,0.3,1.6
1796,Damarien Yates,ALAST,18,18.4,7.1,2.5,5.7,0.437,0.8,2.6,0.304,1.3,1.9,0.676,1.1,2.7,3.7,0.5,1.3,0.5,1.2,2
1797,Prince Aligbe,SOILL,18,21.7,7.1,2.7,6,0.454,0,0.4,0,1.6,2.7,0.592,1.6,3.4,5.1,0.5,0.5,0.4,1.3,1.8
1798,Tyler Andrews,BTHCK,18,22.7,7.1,2.3,5.2,0.452,1.6,3.8,0.412,0.8,1.3,0.625,0.4,2.1,2.6,0.9,0.6,0.7,1.3,2.7
1799,Etienne Strothers,HMPTN,18,19.7,7.1,2.3,5.7,0.402,1.1,2.9,0.385,1.4,1.8,0.781,0.2,1.5,1.7,1.5,0.8,0.3,1,2.2
1800,Adam Miller,ZAGS,18,20.9,7.1,2.6,6.8,0.377,0.9,3.8,0.25,1,1.3,0.783,0.2,1.4,1.6,1.1,0.8,0.1,0.3,0.9
1801,Trey Singleton,NWU,20,24.8,7.1,2.6,6.1,0.43,0.2,1.7,0.121,1.7,2.1,0.786,1.5,3.3,4.8,1.3,0.6,0.6,1.1,3.1
1802,Okku Federiko,DRAKE,20,22.4,7.1,2.7,5.8,0.461,0.5,1.5,0.31,1.3,2.6,0.51,1.7,2.5,4.1,1.6,0.6,0.8,1.3,3
1803,Johann Gruenloh,UVA,18,21.3,7,2.5,5.1,0.495,0.8,2.2,0.385,1.2,1.7,0.677,2.2,2.3,4.5,0.5,0.3,2.3,0.7,2.2
1804,Bishop Boswell,TENN,18,28.6,7,2.2,5.3,0.417,0.8,2.1,0.378,1.8,2.7,0.667,1.7,3.5,5.2,3.2,1.2,0.1,1.9,3.2
1805,Noah Batchelor,BUFF,18,30.6,7,2.5,4.8,0.517,1.4,3.2,0.431,0.6,0.9,0.647,1.1,3.4,4.5,1.2,1,0.3,1.1,2.1
1806,Tom Mark,CSUB,18,24.4,7,2.4,5.2,0.462,0.7,2.1,0.342,1.5,2.1,0.711,1.3,3.1,4.4,0.8,1,1.4,1,2.2
1807,Hosana Kitenge,UCSB,20,21.3,7,3,5.2,0.577,0.1,0.3,0.2,1,1.7,0.576,1.5,3.1,4.6,2.1,0.8,0.4,2.3,3.8
1808,Reggie Hill,CCU,18,25.7,7,2.3,6.8,0.344,1.4,4.3,0.325,0.9,1.3,0.708,1.2,4.2,5.4,0.7,0.4,0,1.1,1.8
1809,Caden Wilkins,UWGB,20,21.9,7,2.3,5,0.465,1.6,3.4,0.463,0.9,1.2,0.708,0.6,2.3,2.9,0.6,0.4,0.3,0.7,2.8
1810,"James Evans, Jr.",CSUN,20,17.6,7,2.5,6.1,0.405,0.9,2.5,0.367,1.2,2,0.6,0.9,1.4,2.2,1.2,0.7,0.2,0.9,1.7
1811,Yuto Yamanouchi,ORU,15,17.2,7,2.7,5.3,0.506,0.3,0.9,0.286,1.4,2.1,0.677,1.2,2.4,3.6,0.4,0.2,1.1,1.1,2.2
1812,Nic Anderson,L-IL,17,21.9,7,2.5,6.5,0.382,0.9,3.2,0.296,1.1,1.9,0.576,0.6,2.3,2.9,0.6,0.6,0.4,1,1.2
1813,Jalen Forrest,SELU,19,14.9,7,1.8,5,0.368,0.6,2.2,0.262,2.7,3.7,0.743,0.4,1.9,2.3,0.4,0.4,0.1,0.8,1
1814,Karter Knox,ARK,10,20.3,7,2.7,5.7,0.474,0.9,3.3,0.273,0.7,1.2,0.583,1.4,2.5,3.9,0.8,0.4,0.6,0.6,1.9
1815,Isaiah Shaw,NAU,16,15.8,7,2.4,5.4,0.448,1.1,2.3,0.486,1,1.5,0.667,0.3,1.3,1.6,0.4,0.3,0.4,0.9,1.6
1816,Nic McClain,BLMNT,4,24.5,7,1.8,6,0.292,0.8,1.8,0.429,2.8,4.5,0.611,0.5,2.8,3.3,5.3,1,0,4.5,3.5
1817,Zack Davidson,NAU,2,18.5,7,2.5,5.5,0.455,0,0,0,2,2.5,0.8,1.5,2,3.5,0,0.5,0,2.5,1
1818,Jeremy Clayville,NJIT,1,17,7,3,5,0.6,1,2,0.5,0,0,0,0,1,1,0,0,0,0,0
1819,Tama Isaac,UCI,20,27.3,7,2.2,5.3,0.415,0.7,1.8,0.389,1.9,2.7,0.698,0.5,2.6,3.1,4.1,1.1,0,2,1.7
1820,"Rashund Washington, Jr.",UIC,20,21.3,7,2.5,5.2,0.471,0.7,1.9,0.368,1.4,1.8,0.771,1.6,3.1,4.7,0.4,0.6,0.3,1.1,0.8
1821,Timoty Van der Knaap,BRDLY,20,24.2,7,2.6,6.4,0.402,0.6,2.5,0.24,1.3,2.3,0.556,2,3.6,5.5,0.6,0.8,0.3,0.8,2.6
1822,Jayden Hastings,BOS,18,23.9,6.9,2.7,4.4,0.608,0,0.1,0,1.6,3.6,0.453,2.7,3.2,5.9,0.6,0.4,1.4,1.1,3.7
1823,Ali Dibba,TAMU,18,18.3,6.9,2.7,5.9,0.462,0.7,1.9,0.382,0.8,1.6,0.5,1,1.8,2.8,0.6,1.1,0.1,0.3,1
1824,Thierry Darlan,SCU,18,17.5,6.9,2.1,5.1,0.418,1.4,3.6,0.385,1.3,1.4,0.923,0.7,2.9,3.6,1.1,0.6,0.3,1.4,2.2
1825,Treyvon Lewis,WMY,18,17.4,6.9,2.3,5.6,0.416,1.7,4.3,0.39,0.6,0.7,0.917,0.4,2,2.4,0.4,0.2,0.3,0.4,1.9
1826,Bahsil Laster,UTA,18,19.7,6.9,1.3,4.6,0.289,0.3,1.5,0.185,4,4.9,0.809,0.8,2.3,3.1,1.2,0.6,0.2,1.5,1.5
1827,Trey Scott III,GAST,16,22.6,6.9,2.8,6.4,0.437,0.9,2.8,0.333,0.4,0.5,0.75,1,2.4,3.4,0.8,0.3,0.5,0.3,2.2
1828,Kam Craft,GT,16,19.3,6.9,2.3,6.1,0.381,1.8,4.4,0.394,0.6,0.7,0.818,0.5,1.4,1.9,0.9,0.3,0.4,0.4,1.1
1829,Braelon Green,EMICH,15,26.1,6.9,2.7,5.5,0.482,0.9,2.1,0.438,0.7,1.3,0.526,0.3,2.3,2.7,2,0.6,0.1,0.9,2.1
1830,Julius Rollins,DEN,14,16.6,6.9,2.4,5.1,0.458,0.9,2.3,0.406,1.3,1.7,0.75,0.6,2,2.6,1.2,0.4,0.4,0.9,1.9
1831,Hassan Perkins,COPST,14,23.3,6.9,2.1,4.9,0.42,1.1,2.8,0.385,1.7,2.5,0.686,0.4,1.2,1.6,2.5,0.6,0.1,1.6,1.4
1832,Gerard O'Keefe,COM,13,21.2,6.9,2.5,5.8,0.421,1.3,3.2,0.405,0.7,1.1,0.643,0.3,1.3,1.6,0.4,0.2,0,0.7,0.8
1833,Tristan Smith,UNI,12,18.1,6.9,2.7,5.1,0.525,0.1,0.3,0.333,1.5,2.1,0.72,1.3,3,4.3,0.9,1,0.3,0.8,1.8
1834,Alvaro Folgueiras,IOWA,20,21.2,6.9,2.4,5.6,0.432,0.7,2.8,0.232,1.5,2,0.744,1.1,2.4,3.5,2.4,0.7,0.2,1.5,2.3
1835,Marvin McGhee IV,UCSB,19,22.5,6.9,2.2,4.6,0.466,1.2,3.2,0.377,1.4,1.6,0.867,1.1,3.4,4.5,1.7,0.5,0.3,1.2,2.2
1836,Justice Ajogbor,STJOE,18,29.4,6.9,2.9,4.4,0.671,0,0,0,1,1.9,0.514,1.9,3.7,5.7,1.6,0.2,2.4,0.9,1.8
1837,Blake Buchanan,IWAST,18,23.7,6.9,3.1,5.3,0.583,0,0.1,0,0.7,1.5,0.444,2.6,2.6,5.2,1.4,0.3,0.7,1.1,2.2
1838,Mouhamed Dioubate,UK,18,20.9,6.9,2.2,5.1,0.44,0.1,0.5,0.111,2.4,3.8,0.623,2.4,2.7,5.1,1,0.8,0.9,0.6,2.7
1839,Devin Brown,DAV,18,25,6.9,2.3,5.9,0.383,0.8,2.8,0.3,1.5,2.5,0.6,0.5,3.3,3.8,1.4,0.5,0.3,1,1.3
1840,Evan Sterck,JAC,18,26.4,6.9,2.4,5.7,0.431,0.9,3.1,0.291,1.1,1.4,0.8,0.2,1.9,2.2,2.7,1.1,0.1,1.5,2.4
1841,Eli Rice,PENST,18,21.8,6.9,2.2,6.1,0.355,1.4,4,0.347,1.2,1.7,0.7,0.3,1.4,1.8,0.2,0.7,0.2,0.6,1.7
1842,Shawn Simmons II,UML,16,28.1,6.9,2.5,4.9,0.506,0.1,0.6,0.2,1.8,2.6,0.683,1.6,4.4,6,1.3,0.8,1.3,1.5,1.3
1843,Jack Collins,MONM,16,32.4,6.9,2,6.2,0.323,1.2,4.3,0.275,1.7,2.6,0.643,0.9,3.3,4.2,4.3,1.1,0.4,2.1,2
1844,D.J. Wagner,ARK,16,22.8,6.9,2.6,5.9,0.436,0.8,2.8,0.289,0.9,1.4,0.682,0,1.7,1.7,2.1,0.8,0.3,0.7,2
1845,Jae'Coby Osborne,NMSU,20,26.2,6.9,2.8,4.8,0.589,0.2,0.6,0.25,1.1,1.9,0.579,2.1,3.2,5.3,0.6,0.5,0.6,0.9,2.4
1846,Alex Hemenway,UE,20,28,6.9,2.2,6.7,0.321,1.8,5.6,0.315,0.8,0.9,0.889,0.3,1.7,2,1,0.5,0.1,0.6,1.4
1847,Keyontae Lewis,NORF,13,17.6,6.8,2.8,4,0.712,0,0,0,1.2,1.8,0.625,1.5,2.2,3.7,0.3,0.5,0.6,1,2.7
1848,Lucas Scroggins,STPC,18,20.3,6.8,3.1,4.6,0.663,0,0,0,0.7,1.6,0.464,3.7,2.9,6.6,0.4,0.5,1.3,0.1,2.4
1849,Ahmad Robinson,UAB,12,20.8,6.8,2.2,7,0.31,0.8,2.8,0.294,1.7,2.5,0.667,0.3,1.8,2.1,1.8,1.5,0,1.1,1.8
1850,Jack Payne,IDAHO,17,22.2,6.8,2.4,5.8,0.408,1.4,3.9,0.364,0.7,0.8,0.857,1.2,2.7,3.9,1.4,0.6,0.4,1.1,1.9
1851,Stink Robinson,BTLR,11,20.5,6.8,2.3,5.5,0.417,0.5,1.5,0.375,1.7,2.4,0.731,0.4,1.5,1.9,2.5,1.4,0.2,2.1,2.8
1852,Mekhi Lowery,UIC,20,25.3,6.8,2.9,6.1,0.475,0,0,0,1,2,0.513,1.9,3.8,5.6,1.7,1.6,0.8,1.5,2.9
1853,Antonio Chol,UNM,20,24.8,6.8,2.5,6.5,0.388,1.6,4.9,0.33,0.2,0.3,0.667,0.4,1.8,2.1,1.1,0.2,0.6,0.6,1.8
1854,Daylen Berry,WIN,10,20.8,6.8,1.9,5.9,0.322,0.8,2.9,0.276,2.2,3.4,0.647,0.7,1.6,2.3,1.5,1.4,0.3,0.9,1.7
1855,Keshawn Williams,IONA,5,21.2,6.8,2.8,6.4,0.438,0.4,2,0.2,0.8,0.8,1,0.4,3.6,4,1.2,0.8,0,1.6,0.8
1856,Kayvaun Mulready,GTOWN,19,18.4,6.8,2.3,4.8,0.478,1.3,3.2,0.417,0.8,1.1,0.762,0.6,2.3,2.9,1.2,0.8,0.4,0.9,1.6
1857,Jamari Piercy,COPST,14,19,6.8,2.9,5.7,0.5,0.3,1.4,0.2,0.8,1.9,0.423,0.6,1,1.6,1.1,0.8,0.5,1.6,1.6
1858,Caden Powell,BAYL,18,24.7,6.8,2.4,3.5,0.698,0,0.1,0,1.9,2.8,0.667,2.6,2.5,5.1,1.8,0.6,0.9,1.3,2.9
1859,Emmanuel Okorafor,WICHI,18,17,6.8,2.7,4.9,0.551,0,0,0,1.3,1.9,0.686,2.1,3.3,5.3,0.5,0.3,0.8,1.3,1.8
1860,Cayden Boozer,DUKE,18,22.3,6.8,2.5,4.8,0.517,0.4,1.6,0.25,1.4,1.7,0.806,0.4,1.7,2.1,2.6,0.8,0.1,1.3,1.3
1861,Preston Fowler,JMU,18,27.2,6.8,2.2,5.8,0.381,0.9,3.7,0.258,1.4,1.9,0.735,1.3,3.9,5.2,1,0.6,0.2,0.8,2.5
1862,Cody Pennebaker,LAMAR,22,27.5,6.8,3,6.6,0.448,0.4,1.2,0.296,0.5,0.9,0.55,1.7,2.5,4.2,2.5,0.8,0.4,1.2,1.7
1863,Bryce Heard,DAY,17,21.6,6.8,1.9,4.8,0.39,0.6,1.5,0.385,2.4,2.8,0.854,0.5,2.5,2.9,1,0.6,0.1,0.9,1.9
1864,Isaiah Kerr,HAW,20,21.6,6.8,2.3,5.5,0.413,1,3.1,0.306,1.3,1.9,0.684,0.6,2.2,2.8,1.2,0.8,0.3,0.9,2.2
1865,Zachary Davis,MEMP,16,20.7,6.8,2.8,6.1,0.449,0.6,2.1,0.265,0.7,0.9,0.733,1,3,4,0.9,1.1,0.4,1.8,2.3
1866,Isaiah Dorceus,UWM,19,22.7,6.7,2.5,6.2,0.407,1,2.9,0.345,0.7,1.1,0.619,0.6,0.8,1.4,3.8,0.7,0.1,1.5,1.6
1867,Amir Taylor,KENN,19,15.9,6.7,2.1,4.1,0.519,0.5,1.2,0.455,2,3,0.667,0.8,2.1,2.9,1.1,0.4,0.4,0.6,2.3
1868,Mohamed Wague,OKLA,18,20.7,6.7,2.1,3.6,0.585,0.1,0.2,0.333,2.4,3.4,0.721,3.6,3,6.6,1.2,0.7,1.4,1.2,3.1
1869,Alex Steen,FLAST,18,20.7,6.7,2.3,3.1,0.732,0,0,0,2.2,3,0.722,1.9,3.1,4.9,0.9,0.6,0.6,0.9,2.1
1870,Aidan Cammann,STAN,18,22.3,6.7,2.1,4.8,0.43,0.3,1.6,0.214,2.3,3.3,0.695,1.3,2.4,3.7,1.4,0.9,0.4,1.1,3
1871,Rashad King,LSU,18,21.6,6.7,2.3,5.5,0.414,0.9,2.9,0.327,1.2,1.6,0.786,0.4,1.8,2.3,1.7,0.9,0.1,1.3,2.2
1872,Cameron Carroll,RICE,18,24.9,6.7,2,7.4,0.271,1.2,4.4,0.263,1.6,1.8,0.875,0.7,1.9,2.7,2.3,0.9,0.2,1.7,2.1
1873,Andrija Grbovic,ASU,18,19.7,6.7,2.1,5.4,0.388,1.3,3.7,0.343,1.2,1.6,0.786,0.7,2.1,2.8,0.4,0.4,0.2,0.8,2.1
1874,Ridvan Tutic,STONE,17,22.8,6.7,2.9,4.6,0.62,0,0,0,0.9,1.7,0.552,1.9,6.2,8.1,0.6,0.2,0.7,1.5,1.6
1875,John Awoke,WAGNR,17,25.4,6.7,2.5,6.2,0.396,1.2,3.2,0.389,0.5,0.8,0.643,0.7,2.3,3,1.8,0.4,0,1.4,2
1876,Tre Green,MTSU,20,17,6.7,2.1,5.7,0.372,1.8,4.9,0.361,0.8,0.8,0.938,0.6,1.6,2.2,0.5,0.6,0,0.5,1.4
1877,Jaylen Fenner,LATCH,19,22.4,6.7,2.3,5.1,0.443,0.5,1.6,0.323,1.6,2.4,0.689,1.2,2.1,3.3,0.7,1.1,0.3,1,1.9
1878,Cam Cole,USNA,18,23.7,6.7,2,5,0.4,1.1,3,0.352,1.6,2.2,0.744,0.1,2.1,2.2,2.2,1.2,0.5,1.2,2.6
1879,Mario Tatum,VMI,18,26,6.7,2.4,6.7,0.355,0.6,2.7,0.208,1.3,1.9,0.686,0.7,1.7,2.4,1.4,0.7,0.1,0.6,1.2
1880,Austin Hunt,HAR,3,27.7,6.7,2.3,6.3,0.368,1.3,4.3,0.308,0.7,0.7,1,2,2.7,4.7,1.3,0.7,1,1.3,1.7
1881,Taj DeGourville,SDSU,20,20,6.7,2.4,5.7,0.416,0.7,2,0.359,1.3,1.9,0.658,0.5,2.4,2.9,3,1.1,0.1,1.4,1.5
1882,Jake Davis,ILL,20,22.6,6.7,2.1,4.9,0.433,1.8,4.5,0.4,0.7,0.9,0.765,1,1.5,2.5,0.9,0.4,0.2,0.3,1.5
1883,Rory Stewart,FGCU,14,21,6.6,2.4,6.6,0.359,1.7,5.1,0.333,0.2,0.3,0.75,0.9,2.1,2.9,0.9,0.3,0,0.5,0.7
1884,Joseph Locandro,UMES,14,17,6.6,2.6,6,0.44,0.5,1.7,0.292,0.9,1.1,0.75,0.7,1.8,2.5,0.4,0.1,0.4,1.5,1.4
1885,Davis Bynum,RIDER,19,20.9,6.6,2.7,6.4,0.426,0.1,0.2,0.25,1.1,1.6,0.677,1.8,2.3,4.1,0.5,0.7,0.6,1,1.6
1886,Ben Johnson,UVM,16,21.1,6.6,2.3,5.1,0.444,1.6,3.8,0.41,0.6,0.6,0.9,0.2,2.2,2.4,1.1,0.2,0.2,0.5,1.2
1887,Jorge Diaz,ORST,18,19.4,6.6,1.7,4.3,0.403,0.8,2.1,0.378,2.4,2.8,0.86,0.8,2.9,3.7,0.7,0.7,0.9,1,1.7
1888,Jorn Everson,USMA,18,17.2,6.6,2.6,6.5,0.402,1.2,3.7,0.318,0.2,0.5,0.444,0.9,1,1.9,0.8,0.3,0.2,0.6,1.4
1889,Jadin Collins,MRST,20,29.8,6.6,2.7,6,0.442,0.4,1.5,0.276,0.9,1.1,0.818,1.2,3.1,4.3,3,1.2,0.1,2.2,2.3
1890,Dominick Stewart,PENST,20,24.5,6.6,2.2,5.5,0.394,1,3.4,0.294,1.3,1.4,0.963,0.5,1.8,2.3,2.1,0.6,0.2,0.9,2.9
1891,A.J. Clark,VMI,10,28.3,6.6,2.5,5.9,0.424,0.5,1.6,0.313,1.1,1.5,0.733,1.7,3.7,5.4,1.2,1.6,0.8,0.9,2.5
1892,Mikah Ballew,UP,15,20.1,6.6,1.7,6.5,0.268,1.5,5.1,0.289,1.7,1.9,0.862,0.3,1.8,2.1,0.5,0.5,0,0.9,1.5
1893,Tanner Davis,UTECH,17,27.4,6.6,2.6,5.2,0.5,0.2,1.1,0.158,1.2,2.4,0.525,1.2,2.1,3.4,1.8,1.6,0.4,0.7,1.7
1894,Taj Thweatt,COPST,12,18.9,6.6,2.3,5.5,0.409,0.8,2.3,0.37,1.3,1.5,0.833,1,3.4,4.4,0.4,0.7,0.2,1.3,1.7
1895,Muja Burton,NC A&T,12,20.3,6.6,2.4,6,0.403,1.6,4.3,0.365,0.2,0.4,0.4,0.4,1.1,1.5,0.7,0.5,0,0.5,1
1896,Justin Amadi,MSMU,19,19.4,6.6,2.4,4.5,0.529,0.1,0.2,0.25,1.8,3.1,0.576,1.8,1.9,3.7,0.3,0.4,0.7,1.2,1.9
1897,Tony Williams,FAIR,19,21.9,6.6,2.4,6.3,0.375,1.3,3.9,0.338,0.5,0.8,0.625,0.3,1.2,1.5,1.7,0.9,0,1,1.5
1898,Khalil Horton,COPST,14,21.2,6.6,2.3,6.3,0.364,1.1,3.8,0.283,0.9,1.4,0.684,0.4,1.9,2.3,1.1,0.6,0.1,1,1.8
1899,Dayton Forsythe,OKLA,14,17.5,6.6,1.9,5,0.371,0.6,1.9,0.333,2.2,2.4,0.912,0.1,0.7,0.9,1.6,0.5,0,0.9,1.3
1900,Jasper Floyd,WVU,18,27.7,6.6,2.6,4.8,0.54,0.6,1.7,0.323,0.8,1.1,0.7,0.6,3.5,4.1,2.8,1.7,0.1,1.7,2.7
1901,Connor Serven,MER,18,22.5,6.6,2.5,4.9,0.506,0.2,0.8,0.2,1.4,1.8,0.758,1.3,2.6,3.9,1.1,0.5,0.8,1.1,2.2
1902,Tyler Powell,EWASH,18,19.6,6.6,2.3,4.6,0.506,1.4,3,0.481,0.4,0.6,0.727,0.4,1.9,2.3,0.7,0.6,0.3,0.6,2.1
1903,Jamichael Davis,RUTG,20,24.5,6.6,2.3,5.7,0.395,0.6,2.1,0.293,1.5,1.8,0.829,0.7,2.3,3,2.5,0.9,0.2,0.6,1.3
1904,"Jovan Jester, Jr.",UCI,20,15.1,6.6,2.3,4.8,0.469,0.7,1.7,0.424,1.4,2.1,0.659,0.8,2.6,3.4,2.1,1.2,0.3,2.4,2.2
1905,Dusty Stromer,GCU,20,21.3,6.6,2.2,5.5,0.4,1.2,3.5,0.343,1,1.4,0.704,0.6,2.2,2.7,0.9,0.4,0.2,1.1,1.8
1906,Anthony Nimani,COR,11,18.9,6.5,2.2,4.3,0.511,0.6,1.5,0.438,1.5,1.6,0.944,0.5,1.1,1.6,1.3,0.8,0,1.3,1.7
1907,Corey Perkins,DESU,11,29,6.5,2.4,6.2,0.382,0.5,1.9,0.238,1.4,2.5,0.556,0.3,1.4,1.6,2.8,1.5,0,2.7,2
1908,Tommy Kamarad,WIN,15,20.9,6.5,2.3,5.7,0.412,0.5,2.2,0.212,1.4,1.9,0.75,1.3,2.5,3.9,1.1,0.8,0.3,1,2.5
1909,Jacari Lane,TAMU,17,22.8,6.5,1.9,5.2,0.36,0.9,2.9,0.306,1.9,2.2,0.842,1,1.1,2.1,2.9,0.4,0.1,1.3,2.2
1910,Robert Miller III,LSU,18,19.9,6.5,2.8,4.3,0.649,0,0,0,0.9,1.6,0.607,1.6,2.8,4.4,0.8,1.1,1.7,1.1,3.4
1911,"Barry Evans, Jr.",VCU,18,26.3,6.5,2.7,5.7,0.471,0.6,2,0.306,0.6,1.1,0.5,1.2,3.6,4.7,1.8,0.9,0.5,1,1.9
1912,N'Famara Dabo,BRWN,14,22.1,6.5,2.6,3.9,0.685,0,0,0,1.2,1.8,0.68,1.6,2.5,4.1,0.9,1.1,0.8,0.7,2.9
1913,Jaylan Ouwinga,U of T,18,17.8,6.5,2.7,5.3,0.505,0.3,1.2,0.273,0.8,1.3,0.652,1,2.4,3.4,0.4,0.4,0.9,0.7,1.6
1914,Jaden Steppe,MTSTU,18,17,6.5,2.7,4.5,0.593,0.6,1.3,0.458,0.6,1.1,0.5,0.4,2.1,2.5,0.8,0.6,0.5,1.1,2.6
1915,London Maiden,UDM,20,15.1,6.5,2.7,4.7,0.581,0,0,0,1.1,1.6,0.688,1.4,1.4,2.8,0.3,0.3,0.3,1,2.5
1916,Yaphet Moundi,SJSU,2,20,6.5,3,6,0.5,0,0,0,0.5,1.5,0.333,1,3.5,4.5,2,1,0.5,2,2
1917,Kameron Tinsley,IUI,17,16.6,6.5,1.9,5.2,0.375,1.5,4.2,0.347,1.1,1.4,0.826,0.4,1.9,2.3,0.8,0.5,0.3,0.7,2.8
1918,Todd Brogna,MERRI,20,30.2,6.5,2.3,5.2,0.442,1.4,3.5,0.4,0.5,0.8,0.6,1.3,3.9,5.2,2.6,1,1.4,1.7,3.3
1919,Angelo Ciaravino,NWU,20,21.2,6.5,2.6,5.1,0.5,0.5,1.5,0.31,0.9,1.4,0.667,0.9,2.7,3.6,1.1,0.4,0.7,0.5,1.7
1920,Jared Turner,ODU,18,20.9,6.4,2.2,5.6,0.386,1.7,4.8,0.36,0.4,0.6,0.636,0.7,3.1,3.8,0.9,0.4,0.7,0.2,2.4
1921,Niccolo Moretti,FAU,18,29.6,6.4,2.2,4.9,0.449,0.3,1.6,0.207,1.7,2.4,0.698,0.4,1.7,2.1,3.7,0.9,0.1,2.1,1.6
1922,Masiah Gilyard,TEM,18,19.8,6.4,2.3,5.5,0.414,1,3.1,0.321,0.9,1.7,0.533,2,2.4,4.4,0.6,0.6,0,0.6,1.9
1923,Derek Dixon,UNC,18,24.9,6.4,2.1,6.6,0.322,1.6,4.4,0.35,0.7,0.8,0.8,0.2,1.8,2,3.2,0.4,0,1.3,1
1924,Mynor Strong,U of T,18,19.6,6.4,2.2,5.2,0.43,0.9,2.2,0.4,1.1,1.2,0.909,0.3,1.7,2,0.7,1.3,0.1,0.5,2.3
1925,Omari Witherspoon,PITT,18,27.9,6.4,2.3,6.9,0.339,0.5,2.4,0.205,1.3,1.8,0.697,0.7,2.7,3.3,2.6,0.8,0.7,2.7,2
1926,Luka Toews,BOS,18,23.8,6.4,2.6,6.8,0.382,1.1,2.9,0.365,0.2,0.4,0.429,0.2,1.4,1.7,2.5,0.4,0.1,1.1,1.8
1927,Joah Chappelle,GAST,14,21.6,6.4,2.3,4.9,0.471,0.6,1.2,0.471,1.3,1.6,0.783,1.6,2.7,4.4,0.6,0.9,0.9,0.4,2.2
1928,Chris Parker,SCSU,14,16.4,6.4,2.4,5.4,0.453,0,0,0,1.6,2.1,0.759,1.5,2.3,3.8,0.4,0.4,0.1,0.4,1.5
1929,Aaron Hunkin-Claytor,HAW,7,28.7,6.4,2,4.3,0.467,0.4,1.1,0.375,2,2.4,0.824,1.3,1.4,2.7,3.6,0.7,0.1,1.1,2.6
1930,Eli Robinson,AF,19,25.9,6.4,2.8,6.4,0.443,0.3,1.2,0.273,0.4,0.9,0.471,1.2,3.4,4.5,1.1,0.9,0.4,1.7,1.8
1931,Brian Sumpter,WOFF,17,23.8,6.4,2.8,4.8,0.593,0.1,0.3,0.2,0.7,1,0.706,1.2,3.5,4.7,1,0.2,1.2,1.1,2.3
1932,R.J. Johnson,URI,17,28.5,6.4,2,5.6,0.354,0.5,1.8,0.258,1.9,2.2,0.892,0.2,1.6,1.8,3.9,1.1,0.1,1.5,1.7
1933,Chrishawn Christmas,SFA,22,29.5,6.4,2.8,5.2,0.544,0,0,0,0.8,1.5,0.5,2.7,4.7,7.4,1.6,1.1,0.3,0.7,1.6
1934,Caleb Smith,RIDER,20,31,6.4,2.3,5.9,0.381,0.2,0.9,0.167,1.8,2.9,0.614,2.7,4.7,7.3,1.7,1.2,0.3,1.3,2.5
1935,Terry McMorris,EIU,20,25.9,6.4,1.9,4.9,0.381,0.1,0.5,0.111,2.7,3.5,0.757,1.3,3.7,5,1.6,1.1,1.1,1.8,1.7
1936,Lance Stone,UDM,20,20.9,6.4,2,6.5,0.302,1.2,3.2,0.359,1.4,1.5,0.9,0.1,0.7,0.8,2.1,0.3,0,1.2,1.1
1937,Ace Talbert,GWU,15,26.1,6.4,2.3,6.6,0.354,1.1,4.4,0.258,0.6,1.3,0.45,0,1.7,1.7,1.2,1.2,0,0.5,2.7
1938,Isaiah Manning,SHSU,5,18.2,6.4,2,6,0.333,1,3.6,0.278,1.4,1.6,0.875,1,1.2,2.2,0.6,0,0.6,1.2,1.8
1939,Stephen Williams,USA,18,15.8,6.4,2.8,4.2,0.68,0,0,0,0.7,1.1,0.65,1.3,3.2,4.6,0.2,0.5,0.9,0.4,1.4
1940,Mykolas Ivanauskas,MC,18,18.8,6.4,2.9,5.1,0.571,0.1,0.6,0.1,0.6,1,0.556,1.4,3.3,4.7,0.5,0.5,0.4,1.1,2.5
1941,Sebastian Williams-Adams,AUB,18,29.5,6.4,2.3,4.8,0.477,0.3,1.1,0.263,1.6,3.3,0.475,1.6,2.1,3.6,1.1,1.1,0.9,1.3,2.8
1942,Butta Johnson,CLEM,18,22.3,6.4,1.9,4.8,0.391,1.4,3.4,0.403,1.2,1.5,0.815,0.4,2.1,2.4,1.1,0.8,0.1,0.7,1.2
1943,Darren Williams,FGCU,18,19.5,6.4,2.2,5.7,0.382,1.6,4.3,0.372,0.4,0.4,1,0.2,2.2,2.4,1.3,0.3,0.1,0.5,1.1
1944,Tyler Coleman,TOWS,18,21.5,6.4,2.3,4.9,0.477,0.4,1.3,0.348,1.3,1.9,0.676,1.2,2.3,3.5,0.3,0.6,0.4,0.8,1.9
1945,Josh Hill,RMU,13,17.6,6.4,2.5,6.3,0.402,0.7,2.4,0.29,0.6,1.1,0.571,1,3.4,4.4,0.4,0.2,0.3,1.1,2.1
1946,Peter Hemschemeier,SELU,21,21,6.4,2.2,7,0.313,1.2,4.4,0.272,0.8,1.1,0.739,0.3,1.3,1.6,1.9,0.5,0,1.6,1.1
1947,Frank Kepnang,UWASH,16,24.1,6.4,2.7,5,0.538,0,0.1,0,1,1.5,0.667,2.4,3.5,5.9,0.1,0.6,1.8,1.1,2.8
1948,Jerome Palm,UMKC,16,24.7,6.4,2.9,6.2,0.475,0.1,0.9,0.143,0.4,1.4,0.273,1.3,3.6,4.8,1.1,0.6,1.1,1.5,1.7
1949,Zvonimir Ivisic,ILL,20,17.7,6.4,2.4,4.7,0.505,0.7,2.5,0.26,1,1.5,0.69,1.2,3.3,4.5,0.2,0.2,1.9,0.6,1.5
1950,R.J. Smith,DEP,20,28.9,6.4,2.2,6.3,0.352,1.2,4.1,0.284,0.8,1.2,0.667,0.4,2.1,2.4,2.6,0.7,0.3,1.4,1.7
1951,Isaac Traudt,CREI,20,19.6,6.4,2.1,5,0.42,1.8,4.5,0.389,0.4,0.5,0.889,0.3,2,2.3,0.5,0.3,0,0.6,1.1
1952,K.C. Ugwuakazi,MERRI,18,20.3,6.3,2.7,4.1,0.671,0,0,0,0.9,1.7,0.533,2.6,3.6,6.1,0.7,0.7,2.3,0.8,3.8
1953,Austin Herro,STTOM,12,24.8,6.3,2.2,3.5,0.619,0.8,1.4,0.529,1.3,1.8,0.714,1.1,3.7,4.8,4.5,1.8,0.5,1.3,1.9
1954,Bryan Akanmu,WAGNR,18,22.7,6.3,2.6,5.4,0.48,0,0.1,0,1.1,1.6,0.69,1.7,2.4,4.2,1.8,0.5,0.1,1.5,2.4
1955,Thomas Bassong,FLAST,18,22.7,6.3,2.3,4.7,0.494,0.3,1.4,0.24,1.3,2.2,0.6,1.7,2.2,3.9,0.3,0.8,0.4,1,2.6
1956,Dominique Ford,SAND,18,18.9,6.3,2.3,5.4,0.433,0.3,1.2,0.227,1.4,1.9,0.735,0.7,1.8,2.5,0.9,1.1,0,0.6,1.5
1957,"Corey Floyd, Jr.",PROV,12,27.1,6.3,2.3,5.3,0.438,0.5,1.3,0.375,1.2,1.3,0.875,0.8,3.5,4.3,2.8,0.3,0.2,1.9,1.8
1958,Josh Pickett,PRSBY,16,30.2,6.3,1.9,5.6,0.344,1.3,3.9,0.317,1.2,1.7,0.704,0.4,1.2,1.6,2.6,0.3,0.1,1.1,2.8
1959,Brendan Rigsbee,WOFF,13,18.2,6.3,2.5,4,0.615,0.4,1.4,0.278,1,1.4,0.722,1,0.8,1.8,0.9,0.3,0.2,0.5,2.2
1960,Dominic Parolin,BOISE,20,18.4,6.3,2.2,3.8,0.566,0.3,0.9,0.294,1.8,2.2,0.814,2,3.1,5.1,0.7,0.7,0.5,0.8,2
1961,Jacob Ensminger,SCU,18,28.7,6.3,2.3,4.4,0.532,1.2,2.9,0.396,0.4,0.6,0.8,1.6,3.7,5.2,2.4,1.1,0.2,0.9,2.4
1962,Robert Fields,TXST,18,17,6.3,1.9,3.2,0.586,0,0.1,0,2.5,3.5,0.714,1.8,2.3,4.1,0.3,0.5,0.4,0.3,2.2
1963,Killyan Toure,IWAST,18,23.5,6.3,2.4,6.2,0.387,0.6,2.3,0.238,0.9,1.5,0.63,1.2,2,3.2,1.9,1.4,0.3,1.4,2.4
1964,Kobe MaGee,FLAST,18,16.3,6.3,1.9,5.4,0.361,1.3,4.2,0.32,1.1,1.6,0.679,0.4,1.8,2.2,0.7,0.4,0,0.6,0.7
1965,Franck Yetna,TAMU-CC,22,17.8,6.3,2.4,4.6,0.515,0.7,1.3,0.517,0.9,1.2,0.731,1.2,1.6,2.8,1.2,0.5,0.4,0.5,2
1966,Enel St. Bernard,INDST,19,19.3,6.3,2.5,3.7,0.662,0,0.1,0,1.3,3,0.439,1.6,3.9,5.5,0.9,0.5,1.2,1,2
1967,Jalen Pitre,TNST,20,26,6.3,2.6,3.9,0.654,0.1,0.2,0.333,1.1,1.4,0.786,2.8,3.5,6.3,0.9,1.4,0.7,1.1,2.6
1968,Cenker Evran,TAMU-CC,20,22.4,6.3,2.4,4.1,0.593,0,0,0,1.5,2.3,0.644,2.2,3,5.1,0.7,0.6,0.4,1.2,2
1969,Lase Olalere,CHASO,16,18.6,6.3,2.5,3.5,0.714,0,0,0,1.3,2.5,0.5,1.3,3.2,4.4,0.9,0.3,1.9,1.6,3.2
1970,K.J. Thomas,UTEP,20,31.2,6.3,1.9,4.6,0.407,0.5,2,0.225,2.1,2.7,0.778,0.4,2.3,2.7,2.9,1.2,0.1,1.8,2.6
1971,Francis Okwuosah,WIU,20,19,6.3,2.3,5.3,0.438,1.4,3.4,0.397,0.3,0.5,0.6,0.9,2.3,3.1,0.3,0.4,0.3,0.8,1.8
1972,Jerrell Colbert,MCNST,22,20.2,6.2,2.4,4.1,0.589,0,0,0,1.4,2.5,0.574,2,2.5,4.5,0.6,0.7,1.2,1.1,3.2
1973,Cade Hornecker,ACU,18,18.4,6.2,2.3,5.2,0.447,0.2,0.7,0.231,1.4,1.9,0.735,1.2,3.1,4.3,1.3,0.6,0.4,1.2,2
1974,Cooper Schwieger,WF,18,23.1,6.2,2.3,4.5,0.519,0.6,1.4,0.385,1,1.4,0.72,1.1,1.6,2.7,0.9,0.6,0.6,1.1,2.1
1975,Dariyus Woodson,LA,18,18.6,6.2,2.1,4.2,0.487,1.4,3.1,0.446,0.7,1.1,0.684,0.4,2.1,2.6,0.7,0.2,0.4,0.8,1.3
1976,Brayden Fagbemi,UCD,20,26,6.2,2.2,5.5,0.4,0.4,1.4,0.296,1.4,2.3,0.622,1.2,2.4,3.6,4.3,1.8,0,1.9,1.4
1977,Sean Stewart,OREG,20,24.1,6.2,2.5,5,0.5,0.1,0.1,1,1.2,2.2,0.523,1.6,3.5,5.1,1.3,1,0.4,1,3.2
1978,Xavier Booker,UCLA,20,18.3,6.2,2.5,4.4,0.557,0.9,1.9,0.459,0.5,0.8,0.563,1.1,2.1,3.2,0.6,0.2,1,0.4,1.7
1979,Jakub Necas,DUQ,17,24.7,6.2,2.1,4.9,0.422,0.4,1.1,0.389,1.6,2.3,0.718,1.6,2.7,4.3,1,1.1,0.2,1.2,2.6
1980,Quante Berry,MEMP,17,18.5,6.2,2,5.5,0.362,0.8,2.8,0.277,1.4,1.8,0.774,0.5,1.9,2.4,1.4,1.1,0.4,0.9,2.2
1981,Austin Ball,EKU,17,17.3,6.2,2.2,5.8,0.378,1.5,4.1,0.371,0.3,0.5,0.625,0.5,1.1,1.5,0.9,0.8,0.2,0.5,1.7
1982,Quincy Ballard,MISST,18,18.9,6.2,2.4,4.1,0.595,0,0,0,1.3,1.9,0.676,1.6,3.3,4.8,0.7,0.2,1.2,1,1.9
1983,Jayden Ndjigue,UMass,18,24.9,6.2,1.9,3.7,0.53,0.2,0.7,0.333,2.1,3,0.685,1.4,2.8,4.2,1.2,1.1,0.6,1.4,3
1984,Kyndall Davis,TXST,18,26.1,6.2,2.3,6.2,0.369,0.6,2.9,0.208,1,1.5,0.667,1.2,2.6,3.8,1.2,1.3,0.4,1.1,2.4
1985,Donte Tisinger,BSTN,18,22.1,6.2,2.4,5.4,0.454,0.8,2.5,0.311,0.5,0.8,0.643,0.3,2.1,2.4,2.2,0.8,0.1,1.1,1.8
1986,Luca Soroa Schaller,NEU,18,21,6.2,2.2,5.4,0.398,0.4,1.9,0.229,1.4,2,0.694,0.6,3.3,3.9,2.1,0.8,0.4,1.7,2.6
1987,Brennan Peterson,NAU,18,26.1,6.2,1.9,5.2,0.372,1.4,3.8,0.382,0.8,1.2,0.714,0.2,0.7,0.9,2.9,0.4,0,1,1.8
1988,Roor Akhuar,FORD,12,21.3,6.2,2.1,5.6,0.373,1.7,4.8,0.351,0.3,0.7,0.5,1.2,2.5,3.7,0.3,0.7,0.8,0.8,2.6
1989,Jason Nelson,YSU,20,25.9,6.2,1.9,5.2,0.356,0.7,2.3,0.289,1.8,2.4,0.766,1,1.9,2.9,3.5,1,0.1,1.5,2.4
1990,J.J. Traynor,MRRY,20,22.3,6.2,2.5,5.9,0.419,0.7,2.6,0.269,0.6,0.7,0.786,1.2,2.2,3.4,0.5,0.4,0.7,1,1.9
1991,Fedor Zugic,CREI,20,16.9,6.2,2.1,4.5,0.461,1.1,2.8,0.4,1,1.1,0.864,0.4,1.7,2,0.9,0.3,0.1,1,1.5
1992,Shaun Wysocki,DEN,15,17.3,6.1,2.2,3.8,0.579,0.5,1.1,0.5,1.2,1.7,0.72,1.3,2.3,3.6,0.7,0.3,0.4,0.6,1.5
1993,A.J. Rohosy,STAN,18,19.3,6.1,2.7,4.9,0.551,0,0,0,0.7,1.6,0.429,2.2,2.9,5.1,0.6,0.4,0.3,1.1,2.6
1994,Jo Van Buggenhout,INDST,18,21.8,6.1,2.3,5.8,0.394,0.7,2.8,0.255,0.8,1.2,0.682,0.4,2.1,2.5,3.2,0.6,0.1,1.8,1.1
1995,Tyler Rolison,UNR,18,16.6,6.1,1.9,4.8,0.395,0.2,1.3,0.174,2.1,2.7,0.776,0.3,1.3,1.6,2.7,0.7,0,0.8,1.3
1996,David Jevtic,FDU,18,21.9,6.1,2,5,0.4,0.9,2.7,0.347,1.2,1.6,0.75,0.8,2.4,3.3,1.2,0.4,0.1,1.3,1.4
1997,Trenton Walters,NIAG,18,22.9,6.1,1.6,5.8,0.279,0.9,3,0.296,2,2.4,0.837,0.4,1.1,1.5,3.1,0.8,0.1,1.3,1.7
1998,Kamron Martin,SAMF,18,17.2,6.1,1.8,4.2,0.421,1,2.8,0.353,1.6,1.8,0.875,0.3,1.6,1.9,0.7,0.2,0.1,0.5,1.7
1999,Sir Mohammed,ND,18,16.2,6.1,2.4,5.8,0.423,0.4,1.3,0.292,0.8,1.4,0.577,1.2,1.4,2.6,1.6,0.3,0.2,1.3,1.6
2000,Hayden Welling,UVU,18,16.6,6.1,2.2,5.9,0.377,0.2,1.5,0.111,1.5,2.2,0.675,0.9,2,2.9,1,0.4,0.6,0.9,1.9
2001,Tamarion Hoover,JKSN,18,21.1,6.1,1.9,5.4,0.361,1.4,4.4,0.329,0.8,0.9,0.875,0.9,2.3,3.3,0.1,0.3,0.2,0.4,2.6
2002,"Roddy Gayle, Jr.",MICH,19,19.7,6.1,2.2,5.1,0.438,0.3,1.4,0.222,1.4,1.8,0.743,0.8,2.1,2.9,1.4,0.6,0.3,1.5,1.7
2003,Josiah LeGree,MRHD,20,15.6,6.1,2.1,5.3,0.387,0.8,2.5,0.32,1.2,1.6,0.774,0.2,1.5,1.7,2.7,0.7,0.1,1.4,1.8
2004,All Wright,XAV,20,20.8,6.1,2.1,4.5,0.467,0.8,2.1,0.357,1.2,1.4,0.821,0.5,1.1,1.5,1.8,0.3,0,0.7,2
2005,Jakai Newton,GAST,11,14.8,6.1,1.7,4.1,0.422,0.7,2.2,0.333,1.9,2.1,0.913,0.7,2.4,3.1,0.5,0.6,0.1,0.9,2.3
2006,Ugonna Onyenso,UVA,18,18.4,6.1,2.5,4.4,0.57,0.3,0.8,0.333,0.8,0.9,0.824,1.6,3.3,4.9,0.6,0.7,2.6,0.4,1.4
2007,Noah Meeusen,ASU,18,29.1,6.1,1.7,5.4,0.316,0.9,3.6,0.246,1.7,2,0.861,1,2.8,3.8,3,1.3,0.3,1.4,2
2008,Dillon Hunter,CLEM,18,29.4,6.1,2.1,5.8,0.352,0.8,2.9,0.288,1.1,1.7,0.667,0.4,3.5,3.9,3.2,0.8,0.2,1.3,2
2009,Shaqir O'Neal,CSUS,18,20,6.1,1.7,4.1,0.411,0.6,1.6,0.379,2.1,2.6,0.809,1.2,2.6,3.7,0.8,0.4,0.4,0.6,3
2010,Dame Sarr,DUKE,18,23.7,6.1,2.1,5.4,0.392,1.1,3.5,0.302,0.8,1.4,0.56,0.8,2.9,3.7,0.9,0.7,0.4,1.2,1.8
2011,D.J. Thomas,WVU,18,16.5,6.1,2.3,5.2,0.452,0.8,2.8,0.28,0.6,1,0.611,1.1,1.1,2.2,0.4,0.3,0.2,0.8,1.1
2012,Jake West,NWU,19,25.8,6.1,2.1,5.1,0.417,1.2,2.8,0.434,0.6,0.9,0.706,0.1,0.8,0.9,3.4,0.7,0.3,1.3,1.6
2013,Luke Jungers,IONA,19,17.6,6.1,1.8,4.1,0.449,1.5,3.4,0.431,0.9,1.3,0.708,0.3,1.6,1.9,0.3,0.4,0.3,0.6,1.9
2014,Emre Melih Tunca,PENST,19,20.5,6.1,2.1,5.4,0.379,0.5,2.1,0.231,1.5,1.8,0.824,0.4,1.2,1.6,1.6,0.5,0.1,1.1,1
2015,Ethan Elliott,NKU,18,30.9,6,2.2,5.9,0.368,0.8,2.6,0.326,0.8,1.6,0.536,0.7,2.5,3.2,4.7,0.9,0.1,1.1,1.9
2016,Brigham Rogers,BLMNT,20,17.3,6,2.7,3.8,0.72,0,0,0,0.6,1.3,0.48,1.3,2.2,3.5,2,0.4,0.3,1,2.3
2017,Andrej Jelavic,UK,16,16.8,6,2.4,4.8,0.494,0.9,2.4,0.359,0.4,0.8,0.5,1.5,2.3,3.8,0.9,0.7,0.3,1.1,1.4
2018,Dante Allen,UMFL,18,24.1,6,2.3,5.4,0.418,0.7,2.4,0.279,0.8,1.5,0.519,0.7,1.9,2.6,2,0.9,0.1,1.1,1.2
2019,Zaxton King,MZZST,20,23.9,6,2,4.8,0.406,1.1,3.2,0.333,1.1,1.6,0.677,0.2,1.4,1.6,2,0.7,0.1,0.8,1.8
2020,Jordan Ross,UGA,17,21.2,6,1.6,4.3,0.384,0.4,1.1,0.333,2.4,2.7,0.87,0.4,1.8,2.2,2.2,0.6,0,0.6,1.9
2021,Cole Farrell,LBSU,20,22.4,6,2.2,5.7,0.377,0.5,1.5,0.345,1.2,1.7,0.727,0.6,1.6,2.2,1.2,0.6,0.1,1.1,1.5
2022,Divine Ugochukwu,MCHST,11,19.9,6,2.2,3.9,0.558,1,2.1,0.478,0.6,1,0.636,0.3,1.8,2.1,2.1,0.5,0.1,1,1.6
2023,Vukasin Masic,SANFR,18,20.6,6,2.2,5.8,0.371,0.9,3.5,0.254,0.8,1.1,0.737,0.2,1.4,1.6,1.8,0.2,0.1,1.1,1.1
2024,Wyatt Nausadis,AMERU,18,22.1,6,2,5.4,0.367,1.1,3.2,0.328,0.9,1.4,0.68,0.3,1,1.3,1.5,0.9,0,1.2,1.6
2025,Javon Ruffin,BGSU,17,23.7,6,1.8,5.6,0.326,1.3,3.6,0.361,1.1,1.5,0.72,0.5,1.6,2.2,0.8,0.6,0.1,0.6,2.3
2026,Malik Ferguson,TNTCH,17,18.2,6,2.2,5.1,0.442,0.5,1.7,0.276,1.1,1.3,0.818,0.7,1.1,1.8,0.8,0.5,0.1,1.4,1.4
2027,Shon Tupuola,VAL,20,25,6,2.5,4.1,0.605,0,0,0,1.1,1.7,0.618,2,3.2,5.2,0.8,0.4,1.2,0.9,1.4
2028,Jaye Nash,JKSNV,20,27.5,6,1.3,4.2,0.313,0.4,1.1,0.318,3,4.1,0.732,1.1,2.3,3.3,3.9,1.2,0.1,1.8,2.3
2029,Kael Combs,IOWA,20,25.9,6,2.3,5,0.455,0.6,1.6,0.355,0.9,1.2,0.75,0.5,1.9,2.4,1.7,0.8,0.1,1.3,1.8
2030,K.J. Tenner,MRRY,20,16.9,6,2,4.4,0.46,0.9,1.9,0.474,1.1,1.6,0.656,0.3,1,1.3,1.9,0.6,0,0.7,2.3
2031,Najai Hines,SETON,18,17.1,5.9,2.2,3.8,0.588,0,0,0,1.5,2.3,0.659,2.3,3.3,5.6,0.6,0.4,2.1,0.9,2.3
2032,Ryan Pettit,LAFAY,18,20.4,5.9,2.4,4.6,0.524,0.3,1.4,0.192,0.9,1.7,0.516,0.8,2.9,3.7,1.5,0.6,0,0.7,2.1
2033,"Deshaun Jackson, Jr.",MC,18,23,5.9,2.6,5.6,0.46,0,0,0,0.8,1.1,0.789,0.7,2.6,3.3,2.6,0.9,0.3,1.4,2.6
2034,Zy Wright,ACU,18,16.7,5.9,1.8,4.6,0.402,0.5,2,0.25,1.8,2.1,0.842,0.5,1.3,1.8,0.5,0.6,0.2,0.7,1.7
2035,Keba Keita,BYU,17,23.5,5.9,2.6,3.8,0.692,0,0,0,0.6,1.7,0.379,2.8,4.1,6.9,0.4,0.8,1.6,0.9,2.3
2036,Tyson Brown,RADF,16,29.3,5.9,2.5,4.6,0.541,0,0,0,0.9,2.1,0.441,2.8,4.9,7.8,0.9,0.6,0.5,1.4,2.9
2037,Drayton Jones,BTLR,20,19.5,5.9,1.8,3.3,0.538,0,0.1,0,2.4,3.4,0.716,1.9,2.4,4.2,1.6,0.5,0.7,0.6,1.8
2038,Cam Manyawu,IOWA,20,20,5.9,2.6,4.1,0.622,0,0,0,0.8,1.4,0.571,1.9,3,4.9,0.9,1,0.5,0.9,2.5
2039,Mekhi Cooper,LIND,20,30.3,5.9,1.9,6,0.311,1.2,3.5,0.333,1.1,1.2,0.913,0.5,2.6,3.1,4.3,1,0,2.1,2.6
2040,King Wilhite,LAMAR,20,21.8,5.9,2.1,5.2,0.404,0.7,1.6,0.419,1.1,1.6,0.677,0.5,0.6,1.1,2.4,0.4,0,1.3,1.6
2041,Guillermo Diaz,SANFR,18,19.8,5.9,1.8,4.2,0.434,1.1,2.3,0.452,1.2,1.6,0.724,1.1,2.3,3.4,1.3,0.7,0.4,0.8,2.3
2042,Garrett Nuckolls,UP,18,25.7,5.9,2.3,6,0.38,0.3,1.7,0.167,1.1,1.2,0.864,0.4,2.5,2.9,2.4,0.9,0.5,1.8,1.8
2043,Cal Liston,VMI,18,24.6,5.9,2.1,5.3,0.389,1.4,4.2,0.333,0.4,0.6,0.7,0.9,2.2,3.1,0.8,0.4,0.2,0.6,2.8
2044,Michael Rataj,BAYL,18,21.3,5.9,2.2,5.8,0.375,0.3,1.7,0.161,1.3,1.8,0.719,1.4,2.4,3.8,1.1,0.3,0.2,1.3,1.8
2045,Omaha Biliew,WF,18,19.2,5.9,1.8,4.1,0.446,0.8,2.4,0.341,1.4,1.8,0.758,1,1.4,2.4,0.4,0.7,0.2,0.7,3
2046,Vincent Delano,NOCOL,18,19.9,5.9,2.3,5.1,0.446,0.8,2.4,0.341,0.5,0.6,0.818,0,1.9,1.9,1.5,0.2,0.1,1.1,1.8
2047,Jacob Taylor,CHASO,16,25.9,5.9,1.9,4.8,0.403,0.7,2.2,0.314,1.3,1.7,0.778,0.8,1.4,2.2,1.8,0.9,0,1.3,3.4
2048,Andrew Urosevic,LEHI,14,21,5.9,2.1,6.1,0.353,1.3,4.4,0.295,0.3,0.4,0.667,0.3,1.1,1.4,0.8,0.2,0,0.4,1.6
2049,Stephon Payne III,SETON,20,21.3,5.9,2.2,4.5,0.494,0,0,0,1.5,2.9,0.509,3.2,4.1,7.2,0.5,0.7,1.1,0.8,2.4
2050,Ola Ajiboye,USI,20,25.4,5.9,2.1,4.6,0.446,0,0.1,0,1.8,2.9,0.614,2.3,2.6,4.9,0.6,0.8,1.2,0.9,2.9
2051,Miles Heide,SDSU,20,19.6,5.9,2.4,3.7,0.658,0.1,0.2,0.5,1,1.8,0.543,1.7,2.5,4.2,0.8,0.5,0.7,1,2.6
2052,Jeremiah Williams,GTOWN,20,19.9,5.9,2.2,5.3,0.419,0.4,0.8,0.533,1.1,1.6,0.677,0.6,1.6,2.1,3,0.7,0.3,1.7,1.7
2053,Marko Ljubicic,MAN,20,19.8,5.9,2.2,5.6,0.396,1,3.3,0.308,0.5,0.8,0.6,1.4,2.5,3.9,0.6,0.6,0.4,0.6,2.2
2054,Jo Valrie,SIUE,20,25.4,5.9,2,5.3,0.381,1,2.6,0.373,0.9,1.3,0.692,1.1,2.7,3.8,0.6,0.9,0.1,1.2,2.5
2055,Isaiah Lewis,LBSU,20,21.4,5.9,2.1,5.5,0.382,0.7,2.1,0.317,1,1.3,0.769,0.3,1.8,2.1,2,0.9,0.1,1.1,2.6
2056,Jaylen Carey,TENN,18,19,5.8,2.2,5.8,0.371,0,0.1,0,1.5,3,0.5,2.7,3.1,5.7,1.1,0.1,0.1,0.9,1.5
2057,Camden Heide,TEXAS,18,25.9,5.8,2.1,4.4,0.468,1.4,3.4,0.426,0.3,0.4,0.625,0.8,2,2.8,0.5,0.3,0.1,0.4,2.3
2058,Aleksander Pachucki,BUCK,18,23.3,5.8,2.1,5,0.411,1.3,3.5,0.365,0.4,0.7,0.615,0.8,2,2.8,0.9,0.5,0,0.7,1.7
2059,Mikkel Tyne,RICH,18,18.1,5.8,2.1,5.1,0.407,1.4,3.3,0.441,0.3,0.3,0.833,0.2,0.8,1,1.2,0.7,0,1.1,1.5
2060,Eli DeLaurier,ECAR,16,15.9,5.8,2.5,5.3,0.476,0.3,1.4,0.174,0.6,0.7,0.818,0.9,1.8,2.7,0.4,0.3,0.4,0.9,2.5
2061,Ben Humrichous,ILL,20,22.6,5.8,2,5.1,0.386,1.6,4.5,0.356,0.3,0.4,0.75,1.1,2.7,3.8,0.8,0.4,0.5,0.1,1.1
2062,Dylan Diaz,ULM,15,23.2,5.8,1.7,4.7,0.352,1.3,3.3,0.388,1.2,1.6,0.75,0.5,1.3,1.7,0.7,0.5,0,0.7,0.7
2063,Khalil London,TNST,15,13,5.8,2,5.3,0.375,0.7,2.3,0.294,1.1,1.5,0.773,0.3,1.3,1.6,1,0.4,0.2,0.8,1.1
2064,Tate Laczkowski,USMA,18,20.6,5.8,2.4,4.3,0.571,0.4,0.9,0.438,0.5,1.1,0.474,1.7,3.8,5.5,2,1,0.6,1.2,2.2
2065,"D.J. Talton, Jr.",BUFF,18,28.3,5.8,2.3,5.2,0.452,0.4,1.6,0.241,0.7,1.1,0.65,0.7,1.9,2.6,3.1,1.5,0.1,1.3,2
2066,Olavi Suutela,ORST,18,17.8,5.8,2.2,3.9,0.571,0.4,0.9,0.438,0.9,1.6,0.586,1.1,1.7,2.7,0.7,0.3,0.1,0.8,2.4
2067,Houran Dan,SEA,18,16.8,5.8,2.2,4,0.556,0,0,0,1.3,2.1,0.632,1.3,1.6,2.9,0.3,0.3,0.4,0.8,2.4
2068,Reggie Prudhomme,NIAG,20,25.4,5.8,2.2,5.3,0.419,1.1,3.2,0.349,0.3,0.5,0.5,0.2,2,2.1,2.4,0.9,0,1.4,1.9
2069,Khaafiq Myers,STJOE,16,16.3,5.8,2.3,5.4,0.419,0.4,1.7,0.259,0.8,1.3,0.65,0.3,2.5,2.8,2.3,0.6,0.1,1.2,0.9
2070,Matus Hronsky,UP,15,19.7,5.7,2.1,5.9,0.352,1.1,3.7,0.286,0.5,0.6,0.889,0.5,1.8,2.3,0.5,0.5,0.1,0.8,1.3
2071,Bryce Ford,ASU,14,20.5,5.7,1.9,5.8,0.321,0.9,3.8,0.226,1.1,1.2,0.941,0.2,1,1.2,0.9,0.2,0,0.4,2
2072,Jhei-R Jones,W&M,10,16.1,5.7,1.7,3.4,0.5,0.9,2,0.45,1.4,1.7,0.824,0.7,1.1,1.8,1.3,0.5,0,0.6,1.4
2073,Jordan Rogers,NJIT,16,26.9,5.7,2.2,4.7,0.467,0.6,1.9,0.323,0.7,1,0.688,1.3,4.2,5.5,2.3,1.1,0.9,1.1,2.2
2074,Chuck Bailey III,UNR,16,17.4,5.7,1.9,5.3,0.369,0.8,2.1,0.364,1.1,1.4,0.773,0.3,1.6,1.9,1,0.4,0,0.4,1.9
2075,Austin Goode,POLY,19,15.4,5.7,2.2,5.3,0.416,0.9,3,0.298,0.4,0.5,0.778,1,1.5,2.5,1.1,0.3,0.2,0.6,1.9
2076,Preston Turner,EIU,19,17.5,5.7,1.7,4,0.421,1,2.2,0.452,1.3,1.5,0.862,0.2,1.3,1.4,0.7,0.6,0.2,1.2,1.2
2077,Mambourou Mara,HCU,21,20.2,5.7,2.1,5,0.433,0.5,1.8,0.263,0.9,1.6,0.576,1,2.9,3.9,0.8,1,1.5,0.9,2
2078,Harry Wessels,STMRY,18,18.9,5.7,2.2,4.1,0.527,0,0,0,1.3,1.9,0.686,2.3,3.3,5.6,0.7,0.3,1.3,0.9,2.3
2079,Christian Gurdak,VT,18,19.2,5.7,2.3,3.3,0.683,0,0,0,1.1,1.5,0.741,1.9,2.7,4.6,0.4,0.4,0.2,0.7,2
2080,Filip Jovic,AUB,18,16.6,5.7,2.1,2.9,0.717,0,0.1,0,1.4,2.6,0.565,1.8,1.7,3.5,0.5,0.9,0.3,0.6,2.3
2081,Zacch Wiggins,ODU,18,18.6,5.7,2.1,4,0.514,0.6,1.3,0.417,1,1.4,0.692,1,1.8,2.8,1.1,0.4,0.2,0.4,1.3
2082,Kedrick Osby,NEWOR,21,18,5.7,2,4.1,0.471,0.8,1.8,0.447,1,1.3,0.714,1,1.4,2.4,0.2,0.3,0.3,0.3,1.3
2083,Cam Palesse,ALAST,18,25.6,5.7,2,5.2,0.383,0.3,0.8,0.429,1.3,1.9,0.706,1.3,2.2,3.5,1.9,0.6,0,1.1,2.2
2084,Mason Klabo,ILLST,18,16.8,5.7,1.9,4.8,0.402,0.8,2.7,0.306,0.9,1.2,0.81,0.3,2.4,2.8,1.1,0.4,0.1,0.6,1.7
2085,J.B. Frankel,NEU,18,21.8,5.7,1.9,6.2,0.315,1.2,3.9,0.296,0.6,0.8,0.786,0.6,1.6,2.2,2.3,0.9,0,1.1,1.8
2086,Curt Lewis,SOMIS,18,23.9,5.7,1.9,5.2,0.372,1.7,4.3,0.385,0.1,0.3,0.4,0.3,1.8,2.1,0.5,0.5,0.3,0.7,1.4
2087,Myles Wilmoth,CAN,20,25.4,5.7,1.9,6.2,0.309,0.8,2.9,0.259,1.1,1.7,0.647,1.7,3.4,5.1,1.5,0.5,1.1,1.3,2.2
2088,Damarius Owens,MARQ,20,18.9,5.7,2,4.8,0.421,0.6,2.3,0.261,1.1,1.5,0.7,1,2.2,3.2,0.9,0.8,0.3,0.7,1.2
2089,Davion Sykes,SOILL,20,18.6,5.7,2.4,5.1,0.465,0,0.3,0,1,1.3,0.76,1.3,2.7,3.9,0.7,0.8,0.3,1,1.4
2090,Veniamin Abosi,SANFR,11,20.3,5.6,1.7,4.3,0.404,1,2.5,0.393,1.2,1.6,0.722,1,4.1,5.1,1.3,0.5,0.3,1.2,2.6
2091,Gabe Oldham,DEN,16,26.7,5.6,2.4,3.6,0.684,0,0,0,0.8,1.3,0.6,3.3,4.9,8.2,1.1,0.7,0.3,0.8,3.1
2092,Major Freeman,CHAR,16,14.9,5.6,2.1,4.7,0.44,0.9,2.8,0.318,0.6,1.1,0.556,0.3,1.4,1.7,1.4,0.3,0.1,0.8,0.7
2093,Jalin Holland,COLO,16,19.1,5.6,2.1,5.2,0.398,0.6,1.8,0.357,0.9,1.7,0.519,1.1,1.7,2.8,0.8,0.9,0.5,1.1,2.6
2094,Makhi Johnson,ETSU,18,22.9,5.6,1.9,4.1,0.466,1.5,3.4,0.443,0.3,0.4,0.857,0.7,2.7,3.4,0.8,0.9,0.1,0.2,2.4
2095,Britton Berrett,UTECH,18,26.4,5.6,1.9,4.3,0.449,1.3,3.3,0.4,0.4,0.4,0.875,0.1,1.9,2,1.3,0.6,0.2,0.8,2.2
2096,Preist Ryan,CLEST,18,20.5,5.6,2,4.9,0.409,0.3,0.9,0.313,1.3,2.3,0.585,1.5,1.9,3.4,1.3,0.3,0.2,1.1,2
2097,Johnny Radford,EWASH,18,17.1,5.6,1.7,4.8,0.349,1.3,3.4,0.393,0.9,1.1,0.85,0.3,1.8,2.1,0.9,0.4,0.4,0.8,1.1
2098,Tate Sage,IOWA,20,16.1,5.6,1.9,3.9,0.481,0.7,2,0.359,1.2,1.6,0.774,0.8,1.2,2,0.5,0.3,0.2,0.5,1.5
2099,Kaidon Rayfield,UTSA,15,17.7,5.6,1.8,5.2,0.346,0.3,1.6,0.208,1.7,2.5,0.658,1.1,2.5,3.7,0.9,0.7,0.6,0.6,2.3
2100,Cameron McNamee,DART,14,20.6,5.6,1.5,3.6,0.42,1.1,2.5,0.429,1.5,1.9,0.808,0.6,2.9,3.5,0.6,0.8,0.2,0.5,1.5
2101,Josh Meo,WIN,16,19.2,5.6,1.6,4.8,0.329,0.9,2.6,0.366,1.5,2.4,0.615,0.8,1.8,2.5,1,0.3,0,0.8,1.4
2102,Kiyan Anthony,SYRA,16,15.9,5.6,1.7,5.1,0.333,0.6,2,0.281,1.6,2.3,0.703,0.2,0.8,0.9,0.6,0.3,0.2,0.5,0.5
2103,Devyn Franklin,GRAMB,18,21.4,5.6,1.9,4.3,0.449,0.1,0.4,0.125,1.6,2.2,0.725,1.9,3.3,5.3,0.7,0.4,0.3,1.4,2.6
2104,London Jemison,UA,18,16.5,5.6,2,5.1,0.396,0.9,2.7,0.333,0.7,1.4,0.462,1.2,2.8,3.9,0.6,0.7,0.4,0.6,2.2
2105,Devin Ree,JKSN,18,20.1,5.6,1.8,4.6,0.39,0.9,2.7,0.333,1.1,1.2,0.952,0.9,2.3,3.3,0.6,0.2,0.7,0.7,2.6
2106,Jonas Sirtautas,L-MD,9,16.3,5.6,2,3.9,0.514,0.2,0.9,0.25,1.3,2,0.667,0.8,1.9,2.7,0.4,0.4,1.6,0.7,2.4
2107,Ryan Kalambay,UDM,20,23.2,5.6,2.2,3.3,0.662,0,0,0,1.3,1.9,0.676,2.6,3.9,6.5,0.6,0.9,1.7,0.7,2.9
2108,Parby Kabamba,MRST,20,17,5.6,2.1,5.1,0.412,0.8,2.5,0.327,0.6,0.8,0.733,0.8,2.8,3.5,1.1,0.5,0.5,0.5,1.7
2109,Adam Harakow,UWYOM,20,20.3,5.6,1.8,4.3,0.412,1,2.7,0.352,1.1,1.6,0.688,1.1,1.9,3,0.7,0.4,0.4,0.8,2.5
2110,Mike Williams III,SETON,20,20.7,5.6,2,5.9,0.331,0.8,2.5,0.3,0.9,1.4,0.667,0.3,2.3,2.6,1.4,0.8,0.2,1.1,1.3
2111,Eian Lowe,LAMAR,22,20.2,5.5,1.9,4.6,0.406,0.7,1.7,0.405,1.1,1.8,0.625,0.5,1.2,1.7,2.7,1,0,1.2,1.8
2112,Ahamed Mohamed,SFA,22,16.7,5.5,1.6,4.5,0.367,0.8,2,0.378,1.5,2,0.767,0.3,1.4,1.7,1.6,0.5,0.1,0.8,1.1
2113,Ethan Pickett,SELU,22,18.1,5.5,1.9,4.5,0.429,0.2,0.7,0.267,1.5,2.3,0.68,0.8,1.9,2.7,1.5,0.3,0,1.1,1.8
2114,Andrija Vukovic,OKST,15,15.5,5.5,2.3,3.9,0.576,0.1,0.2,0.333,0.9,1.4,0.667,1.3,2.1,3.5,0.5,0.7,0.5,0.6,1.3
2115,Berke Buyuktuncel,UNL,19,24.3,5.5,2.2,4.4,0.488,0.3,1.1,0.286,0.9,1.5,0.607,1.4,3.3,4.7,1.8,1,1.2,1.2,1.9
2116,Jayce Nathaniel,UIC,20,19.9,5.5,2.3,5.3,0.429,0.4,1.7,0.212,0.7,1.1,0.619,1.8,2.5,4.3,1.3,0.6,0.4,0.5,1.7
2117,Leopold Levillain,LBSU,18,21.9,5.5,2.1,3.6,0.585,0,0,0,1.3,2.1,0.605,1.7,4.4,6.2,1.1,0.6,0.4,1.7,3.2
2118,Tajavis Miller,UNM,20,17.7,5.5,1.9,4.9,0.378,1.2,3.4,0.358,0.6,0.9,0.706,0.3,1.7,2,1,1,0.3,0.7,2
2119,Bryson Tucker,UWASH,14,23.4,5.5,2.4,5.4,0.453,0.5,2,0.25,0.1,0.2,0.667,0.7,2.9,3.6,0.5,0.4,0.2,0.3,1
2120,Collin Tanner,RICH,15,19.5,5.5,2.1,4.8,0.431,0.7,2.2,0.303,0.7,1.1,0.625,0.9,2.3,3.2,0.7,0.4,0.1,0.5,1.6
2121,Landon Williams,NIAG,20,22.5,5.5,2,4.5,0.444,1.2,3.1,0.377,0.3,0.4,0.75,0.1,2.4,2.5,0.9,0.5,0.4,1.2,1.1
2122,Elijah Fisher,SETON,20,19.3,5.5,2.1,4.7,0.441,0.3,1,0.263,1.1,1.7,0.647,0.8,2.1,2.8,0.4,0.9,0.6,0.9,2.3
2123,Ariel Bland,BTHCK,18,18.5,5.4,2.3,3.6,0.641,0,0.2,0,0.9,1.5,0.593,2.3,3.7,6,1.8,0.7,1.3,1.4,2.1
2124,Carson Towt,ND,18,25.6,5.4,2.5,4.1,0.608,0,0,0,0.4,1.9,0.235,3.6,4.6,8.2,1.4,0.7,0.3,1.3,3.1
2125,Chris Hodges,MTSTU,18,23.1,5.4,2.3,4.1,0.562,0,0,0,0.9,1.6,0.552,1.7,2.7,4.4,0.8,0.3,1.3,1.1,1.8
2126,Devan Cambridge,UCF,18,17.5,5.4,1.8,4,0.458,0.4,1.8,0.242,1.3,1.7,0.774,0.9,2.3,3.3,0.7,0.6,0.7,0.5,2.1
2127,Jojo Murphy,SEA,18,16.9,5.4,1.8,5.2,0.351,0.7,2.4,0.302,1.1,1.3,0.826,0.6,1.9,2.6,1.6,0.9,0.1,0.6,1.1
2128,Christian Meeks,MORST,14,28.4,5.4,1.9,3.6,0.51,0.1,0.3,0.25,1.6,2.5,0.657,2.4,3.6,6.1,0.6,0.7,0.3,0.9,4
2129,Carlous Williams,TNST,19,18.4,5.4,1.9,4.1,0.481,0.5,1.5,0.345,1,1.3,0.792,0.8,2.5,3.3,0.5,0.1,0.5,0.8,2.5
2130,Eddrin Bronson,FRMN,17,19.2,5.4,1.8,4.4,0.405,0.8,2.6,0.311,1.1,1.4,0.75,0.4,1.2,1.6,1.1,0.2,0.5,1.1,1.4
2131,Jacolb Cole,MCNST,22,18.1,5.4,1.6,3.5,0.455,0.1,0.7,0.133,2.1,2.7,0.783,1.1,2.7,3.8,1.2,1,0.2,0.8,1.9
2132,Conor Enright,IU,20,31.4,5.4,1.9,4.3,0.43,0.9,2.4,0.375,0.8,1,0.842,0.4,2.3,2.6,5.1,0.5,0,1.3,2.9
2133,Eric Reibe,UConn,20,13.2,5.4,2.4,3.8,0.64,0.1,0.3,0.2,0.6,1.2,0.458,1.4,2.2,3.6,0.7,0.3,0.6,0.5,2
2134,Braeden Smith,ZAGS,18,18,5.4,2,4.2,0.474,0.5,1.4,0.36,0.9,1.1,0.8,0.4,1.9,2.3,3.4,0.8,0,1.3,1.1
2135,Jordan Mizell,TARST,18,28.4,5.4,2.1,5.1,0.413,0,0.3,0,1.2,1.7,0.7,1.5,2.2,3.7,1.8,1.6,0.2,1.2,2.5
2136,Allen Mukeba,ASU,18,17.8,5.4,2.3,3.9,0.577,0,0.1,0,0.8,1.7,0.484,1.5,2.3,3.8,1,0.9,0.8,1.2,2.9
2137,Jake Wahlin,CLEM,18,20.5,5.4,1.9,4.9,0.398,1.1,3,0.37,0.4,0.6,0.636,0.6,3.2,3.8,0.6,0.3,0.2,0.9,1.7
2138,Justin Redmond,NSU,14,15.6,5.4,2,5.5,0.364,0.7,2.6,0.278,0.6,0.9,0.692,0.3,1.1,1.4,1.2,0.6,0.1,0.8,1.5
2139,Corey Thomas,BRDLY,20,18.7,5.4,2.1,3.8,0.539,0.7,1.8,0.389,0.6,0.9,0.611,1.2,2.9,4,0.8,0.5,0.7,0.6,2.2
2140,Jaden Slaughter,HEART,20,20.1,5.4,1.9,3.8,0.5,0.4,1,0.4,1.2,1.6,0.742,0.8,2.7,3.5,1.2,0.4,0.2,1.1,0.8
2141,Malachi Palmer,VILL,20,19.6,5.4,1.9,4,0.481,1,2.6,0.373,0.6,0.9,0.706,0.6,1.3,1.9,0.7,0.8,0.1,0.4,1.7
2142,John Bol,UCF,18,20,5.3,2.2,2.9,0.755,0,0,0,0.9,1.3,0.667,1.4,4.4,5.9,0.3,0.3,1.3,1.3,2.6
2143,Houston Mallette,UA,18,22.3,5.3,1.8,4.8,0.368,1.5,4.3,0.346,0.3,0.4,0.714,1.7,3.1,4.8,0.8,0.5,0,0.4,2.1
2144,Egan Shields,NOCOL,18,17.4,5.3,2.1,3.2,0.655,0,0,0,1.1,1.6,0.69,1.5,2.9,4.4,0.7,0.1,0.6,0.9,3.1
2145,Jonathan Levy,PEPP,18,22.1,5.3,1.8,4.2,0.44,0.4,1.6,0.286,1.2,1.5,0.815,1,3.1,4.1,1.8,0.9,0.2,1.8,2.3
2146,Jalen Vazquez,LEHI,15,25.4,5.3,1.9,4.3,0.438,0.5,1.5,0.318,1.1,1.5,0.773,0.3,2.5,2.9,2.3,1.1,0,0.8,1.6
2147,Eternity Eguagie,RICE,18,17.3,5.3,1.8,4.4,0.4,0.6,1.6,0.357,1.2,1.9,0.629,0.8,1.8,2.6,0.6,0.2,0.3,1,1.8
2148,Seifeldin Hendawy,WIN,16,16.1,5.3,1.6,4.9,0.329,0.3,1.8,0.172,1.8,2.1,0.824,1.4,3.1,4.5,0.9,0.2,0.3,1.1,2.1
2149,Emmanuel Ugbo,WSU,10,18.3,5.3,1.9,5.4,0.352,0.2,1.6,0.125,1.3,1.9,0.684,1,2.5,3.5,0.8,0.3,0,1.2,2.3
2150,Jonathan Griman,CALBU,17,24.5,5.3,2.3,4.4,0.527,0,0.1,0,0.7,1.5,0.462,2.6,4,6.6,0.6,0.4,1.2,0.9,3.2
2151,Jerry Easter II,USC,17,18.9,5.3,1.9,4.1,0.478,0.2,0.7,0.25,1.2,1.8,0.7,0.6,2.4,3.1,0.8,0.6,0.2,0.8,1.2
2152,Elmarko Jackson,KU,17,18.1,5.3,1.5,3.7,0.413,0.5,1.4,0.391,1.7,2.1,0.829,0.1,1.4,1.5,1.4,1.1,0.1,0.9,1.9
2153,Dallin Hall,UVA,18,30.2,5.3,1.8,4.6,0.402,0.9,3.1,0.309,0.7,0.8,0.8,1.1,3.2,4.3,4.6,1,0.1,1.3,2.3
2154,Silas Sunday,HOF,18,21.9,5.3,2.3,3.6,0.646,0,0.1,0,0.6,1,0.611,2.6,4.8,7.3,0.5,0.2,1.5,1.4,2.5
2155,Taj Manning,KSU,18,27.4,5.3,2.1,4.3,0.481,0.2,1,0.167,1,1.5,0.667,2.6,3.5,6.1,1.4,1,0.9,1,3.1
2156,Mike Woods,USNA,18,20.4,5.3,2.2,4.5,0.481,0.4,1.2,0.318,0.6,0.8,0.714,1.1,2.4,3.5,1.4,0.7,0.4,0.6,1.9
2157,Tyler Betsey,SYRA,18,16.7,5.3,1.7,4,0.431,1.4,3.3,0.441,0.4,0.5,0.778,0.6,1.8,2.3,0.4,0.2,0,0.4,1.8
2158,Vuk Boskovic,SAND,18,19.5,5.3,1.8,4.6,0.386,1.3,3.5,0.365,0.4,1.1,0.4,0.5,2.2,2.7,2.1,0.2,0.1,1.7,2.3
2159,Leo Torbor,TAMU-CC,22,21.3,5.3,2.2,5,0.44,0,0.4,0.111,0.9,2,0.442,0.3,1.6,1.9,1.6,1.4,0.5,1.4,2.1
2160,Jaden Daughtry,MRST,19,22.3,5.3,2.2,5.4,0.402,0.3,1.6,0.161,0.7,1.3,0.542,1.8,3.9,5.8,1.4,1.2,0.7,1.3,2.9
2161,Kaleb Lowery,UNR,20,20.7,5.3,2,4,0.488,0.7,1.9,0.378,0.7,1,0.65,1.4,2.6,3.9,1,0.4,0.5,0.4,2.2
2162,Landren Blocker,SEMO,20,18.4,5.3,2.1,4.2,0.488,0.3,0.7,0.429,0.9,1.9,0.459,1.6,2.3,3.9,0.5,1.2,0.8,1,2.7
2163,Makai Kvamme,WIU,20,27.8,5.3,2.1,6.2,0.333,0.2,1.2,0.125,1,2,0.5,0.6,2.5,3.1,3.1,1.3,0.2,1.4,2.1
2164,Juwan Maxey,BLLST,12,14.4,5.3,2,5.3,0.381,1.3,4.2,0.3,0,0,0,0.1,2.1,2.2,0.4,0.3,0,0.3,1.1
2165,Chendall Weaver,TEXAS,18,22,5.2,2.2,4.3,0.506,0.3,0.8,0.333,0.6,1.1,0.579,1.3,2.2,3.5,1.1,1.1,0.2,0.5,2.3
2166,Chase Forte,BOS,18,23.1,5.2,1.7,5.2,0.319,0.7,2.7,0.265,1.2,2.1,0.568,0.6,2,2.6,2.8,0.8,0.2,1.3,1.4
2167,Isaiah Coleman,OKST,18,17,5.2,2,4.1,0.486,0.1,0.6,0.1,1.2,2.1,0.553,1.1,2.1,3.2,0.7,0.6,0.2,1.1,1.7
2168,Jalen Bolden,TXST,18,20,5.2,2,4.9,0.404,0.9,2.4,0.386,0.3,0.6,0.5,0.6,1.6,2.2,0.8,1,0.1,0.8,1.4
2169,Cade Haskins,W&M,18,15.3,5.2,1.7,4.9,0.337,1.3,3.8,0.333,0.6,0.8,0.733,0.5,1.4,1.9,1.1,0.5,0.2,0.6,1.1
2170,John St. Germain III,HC,18,17.4,5.2,1.7,3.7,0.448,0.4,0.8,0.467,1.5,1.8,0.818,0.2,1.2,1.4,1,0.3,0,0.6,2.2
2171,Armari Carraway,CHASO,9,19.8,5.2,1.3,5.8,0.231,1.3,5.6,0.24,1.2,1.8,0.688,0.4,0.6,1,1.6,0.4,0,1.7,1.1
2172,Ben Eisendrath,HAR,14,30.3,5.2,1.7,4.9,0.353,0.1,1.9,0.077,1.6,1.7,0.958,0.3,2.1,2.4,3,1.7,0.6,1.9,2.4
2173,Niko Abusara,DART,14,16.1,5.2,2.1,4.2,0.492,0.1,0.6,0.25,0.9,1.4,0.684,0.5,1.6,2.1,1.1,1,0.5,0.4,1.4
2174,Hampton Sanders,COM,14,17.2,5.2,1.5,3.8,0.396,0.8,2,0.393,1.4,1.7,0.833,0.2,1.4,1.6,2.1,0.5,0.1,1.3,1.1
2175,Jamar Franklin,JKSNV,14,15.4,5.2,1.8,3.9,0.463,1.5,3.3,0.457,0.1,0.1,1,0.1,0.9,1.1,0.4,0.6,0,0.4,0.8
2176,Andrew Rohde,UWISC,19,26.8,5.2,1.6,5.2,0.313,1.2,4,0.303,0.7,0.9,0.778,0.4,1.5,1.9,3.5,1.2,0.2,1.1,2.1
2177,Matt Van Komen,MARSH,10,17,5.2,1.9,2.9,0.655,0,0,0,1.4,1.6,0.875,2.3,4.7,7,0.5,0.2,2,1.1,1.7
2178,Kaden Stuckey,VMI,15,19.7,5.2,1.8,4.9,0.37,0,0.5,0,1.6,2.3,0.686,2.3,2.5,4.9,0.5,0.5,0.8,1.1,3.1
2179,Matija Samar,ORST,15,17.7,5.2,1.8,5.1,0.355,1,3.3,0.3,0.6,0.7,0.9,0.2,1.5,1.7,1.3,0.3,0.1,0.4,1.4
2180,Curtis Williams III,GWU,11,17.3,5.2,1.6,3.9,0.419,0.7,2.1,0.348,1.2,1.9,0.619,0.5,1.8,2.4,0.3,0.5,0.2,0.6,2.9
2181,Bradey Henige,CALBU,18,21.1,5.2,2.2,3.5,0.619,0,0,0,0.8,1.4,0.6,2.4,3.2,5.6,0.4,0.5,0.4,1.1,2.4
2182,Seth Joba,IDAHO,18,17.6,5.2,1.8,3.8,0.478,1,2.6,0.383,0.5,0.8,0.6,0.9,2.3,3.3,0.2,0.3,0.6,0.6,2.4
2183,Jaden Schutt,VT,18,24.3,5.2,1.6,5.1,0.315,1.5,4.7,0.321,0.4,0.5,0.889,0.2,1.6,1.8,0.8,0.5,0,0.3,1.7
2184,Kendrick De Luna,CSFUL,20,18.4,5.2,1.6,3.3,0.492,0.1,0.1,1,1.9,2.6,0.745,1.3,1.2,2.4,1.1,0.7,0.8,0.7,2.6
2185,Dezdrick Lindsay,OREG,20,20.3,5.2,2,5,0.4,0.6,1.6,0.344,0.6,1.1,0.545,1.1,1.6,2.6,1.5,0.8,0.3,0.7,1.6
2186,Alex Bieliauskas,UWISC,20,19.4,5.2,1.8,4.1,0.427,0.9,2.3,0.378,0.8,1.1,0.727,1.4,2.2,3.6,0.5,0.1,0.4,0.9,2.3
2187,Trent Hundley,UE,20,19,5.2,1.6,4.2,0.369,1.2,3.3,0.348,0.9,1,0.947,0.1,1.7,1.8,0.6,0.5,0.4,0.7,1.4
2188,Enzo Boudouma,NEWOR,21,19.2,5.1,1.5,3.7,0.403,0.5,2,0.244,1.7,2.3,0.735,1.1,2.5,3.6,1,0.8,0,1,2.2
2189,C.J. Booker,SELU,21,21.3,5.1,2,4.8,0.41,0.8,1.9,0.41,0.5,0.7,0.714,0.2,1,1.2,2.2,0.4,0,0.9,1.3
2190,De'Undrae Perteete Jr.,UCR,15,28.1,5.1,1.5,5.1,0.299,0.8,3.3,0.24,1.3,1.8,0.704,0.6,2.3,2.9,2.3,1.1,0.2,1.1,2.3
2191,Stefano Faloppa,UNH,18,25.4,5.1,1.9,4.2,0.461,0.6,1.7,0.323,0.7,1.2,0.571,1.2,2.8,4,1.5,0.3,0.2,0.8,2.4
2192,Logan Imes,ND,18,24.9,5.1,2,5.6,0.356,0.8,2.7,0.286,0.3,0.6,0.6,0.7,3.1,3.8,2.2,0.6,0.2,1.6,1.7
2193,Sebastian Akins,WF,18,16.6,5.1,1.7,4.3,0.397,0.2,1.3,0.125,1.5,1.8,0.818,0.4,0.9,1.3,2,0.7,0.1,1.1,1.6
2194,Melian Martinez,LATCH,19,18.9,5.1,2.4,3.1,0.78,0,0,0,0.3,0.8,0.313,1.5,2.3,3.7,0.3,0.1,2.2,0.9,1.6
2195,Garry Clark,USU,20,14.3,5.1,2.3,3,0.75,0.1,0.3,0.2,0.6,1.3,0.423,1.3,1.4,2.7,0.5,0.2,0.4,0.6,1.9
2196,Bastien Rieber,FRSNO,20,18.9,5.1,1.4,3.2,0.422,0.6,1.5,0.4,1.8,2.5,0.735,0.6,1.1,1.7,1.8,0.3,0.1,1.2,2.7
2197,Errol White,LAMAR,22,21.7,5.1,2,4.4,0.469,0,0,0,1,1.7,0.579,1.8,2.9,4.7,0.9,0.8,0.5,1.5,2.4
2198,Khani Rooths,LVILL,14,17.6,5.1,1.8,4.1,0.431,0.4,1.6,0.227,1.1,1.9,0.593,1.4,3.6,5,0.8,0.6,0.5,0.9,1.7
2199,Torrin Andrews,COPST,14,19.6,5.1,1.5,4.1,0.362,0.9,2.7,0.316,1.2,1.6,0.739,0.5,1.1,1.6,1.6,0.4,0.1,1.5,1.2
2200,Jailen Daniel-Dalton,UCR,15,23.5,5.1,1.7,3.9,0.441,0.3,1.1,0.25,1.3,1.7,0.769,1.6,2.5,4.1,0.8,0.7,0.6,1.3,2.8
2201,Alexander Molofeev,ULM,16,21.4,5.1,1.9,4.5,0.417,0.5,1.9,0.258,0.8,1.3,0.65,0.8,1.8,2.6,1.7,1,0.1,1.5,1.4
2202,"Brennan Rigsby, Jr.",RADF,16,19.6,5.1,1.8,4.1,0.439,0.8,2.3,0.351,0.6,0.8,0.833,0.2,1.8,1.9,1.1,0.6,0.1,0.6,1.6
2203,Samuel Hincapie,MOYNE,17,16.7,5.1,1.8,4.2,0.437,0.5,1.5,0.32,0.9,1.5,0.615,0.5,2.1,2.5,0.7,0.2,0.1,0.7,1.2
2204,Paul Otieno,STLOU,18,15.9,5.1,1.8,2.9,0.615,0,0,0,1.5,2.1,0.711,1.7,2.2,3.9,1.2,0.4,0.9,0.7,2.2
2205,Allen Strothers,ETSU,18,22.4,5.1,1.9,3.9,0.493,0.3,0.9,0.375,0.8,1.1,0.789,0.4,1.8,2.2,2.6,1.2,0.1,1.1,2.1
2206,DeWayne Brown II,TENN,18,16.9,5.1,2.2,3.9,0.549,0,0,0,0.7,1.3,0.565,1.7,2.1,3.8,1.1,0.4,0.6,0.8,1.9
2207,Filip Petkovski,UTM,18,25,5.1,1.8,4.5,0.395,1,3.3,0.305,0.5,1,0.5,0.6,1.9,2.6,2.2,0.6,0.1,1.6,1.9
2208,Nestor Dyachok,UNF,18,17.7,5.1,1.8,3.4,0.516,0.1,0.6,0.1,1.4,2.2,0.667,1.1,1.7,2.8,1.1,0.2,0.2,0.8,2.7
2209,Ryan Agarwal,STAN,18,21.4,5.1,1.8,5.5,0.323,1.1,3.4,0.328,0.4,0.7,0.583,0.5,3.1,3.6,0.8,0.4,0.2,1,1.6
2210,Yaniel Rivera,ACU,18,24.2,5.1,1.7,5.8,0.295,1.2,3.8,0.304,0.4,1.1,0.421,0.3,1.2,1.4,2.2,0.9,0.2,1.5,1.2
2211,Uriyah Rojas,UWYOM,20,16.9,5.1,1.6,5.1,0.304,0.7,2.9,0.224,1.3,1.6,0.813,0.4,1.4,1.8,1.8,0.4,0.1,0.7,1
2212,Nadjrick Peat,CCU,18,26.1,5,1.6,2.3,0.707,0,0,0,1.8,2.7,0.653,2.1,4.7,6.8,0.1,0.3,1.9,1.2,2.4
2213,Randy Brady,USA,18,26.3,5,1.5,3.5,0.429,0.5,1.8,0.273,1.5,2.4,0.614,0.9,4.4,5.3,2.1,1.5,0.3,1.1,2.9
2214,Godslove Nwabuded,EMICH,17,20.3,5,2.2,3.4,0.667,0,0,0,0.5,1.1,0.5,1.8,3.7,5.5,0.3,0.6,1.7,0.5,3.4
2215,Terrion Murdix,WKU,17,24.8,5,1.6,5.2,0.315,0.2,0.5,0.375,1.5,1.9,0.813,1.2,2.4,3.6,4.5,2.1,0.1,1.7,2.5
2216,Tyson Commander,L-MD,18,26.4,5,1.8,3.7,0.5,0.8,1.8,0.438,0.6,0.7,0.769,1.3,1.8,3.1,1.1,0.6,0.4,1.1,2.2
2217,Xander Pintelon,FAU,18,17.2,5,1.7,4.6,0.366,0.9,2.9,0.302,0.8,0.9,0.824,0.7,2.6,3.3,0.8,0.6,0.6,0.8,2.1
2218,Jacob Crews,MZZOU,18,18.9,5,1.3,3.6,0.375,0.9,2.7,0.354,1.4,1.7,0.833,1.1,2,3.1,0.2,0.1,0.1,0.4,1.4
2219,Duncan Powell,PROV,17,17.2,5,1.7,4.2,0.408,1.1,3.1,0.34,0.5,1.1,0.5,0.8,2.2,2.9,0.6,0.3,0.4,0.7,1.7
2220,Vincent Brady II,HP,16,17.2,5,1.7,4.9,0.346,0.8,3,0.25,0.9,1.1,0.824,0.4,1.4,1.9,1.3,0.9,0.1,0.6,2.4
2221,Eren Banks,APPST,16,22.8,5,1.9,5.2,0.373,0.8,3.3,0.25,0.3,0.8,0.417,0.4,1.8,2.2,1.2,0.4,0.1,1,1.8
2222,Kade Douglas,TARST,18,15.6,5,1.7,4.1,0.419,0.7,2.2,0.333,0.8,0.9,0.882,0.2,1.2,1.4,0.6,0.4,0,1.1,1.3
2223,Mookie Cook,SANFR,10,17.5,5,1.5,4.6,0.326,0.5,1.7,0.294,1.5,1.9,0.789,0.7,2.8,3.5,0.7,0.3,0.6,1.6,1.9
2224,Ja'Quavian Florence,TNTCH,17,16.1,5,1.8,5.6,0.316,0.5,1.7,0.276,1,1.1,0.895,0.5,1.5,1.9,0.9,0.6,0.2,1.5,1.4
2225,Nasir Muhammad,ALBNY,2,14,5,2,6,0.333,0.5,4,0.125,0.5,1,0.5,0,0.5,0.5,1,0.5,0,1,0.5
2226,Darius Duffy,IPFW,20,21.9,5,2.3,3.1,0.738,0,0,0,0.5,1.6,0.281,2.5,1.8,4.2,0.6,0.8,0.6,0.5,2.1
2227,Clayton Jackson-Hudson,LIND,20,23.5,5,1.6,5,0.313,0.5,1.9,0.237,1.4,1.8,0.8,0.5,2.4,2.9,2.1,0.2,0.1,1.4,1.6
2228,Milos Ilic,Cal,18,20.6,4.9,1.7,2.9,0.585,0.1,0.3,0.333,1.4,1.6,0.862,1.4,3.6,5,1.6,0.6,0.3,1,3.4
2229,Tunde Durodola,TEM,18,20.7,4.9,1.6,2.7,0.571,0,0,0,1.8,2.3,0.805,1.3,2.4,3.7,1.6,0.4,0.4,0.9,3.5
2230,Joseph Venzant,ACU,18,26.8,4.9,1.3,2.9,0.453,0.3,0.8,0.4,1.9,2.3,0.854,1.1,2.2,3.3,0.7,2,0.3,1.1,3.3
2231,Christian Gamble,MC,18,23.1,4.9,1.7,4.3,0.397,0.8,2.6,0.304,0.7,0.9,0.813,0.1,1.3,1.4,1.8,0.8,0.1,0.6,1.5
2232,Kendyl Sanders,U of U,18,20.3,4.9,1.8,3.9,0.457,1,2.3,0.439,0.4,0.6,0.636,0.4,2,2.4,0.6,0.6,0.1,0.6,2.3
2233,Sergej Macura,MISST,17,19.2,4.9,2,3.5,0.567,0.2,0.7,0.25,0.8,1.4,0.542,1.4,3.3,4.7,0.6,0.4,0.1,0.5,1
2234,Max Burton,WMY,17,24.2,4.9,2.1,4.4,0.467,0,0.1,0,0.8,1.3,0.636,1.7,2.9,4.6,1.2,0.1,0.5,1.1,2.2
2235,Noah Taitz,UVU,14,20.4,4.9,1.4,4.2,0.339,0.9,2.8,0.333,1.1,1.6,0.727,0.2,1.6,1.8,1.1,0.6,0.1,0.9,1.1
2236,Cale Jacobsen,UNL,20,20.3,4.9,1.9,3.5,0.529,0.6,1.4,0.407,0.7,1.1,0.619,0.4,2.3,2.7,1.3,1.1,0.3,0.6,1.8
2237,Isaiah Walker,XAV,19,19,4.9,1.8,3.7,0.5,0.8,1.9,0.444,0.4,0.4,1,0.9,1.9,2.8,0.9,0.5,0.1,0.3,1.4
2238,Maleek Arington,SEA,18,31.5,4.9,1.1,4,0.264,0.6,1.9,0.314,2.2,2.8,0.765,0.8,2.1,2.9,3.4,2.1,0.1,1.2,2.3
2239,Nate Heise,IWAST,18,25.2,4.9,1.9,4.3,0.436,0.8,2.4,0.349,0.3,0.4,0.625,0.7,3.7,4.4,1.5,1.1,0.1,0.4,1.6
2240,Keziah Ekissi,ORST,18,17.7,4.9,1.5,4,0.375,0.6,1.9,0.324,1.3,2,0.639,0.4,1.3,1.7,1.9,0.5,0,0.9,1.3
2241,Myles Stute,SOCAR,16,24.1,4.9,1.7,4.9,0.346,1.2,3.8,0.317,0.3,0.7,0.455,0.7,2.8,3.5,0.6,0.6,0.3,0.7,1.8
2242,Zion Wilburn,SAMF,16,17.6,4.9,1.4,3.2,0.431,0.4,1.5,0.292,1.7,2.6,0.659,0.7,1.4,2.1,1.1,0.4,0.3,0.8,2.4
2243,Ethan Kizer,SODAK,16,17.2,4.9,1.4,3.9,0.371,1.4,3.8,0.377,0.6,1.3,0.45,0.1,1.9,1.9,0.2,0.4,0.1,0.3,1.1
2244,My'kel Jenkins,NORF,14,17.7,4.9,1.6,4.4,0.355,0.7,2,0.357,1,1.4,0.737,0.6,2.4,3.1,0.9,1.4,0.4,1,1.6
2245,Jordan Leaks,NORF,14,21,4.9,1.6,4.1,0.404,0.9,2.8,0.308,0.7,1.6,0.455,0.5,2,2.5,1.2,1.1,0.1,0.9,2
2246,Brandon Hall,DUQ,14,25.2,4.9,1.8,4.4,0.41,0.8,2.3,0.344,0.5,1.1,0.467,0.5,1.4,1.9,1.1,0.9,0.3,1.1,1.9
2247,Jake Davis,POLY,20,19.4,4.9,1.7,4.7,0.355,0.9,3,0.305,0.7,0.8,0.813,0.9,2.2,3.1,1.7,1,0.1,1.2,2.2
2248,Alex Kazanecki,DEL,20,31.9,4.9,1.6,3.8,0.408,1.3,3.3,0.385,0.5,0.7,0.714,0.2,2.4,2.5,0.6,0.6,0.3,0.7,1.4
2249,GiCarri Harris,PURD,20,15.3,4.9,1.5,3.6,0.417,0.9,2.5,0.36,1,1.1,0.864,0.2,1,1.2,0.8,0.9,0.1,0.3,1.3
2250,Cameron Faas,FRSNO,20,17.5,4.9,1.7,4.3,0.395,1.3,3.3,0.4,0.2,0.2,0.75,0.3,2,2.3,0.4,0.5,0.1,0.3,1.9
2251,Christian Jones,SIENA,20,17.8,4.9,1.5,4.4,0.333,1.1,3,0.367,0.9,0.9,0.944,0.2,0.8,1,1.2,0.5,0,0.8,1.1
2252,Noah Barnett,UVM,13,21.1,4.8,1.9,3.3,0.581,0,0.1,0,1,2,0.5,1.8,1.2,3,0.5,0.8,0.6,0.4,2.8
2253,Cam Polak,YSU,19,15.7,4.8,1.4,3.7,0.386,1.2,3.1,0.379,0.8,1,0.842,0.5,0.8,1.3,0.7,0.4,0,1.2,0.9
2254,Ken Chime,UWG,18,19.3,4.8,2.1,3.6,0.594,0,0,0,0.6,1.6,0.379,2.3,3.2,5.5,0.3,0.8,1.3,0.7,2.9
2255,Jadon Jones,OKLA,18,19.3,4.8,1.5,4,0.375,1.2,3.2,0.362,0.7,1.1,0.6,0.4,2.8,3.2,0.5,1.3,0.9,0.5,2.2
2256,Wilson Dubinsky,MARSH,18,17.7,4.8,1.6,4.1,0.378,1.3,3.1,0.411,0.4,0.7,0.615,1.2,2.2,3.3,1.3,0.4,0,0.3,1.4
2257,Anthony Finkley,STJOE,18,17.7,4.8,1.3,4,0.319,0.9,2.8,0.34,1.3,1.7,0.774,0.8,2.4,3.2,1.6,0.2,0.3,1.5,1.4
2258,Victor Okojie,UML,16,18.2,4.8,1.7,4.8,0.355,0.5,1.9,0.267,0.9,1.7,0.556,1.4,3.9,5.3,0.8,0.6,0.4,1.1,2.7
2259,Sencire Harris,CINCY,16,16.3,4.8,1.7,5,0.338,0.2,1.3,0.143,1.3,1.9,0.667,0.9,1.8,2.7,1.7,1.1,0.1,0.6,2.1
2260,Jon Sanders II,EMICH,15,14.2,4.8,1.3,3.6,0.352,0.7,2.4,0.278,1.6,1.9,0.828,0.1,0.9,1,0.9,0.5,0,1,1.1
2261,Straton Rogers,EWASH,18,20.3,4.8,2.1,3.3,0.627,0,0.1,0,0.7,1.3,0.522,1.3,2.8,4.1,1.1,0.8,0.2,0.3,2.6
2262,Nikolas Khamenia,DUKE,18,16.6,4.8,1.6,3.6,0.446,0.7,2.2,0.3,0.9,1.2,0.727,0.6,1.8,2.4,0.7,0.7,0.1,0.5,1.7
2263,Alon Michaeli,COLO,18,16.2,4.8,1.8,5.6,0.317,0.5,2,0.25,0.7,1.2,0.591,0.8,2.7,3.5,1.1,0.7,0.2,1,1.5
2264,Kaia Isaac,TARST,18,24.1,4.8,1.6,4.2,0.373,0.7,2.2,0.325,0.9,1,0.944,0.2,1.4,1.6,0.9,1,0.1,1.4,1.3
2265,Gabe Kincy,AAMU,9,18.7,4.8,1.1,2.8,0.4,0.4,1,0.444,2.1,2.9,0.731,0.8,1.7,2.4,0.7,0.6,0.1,1.2,2
2266,Iaroslav Niagu,JKSNV,20,21.8,4.8,1.8,3.5,0.507,0,0,0,1.3,1.8,0.714,1.6,4.1,5.7,1.3,0.3,1.4,1.3,2
2267,Stephan Snagg,BNGH,16,22.6,4.8,2,3.2,0.627,0,0,0,0.8,1.4,0.545,0.8,2,2.8,0.4,0.4,0.3,0.4,2.9
2268,Chris Arias,JAC,16,14,4.8,1.6,3.6,0.456,0.6,1.9,0.323,0.9,1.1,0.824,0.4,1.6,2,0.6,0.4,0.2,0.7,0.9
2269,Keeshawn Mason,PVAMU,12,18,4.8,1.5,3.6,0.419,0.2,0.6,0.286,1.6,2.3,0.704,1.1,1.5,2.6,0.3,0.5,0.5,0.4,3.2
2270,Eze Wali,CTDL,18,26.4,4.7,1.4,4.7,0.306,0.7,2.6,0.261,1.2,1.8,0.636,0.3,2.7,3,2.4,0.9,0.3,1.3,2.1
2271,Chas Kelley III,GT,18,19.5,4.7,1.7,4.5,0.383,1.1,3.1,0.364,0.2,0.3,0.6,0.3,1.1,1.4,1.6,0.4,0.1,0.8,1.9
2272,Malcolm Wrisby-Jefferson,BRWN,14,24.4,4.7,2,4.9,0.412,0.4,1.4,0.25,0.4,0.6,0.625,0.2,3.8,4,2.7,1.3,0.1,1.9,2.1
2273,"Shawn Jones, Jr.",MISST,17,23.8,4.7,1.8,4.1,0.435,0.8,2,0.382,0.4,0.6,0.7,0.7,2.4,3.1,1.1,1,0.5,0.6,2.1
2274,Nick Coval,DAV,17,18.2,4.7,1.6,3.9,0.424,0.6,2.4,0.275,0.8,1,0.765,0.1,0.9,0.9,1.9,0.4,0.1,1,1.6
2275,Kaleb Brown,RMU,20,22,4.7,1.7,4.1,0.407,0.8,2.5,0.306,0.7,1.1,0.619,0.7,2.1,2.8,2.8,0.7,0.3,1.4,2.3
2276,Sheridan Sharp,USI,20,17.8,4.7,1.4,4.6,0.293,0.2,0.6,0.273,1.9,3.1,0.607,0.5,1.7,2.1,2.2,1.1,0.4,1.2,1.3
2277,Logan Woods,WRST,20,16.5,4.7,1.7,3.9,0.429,0.7,2.2,0.318,0.7,1,0.737,0.4,1,1.3,1.1,0.2,0.1,0.8,0.9
2278,Chudi Dioramma,ARKST,13,13.9,4.7,1.8,3,0.59,0,0,0,1.2,1.8,0.625,1.4,2.7,4.1,0.6,0.2,0.5,0.5,1.9
2279,Ashton Hardaway,MEMP,13,17.8,4.7,1.7,4.3,0.393,0.8,2.3,0.367,0.5,0.7,0.667,0.6,1.8,2.4,1.4,0.6,0.8,1,1.5
2280,Kaleb Banks,DEP,19,14.9,4.7,1.6,3.7,0.429,0.5,1.7,0.313,1,1.3,0.792,0.9,1.6,2.6,0.2,0.2,0.3,0.4,1.7
2281,"Marcus Fitzgerald, Jr.",JKSNV,19,19.1,4.7,1.6,4.2,0.388,1,2.7,0.365,0.4,0.5,0.8,0.3,1.4,1.6,0.9,0.6,0.1,0.7,1.5
2282,Josh Taylor,TAMUC,22,16,4.7,1.9,3.7,0.512,0.2,0.7,0.333,0.6,1.1,0.56,1.5,2,3.4,0.9,0.3,0.6,1.1,1.5
2283,Jaiden Lawrence,SELU,22,19.4,4.7,1.6,4.1,0.385,1,3,0.343,0.5,0.6,0.769,0.6,1.3,1.9,0.4,0.6,0,0.5,1.9
2284,Jafeth Martinez,USCU,15,19.2,4.7,1.7,2.6,0.641,0,0,0,1.3,2.1,0.645,2,3.2,5.2,0.1,0.1,1.6,0.5,3.3
2285,Ezra McKenna,BUFF,18,14.4,4.7,1.8,3,0.593,0.8,1.5,0.519,0.3,0.6,0.6,0.7,2.3,3,0.9,0.2,0.2,0.8,1.3
2286,Jack Turner,ORU,9,21.4,4.7,1.8,5.1,0.348,0.8,3.1,0.25,0.3,0.4,0.75,0.8,1.6,2.3,1.6,0.1,0,0.7,2.3
2287,Christian Watson,HMPTN,12,16,4.7,1.8,4.5,0.407,0.4,1.7,0.25,0.6,0.8,0.7,0.8,0.9,1.7,0.7,0.3,0,0.8,1.5
2288,Naz Fisher,EIU,20,17.4,4.7,1.8,3.2,0.547,0,0,0,1.2,1.6,0.719,2.4,2.5,4.9,0.5,0.3,0.6,1.1,2.9
2289,Jacob Bannarbie,UNLV,20,15.7,4.7,1.6,3.3,0.477,0.1,0.1,0.5,1.5,2.4,0.625,1.5,2.8,4.2,1,0.4,0.2,1.2,2.3
2290,Terrance Arceneaux,NCST,17,18.2,4.6,1.8,3.9,0.455,0.6,1.8,0.367,0.5,0.5,0.889,0.6,2.6,3.3,0.5,1.1,0.4,0.4,0.9
2291,"Sadiq White, Jr.",SYRA,17,11.2,4.6,2.1,3.6,0.581,0.2,0.5,0.444,0.2,0.4,0.5,0.8,1.4,2.2,0.2,0.4,0.5,0.5,2.3
2292,Augie Gerhart,PENN,14,17.8,4.6,1.9,2.9,0.659,0,0,0,0.8,1.4,0.55,2.1,1.9,3.9,1,0.3,0.7,0.9,2.4
2293,Dalton Scantlebury,PENN,14,14.5,4.6,1.5,3.9,0.382,0,0,0,1.6,2.5,0.657,1.6,1.7,3.4,0.6,0.7,0.6,0.9,1.7
2294,Jerald Colonel,SFA,22,24.3,4.6,1.8,3.8,0.482,0,0,0,1,1.8,0.564,3.1,4.2,7.3,0.9,0.8,2,0.7,2.5
2295,Eli Chol,UCI,11,17.3,4.6,1.7,3.4,0.514,0.5,1.3,0.357,0.7,1.7,0.421,0.8,2,2.8,0.7,0.4,0.8,0.4,1.6
2296,Emmett Marquardt,EWASH,16,13.7,4.6,1.8,3.9,0.444,0.6,1.8,0.345,0.5,0.5,1,0.7,2.1,2.8,0.6,0.4,0.6,0.6,1.4
2297,Isaiah Skinner,USCU,16,22.8,4.6,1.6,4.9,0.329,0.9,3.5,0.268,0.4,0.5,0.875,0.6,2.7,3.3,1.4,1.2,0.4,1.3,2.4
2298,Love Bettis,UIW,21,18.4,4.6,1.9,4.5,0.421,0.4,1.4,0.267,0.4,0.5,0.818,0.2,0.4,0.7,1,0.4,0,0.9,2.2
2299,David Rochester,BRWN,13,22.1,4.6,1.5,4.3,0.357,0.3,1.2,0.25,1.2,1.7,0.727,0.9,2.3,3.2,1.5,0.7,0.4,0.8,3.4
2300,X'Zaevion Barnett,MVSU,18,29.3,4.6,1.2,3.4,0.355,0.2,0.6,0.3,2,3.4,0.581,0.8,3.4,4.2,2.7,1.2,0.2,1.6,2.4
2301,Truman Byrne,UCA,18,16.4,4.6,1.5,3.2,0.466,1.1,2.6,0.404,0.6,0.7,0.833,0.8,1.4,2.3,2.3,0.2,0,0.9,1.2
2302,Jakob Blakley,MOYNE,18,16.6,4.6,1.5,3.8,0.397,0.8,2.5,0.311,0.8,1,0.833,0.4,1.1,1.4,0.6,0.1,0,0.5,1.2
2303,Myles Rigsby,TULSA,15,16.7,4.6,1.6,3,0.533,0.4,1.1,0.353,1,1,1,0.5,0.9,1.4,0.9,0.7,0.3,0.7,1.1
2304,Goanar Biliew,WIU,20,19.2,4.6,1.6,4.1,0.383,0.3,0.8,0.375,1.2,2.3,0.522,1.3,1.2,2.5,0.2,0.4,0.3,0.8,1.4
2305,Jonathan Beagle,RICH,10,13.5,4.6,1.9,3.5,0.543,0,0.1,0,0.8,1.7,0.471,1,2.4,3.4,1.4,0.5,0.2,1.3,2
2306,Trey Parker,SETON,19,15.4,4.6,1.6,4.2,0.388,0.2,1.1,0.143,1.2,1.5,0.759,0.7,1.9,2.6,1.4,0.8,0.3,1.2,1.4
2307,Tay Mosher,TAMUC,19,18.9,4.6,1.6,4.7,0.337,1.1,3.7,0.296,0.3,0.5,0.6,0.3,1.9,2.3,1.3,0.4,0.1,0.4,2
2308,Jonathan Powell,UNC,18,15.1,4.6,1.6,3.7,0.424,1.1,2.6,0.435,0.3,0.6,0.545,0.4,2.2,2.6,0.6,0.4,0,0.3,1.1
2309,Kade Sebastian,AMERU,18,20.5,4.6,1.4,3.8,0.377,1,2.8,0.353,0.7,0.9,0.75,0.9,1.9,2.8,0.7,0.8,0.1,0.4,2.3
2310,Hassan Washington,NIU,18,18.3,4.6,1.9,3.3,0.576,0,0.2,0,0.8,1.8,0.424,1.6,2.4,4,0.7,0.2,0.1,1.9,2.7
2311,Grayson Grove,MINN,20,22.6,4.6,2,3.4,0.574,0.3,0.9,0.294,0.4,1.3,0.32,1,2.3,3.3,1.9,1.2,0.7,0.5,2.5
2312,Efeosa Oliogu-Elabor,BTLR,20,16.6,4.6,1.7,4,0.413,0.1,0.9,0.118,1.2,1.8,0.639,0.7,1.3,1.9,2.1,0.9,0.2,1.5,1.5
2313,Kavon Bradford,NAU,15,11.7,4.5,1.5,3.3,0.449,0.1,0.5,0.286,1.5,2.1,0.688,0.2,0.9,1.1,0.7,0.5,0.1,1.1,1.5
2314,Ocypher Owens,TARST,17,19.4,4.5,1.5,4.2,0.347,0.4,1.2,0.286,1.2,1.8,0.7,1.4,2.4,3.7,0.8,1.1,0.6,1.3,2.4
2315,Cale Barclay,SUU,17,13.4,4.5,1.4,3.3,0.429,0.1,1,0.118,1.6,2.1,0.771,0.8,1.4,2.1,0.8,0.2,0,1.4,2.3
2316,Shadrak Lasu,LIU,16,24.8,4.5,1.8,3.2,0.549,0.3,0.4,0.714,0.7,1.1,0.611,2.6,3.6,6.2,0.6,0.4,1.8,0.9,2.8
2317,Aidan Shaw,BOS,18,24.3,4.5,1.7,3,0.556,0.1,0.4,0.143,1.1,1.9,0.571,1.6,3.7,5.3,0.5,0.7,1,0.9,2.7
2318,Raymond Espinal-Guzman,STONE,18,22,4.5,1.7,4.9,0.341,0.4,2,0.222,0.7,1.1,0.684,1.2,2.6,3.8,1.1,0.1,0.7,0.9,1.7
2319,Salim London,UAB,18,20.9,4.5,1.3,4.6,0.28,0.4,1.8,0.212,1.6,1.7,0.933,0.4,2.1,2.5,1.3,0.7,0.3,0.4,1
2320,Spencer Elliott,CHAR,18,17.1,4.5,1.8,3.8,0.464,0.2,1,0.222,0.7,1.7,0.433,0.9,2.1,3,0.6,0.4,0.8,0.8,2.1
2321,Nick Pringle,ARK,18,17.4,4.5,1.7,2.3,0.738,0,0,0,1.1,1.9,0.559,1.4,1.4,2.9,0.4,0.2,0.4,1,3.2
2322,Ryan Soulis,COM,12,18.6,4.5,1.9,4.7,0.411,0,0.9,0,0.7,1.2,0.571,1.1,2.8,3.8,1.5,0.5,0.7,1.3,2.3
2323,Kaden Rickard,KENN,20,18.1,4.5,1.5,4,0.38,0.6,1.5,0.414,0.9,1.8,0.486,0.9,1.7,2.5,1.9,0.8,0.4,1.6,2.5
2324,Elijah Perkins,STPC,18,26.3,4.4,1.7,4.2,0.395,0,0.3,0,1.1,1.8,0.606,1.2,2.3,3.4,1.8,1.2,0.3,0.7,2.3
2325,Josiah Sanders,COLO,18,18.3,4.4,1.8,3.7,0.493,0.1,0.7,0.154,0.7,1.2,0.571,1,1.3,2.3,2.1,0.4,0,0.8,1.2
2326,Hantz Louis-Jeune,USA,18,27.1,4.4,1.6,4.7,0.329,0.9,3.5,0.254,0.4,0.6,0.727,0.4,2.9,3.3,0.7,0.8,0.3,0.3,1.6
2327,Alex Doyle,STET,18,16.5,4.4,1.6,3.8,0.412,1.1,3,0.37,0.2,0.3,0.667,0.6,1.6,2.2,0.9,0.2,0.2,0.8,0.8
2328,"Marcus Rigsby, Jr.",UTA,18,16.9,4.4,1.4,3.9,0.371,0.6,2.2,0.275,0.9,1.4,0.68,0.4,1.4,1.8,0.4,0.3,0.3,1.1,1.5
2329,Tybo Bailey,ECAR,7,19.3,4.4,1.1,5.7,0.2,0.7,3.3,0.217,1.4,2.1,0.667,0.4,1,1.4,0.7,0.6,0,0.7,1.6
2330,Foster Wonders,CLEST,19,21.5,4.4,1.5,4.1,0.377,1,3.3,0.306,0.4,0.4,0.875,0.2,1.3,1.5,0.8,0.4,0,0.3,1.3
2331,Maliq Brown,DUKE,18,21.6,4.4,1.9,3.7,0.53,0.2,1.1,0.2,0.3,0.7,0.385,1.9,3.3,5.2,2.4,2.3,0.5,0.9,2.9
2332,Caleb Embeya,TOWS,18,23.8,4.4,1.5,3,0.5,0,0,0,1.4,2.3,0.595,2.9,3.2,6.1,0.4,0.8,0.7,1,2.8
2333,Preston Copeland,BLLST,18,20.7,4.4,1.9,2.9,0.642,0,0,0,0.6,1.7,0.367,1.6,2.6,4.2,0.2,0.4,0.7,0.7,2.6
2334,Kelcy Phipps,PORTL,18,17.6,4.4,1.6,3.2,0.509,0.7,1.6,0.429,0.5,0.9,0.563,0.2,1.7,1.9,1,1.1,0.1,0.7,2.2
2335,Alex Crawford,URI,18,19.5,4.4,1.6,4.4,0.35,0.5,2.1,0.243,0.8,1.6,0.5,1,1.6,2.6,0.1,0.6,0.7,1.1,2.5
2336,Caleb Crawford,MAINE,16,22.8,4.4,1.3,4.3,0.29,0.4,1.8,0.241,1.4,2.2,0.657,0.3,1,1.3,2.6,1,0.1,0.9,1.3
2337,Isaiah Abraham,GTOWN,19,20.4,4.4,1.4,4.1,0.338,0.7,2.3,0.326,0.9,1.2,0.773,1.2,1.6,2.8,0.8,0.3,0.3,0.6,2.2
2338,C.J. Happy,PRIN,11,16.3,4.4,1.7,4.9,0.352,0.6,2.3,0.28,0.3,0.5,0.6,0.7,1.2,1.9,1.3,0.3,0.2,0.7,2
2339,Brit Harris,FIU,20,18.4,4.4,1.5,4.2,0.357,0.7,2.7,0.264,0.7,1,0.65,0.3,2.4,2.6,1.3,1.1,0.1,0.9,1.2
2340,Aidan Burke,UCSD,20,19.2,4.4,1.7,3.9,0.423,0.6,2.6,0.235,0.5,0.6,0.75,0.6,1.6,2.2,1,0.8,0.3,0.6,2.3
2341,Nate Brafford,CHASO,16,20,4.3,1.5,3.1,0.48,1.1,2.3,0.459,0.3,0.5,0.5,0.9,2,2.9,1.2,0.4,0.4,0.6,2.6
2342,Mathis Courbon,MRRY,20,15.2,4.3,1.2,2.9,0.414,0.6,1.4,0.444,1.3,1.6,0.813,0.4,1.7,2.1,1.2,0.4,0.2,0.7,1.1
2343,Devin Tillis,UVA,17,16.8,4.3,1.4,4.1,0.343,0.9,2.5,0.357,0.6,0.7,0.833,0.7,2.1,2.8,1.3,0.2,0,0.8,1.5
2344,Ademar Santos,DESU,7,13.7,4.3,1.1,3.9,0.296,0.6,2.3,0.25,1.4,1.7,0.833,0.1,1.4,1.6,0.3,0.1,0.4,0.7,1.1
2345,Jamarion Davis-Fleming,MISST,18,20.8,4.3,1.7,2.4,0.721,0,0,0,0.8,2.4,0.341,2.2,3.2,5.3,0.6,0.3,1.4,0.7,2.7
2346,Jaion Pitt,PACI,18,17.8,4.3,1.8,2.9,0.615,0.1,0.2,0.667,0.6,1.1,0.579,1.5,2.5,4,0.3,0.8,0.2,0.4,1.8
2347,Dre Kindell,WICHI,18,15.4,4.3,1.2,3.3,0.373,0.3,0.9,0.313,1.6,2.1,0.757,0.4,0.9,1.3,1.7,0.7,0.1,0.9,1.8
2348,"Anquan Boldin, Jr.",FAMU,11,13,4.3,1.7,2.8,0.613,0,0.4,0,0.8,1.5,0.563,0.4,1.5,1.8,0.5,0.5,0.2,1,0.7
2349,Kezza Giffa,MISS,11,13.5,4.3,0.8,2.5,0.333,0.5,1.4,0.333,2.2,2.5,0.857,0.2,1.4,1.5,1.4,0.2,0.2,0.9,1.1
2350,A.J. Swinton,FLAST,15,16.9,4.3,1.5,3.6,0.426,0.9,2.5,0.351,0.3,0.7,0.455,0.4,1.4,1.8,0.4,0.8,0.5,0.5,1.4
2351,Cal Furnish,ORU,16,20.5,4.3,1.4,3.1,0.46,0.6,1.8,0.345,0.8,1.1,0.667,0.7,2.3,2.9,1.8,0.7,0.1,1.1,2.2
2352,Isaia Howard,IOWA,20,18.6,4.3,1.7,4.5,0.367,0.4,1.6,0.25,0.6,0.7,0.786,0.8,2,2.8,1.1,0.9,0.3,0.6,2.5
2353,John Kelly,NJIT,16,14.6,4.3,1.2,2.8,0.422,0.3,0.9,0.357,1.6,2.1,0.758,1.1,1.4,2.6,0.5,0.4,0.1,0.4,1.8
2354,Aginaldo Neto,BOISE,20,19.8,4.3,1.3,3.5,0.357,0.5,1.6,0.323,1.3,1.6,0.781,0.2,1.3,1.5,2.2,0.4,0.1,1.5,2.2
2355,Kieran Elliott,POLY,8,14.9,4.3,1.5,2.6,0.571,0.1,0.6,0.2,1.1,1.5,0.75,0.8,0.9,1.6,0.3,0.4,0.1,0.3,0.9
2356,Matt Enright,APSU,12,13.7,4.3,1.4,3.8,0.378,1.1,3.2,0.342,0.3,0.4,0.8,0,0.7,0.7,0.5,0.5,0,0.2,1.4
2357,Anthony Enoh,GAST,18,22.6,4.2,1.2,3.9,0.31,0.2,1.1,0.15,1.6,2.3,0.707,1.7,3.1,4.7,0.7,0.5,0.8,0.6,1.8
2358,Hunter Adam,DAV,18,15.2,4.2,1.5,3.3,0.45,0.6,2.1,0.297,0.6,0.9,0.647,0.5,2,2.5,0.9,0.4,0.1,0.4,1.4
2359,Simeon Wilcher,TEXAS,18,18.8,4.2,1.4,4.3,0.325,0.7,2.2,0.3,0.8,0.9,0.875,0.2,1.2,1.4,2.1,0.7,0.1,1.1,2.2
2360,Halon Rawlins,FAIR,19,19.7,4.2,1.5,4.5,0.341,0.5,2.1,0.256,0.6,0.9,0.667,1.7,1.4,3.1,1.2,0.7,0.7,0.9,2.5
2361,Mason Miller,MRRY,19,23.3,4.2,1.3,3.9,0.32,1,3.3,0.302,0.7,0.8,0.813,0.9,2.6,3.5,0.3,0.4,0.3,0.4,1.7
2362,Esyah Pippa-White,UWM,20,17.9,4.2,1.3,4.3,0.294,0.6,2.4,0.25,1.1,1.9,0.579,0.2,1.7,1.9,2.4,0.4,0.1,1.2,1.3
2363,Wesley Celichowski,AF,20,21.5,4.2,1.6,4.1,0.378,0.4,2.1,0.195,0.7,1.1,0.667,0.4,1.8,2.2,1.5,0.4,0.5,1.1,2.5
2364,Jayden Ross,UConn,18,15.2,4.2,1.5,2.8,0.54,0.5,1.6,0.31,0.7,0.9,0.706,0.7,1.6,2.2,0.8,0.6,0.5,0.7,1.4
2365,Nick Mullen,CMU,18,17.5,4.2,1.6,3.4,0.475,0.2,0.9,0.176,0.8,1.3,0.609,0.8,2.6,3.3,0.7,0.4,0.7,0.8,2
2366,Romad Dean,TULSA,18,13.7,4.2,1.5,2.8,0.529,0.6,1.7,0.333,0.6,0.6,1,1,1.6,2.6,0.2,0.3,0.1,0.2,1.2
2367,Louis Hutchinson,AAMU,18,15.9,4.2,1.4,3.3,0.417,0.7,2.1,0.316,0.7,0.8,0.867,0.6,0.9,1.4,0.5,0.2,0.1,0.4,1.5
2368,Cam Ward,MCHST,19,15.1,4.2,1.7,3,0.579,0,0.1,0,0.7,1.1,0.619,1.1,3.2,4.3,0.3,0.4,0.6,0.9,2.2
2369,Zae Blake,UTRGV,21,17.3,4.1,1.4,4,0.345,0.7,2.6,0.278,0.7,1,0.7,0.6,2,2.7,1,0.5,0.1,1,1.6
2370,Justin Monden,UMES,14,20.6,4.1,1.4,4.2,0.322,0.5,2,0.25,0.9,1.2,0.765,0.4,0.6,1,1.4,0.9,0,1.4,2.3
2371,Matheo Coffi,UTSA,18,20,4.1,1.6,3.3,0.475,0.7,1.6,0.414,0.3,0.6,0.545,1.5,3.2,4.7,0.8,0.3,0.8,1,2.1
2372,Harlan Obioha,WVU,18,19.6,4.1,1.4,2.7,0.51,0.1,0.1,1,1.3,2.4,0.523,1.7,2.2,3.9,0.6,0.3,0.5,0.7,2.2
2373,Raevon Thomas,JKSN,18,19.1,4.1,1.6,2.8,0.56,0.4,0.9,0.412,0.6,1.2,0.524,1.3,2.3,3.7,0.4,0.2,0.6,0.9,1.8
2374,Braden Housley,UVU,18,27.2,4.1,1.3,3.7,0.348,0.5,1.7,0.29,1.1,2.1,0.5,0.5,2.3,2.8,3.1,1.2,0.1,1.9,2.8
2375,Tyler Isaak,MONT,18,19.1,4.1,1.3,3.2,0.397,0.7,1.8,0.375,0.9,0.9,0.941,0.2,1.6,1.8,1.2,0.3,0.1,0.7,1.3
2376,Harrison Beauchamp,UCA,18,16.4,4.1,1.4,3.5,0.397,0.8,2.4,0.341,0.5,0.6,0.9,0.6,1.1,1.6,1.1,0.3,0.1,0.6,0.9
2377,Maison Adeleye,UNH,18,14.8,4.1,1.2,3.1,0.4,0.5,1.6,0.321,1.2,1.6,0.75,0.3,1.8,2.2,0.8,0.6,0.1,0.7,1.7
2378,Kajus Kublickas,PACI,18,16.3,4.1,1.3,3.9,0.343,0.4,1.5,0.259,1.1,1.6,0.679,0.2,1.9,2.1,2.6,0.2,0,1.6,1.8
2379,Ryan Richardson,BNGH,9,22.4,4.1,1.4,4.4,0.325,0.9,2.4,0.364,0.3,0.9,0.375,0.1,1.7,1.8,1.2,0.4,0.2,1,1.7
2380,Gabe Pickens,NMSU,19,19.7,4.1,1.4,3.7,0.38,0.4,1.5,0.276,0.8,1.4,0.593,0,1.1,1.1,2.7,0.7,0,1.6,2.4
2381,Robert Lewis,LIND,20,16.3,4.1,1.8,2.7,0.679,0,0,0,0.5,1.2,0.435,1.4,1.9,3.3,0.4,0.1,0.6,0.5,2.2
2382,Jordan Clayton,NWU,20,18.2,4.1,1.4,3.2,0.429,1.2,2.7,0.426,0.3,0.5,0.5,0.1,1.3,1.4,1.2,0.6,0.2,0.4,2.2
2383,Kaspar Sepp,COR,14,19.3,4.1,1.4,2.8,0.513,0.1,0.4,0.2,1.1,1.9,0.615,1.9,3.7,5.6,2.8,0.4,0.3,1.3,2.2
2384,Riley Jacobs,UMBC,15,13.3,4.1,1.6,3.1,0.522,0,0.2,0,0.9,1.5,0.565,1.1,2.3,3.5,0.3,0.2,0.5,0.6,1.1
2385,Lucas Mari Tardio,UVM,15,18.9,4.1,1.3,3.6,0.37,0.5,2.1,0.258,0.9,1.3,0.65,0.3,3.2,3.5,1,0.4,0.1,1.1,1.9
2386,Myles Mayfield,UNCA,16,21.1,4.1,1.6,2.7,0.605,0,0,0,0.8,2.1,0.382,1.8,2.2,3.9,0.6,0.2,0.3,0.8,2.6
2387,Martins Kilups,ORU,16,18.9,4.1,1.6,3.8,0.433,0.6,2.4,0.256,0.2,0.6,0.3,0.9,1.5,2.4,0.8,0.3,0.1,0.3,2.6
2388,Isaiah Wilson,WIN,16,22.5,4.1,1.3,4.3,0.294,0.3,1.8,0.172,1.3,2,0.625,0.3,1.4,1.8,2.8,0.8,0.1,1.6,2.8
2389,Thomas Ndong,CALBU,17,16.2,4.1,1.8,2.8,0.646,0,0,0,0.4,0.7,0.583,1.5,4,5.5,0.1,0.5,0.4,0.8,1.9
2390,Matija Zuzic,UWG,17,16.3,4.1,1.4,4.3,0.315,0.9,2.6,0.333,0.5,0.6,0.8,0.6,1.8,2.5,0.8,0.3,0.4,0.5,1.1
2391,Theo Pierre-Justin,DEP,18,15.8,4.1,1.5,3,0.5,1.1,2.2,0.487,0,0.1,0,0.7,1.8,2.5,0.9,0.2,0.2,0.5,1.4
2392,"Jermaine O'Neal, Jr.",SMU,18,15.7,4.1,1.6,3.9,0.394,0.6,1.7,0.355,0.3,0.3,1,0.7,1.4,2.1,0.3,0.5,0.4,0.2,0.9
2393,Ned Hull,ELON,18,19.9,4.1,1.5,3.9,0.38,1,2.9,0.346,0.1,0.1,0.5,0.2,1.3,1.6,0.9,0.5,0,0.6,1.2
2394,Jaxson Whitaker,CMU,18,17.1,4.1,1.4,3.9,0.352,0.8,2.9,0.269,0.5,0.6,0.818,0,1.1,1.1,0.9,0.1,0.1,0.7,1.2
2395,Aly Tounkara,ARKST,18,19.9,4,1.8,3.3,0.559,0,0,0,0.3,1.3,0.261,2.5,3.7,6.2,0.6,0.3,1.2,1,2.6
2396,Malchiah Marable,UCA,18,22.4,4,1.4,2.8,0.52,0,0,0,1.1,2,0.556,1.4,3.1,4.5,1.3,0.8,0.8,1.1,3.1
2397,Kadar Waller,CSUB,20,24.5,4,1.2,4,0.291,0.4,1.2,0.292,1.4,1.8,0.75,0.5,1.9,2.3,3.6,1.6,0.1,1.4,2.9
2398,Walter Brown,UNLV,19,20.8,4,1.4,3.6,0.397,0.6,1.7,0.333,0.6,0.9,0.611,0.9,2,2.9,1.3,0.6,0.5,0.8,2.1
2399,Brady Hardewig,UWG,18,19.1,4,1.3,3.8,0.353,1.2,3.4,0.361,0.1,0.1,1,0.2,1.2,1.4,1,0.3,0.1,0.7,0.9
2400,Miles Rose,ALBNY,15,17.3,4,1.6,3.5,0.453,0.3,0.6,0.556,0.5,1,0.467,0.5,1.1,1.6,1.5,0.6,0,0.9,1.6
2401,Evan Ipsaro,MIAMI,1,23,4,1,2,0.5,0,1,0,2,2,1,1,3,4,3,1,0,3,1
2402,Eric Mejias,FAIR,20,18.4,4,1.2,3.5,0.333,0.3,0.9,0.278,1.4,2.1,0.667,0.5,1.8,2.3,1.8,0.8,0.1,1.1,2.5
2403,Reid Cason,ECAR,18,15.6,3.9,1.6,2.3,0.683,0,0.1,0,0.8,1.3,0.625,1.4,2.3,3.7,0.3,0.5,1.2,0.8,2
2404,Isaiah Mbeng,ECAR,18,22.2,3.9,1.4,4.2,0.329,0.8,3,0.259,0.4,0.6,0.636,0.4,1.9,2.3,2.5,0.8,0.1,1.4,1.8
2405,Peter Kramer,LEHI,18,19.3,3.9,1.4,3,0.463,1.1,2.2,0.475,0.1,0.2,0.667,0.5,1.2,1.7,0.6,0.5,0.2,0.5,1.7
2406,Tyler Smith,USCU,15,19.1,3.9,1.5,3.5,0.423,0.4,1.1,0.375,0.6,0.9,0.643,0.5,0.8,1.3,2.1,1,0,1.2,1.9
2407,Jacob Huggins,PRIN,14,24.1,3.9,1.4,3.4,0.417,0.1,0.6,0.25,0.9,1.7,0.542,2.1,3.7,5.9,1.9,0.2,0.9,0.4,1.6
2408,Chase Martin,ORU,13,25.1,3.9,1.4,2.8,0.486,0.2,0.2,1,1,1.9,0.52,1.5,3.2,4.6,2,0.8,0.5,1.4,2.6
2409,J.J. Mandaquit,UWASH,11,14.5,3.9,1.5,3.4,0.432,0.5,1.6,0.278,0.5,0.9,0.6,0.1,1.2,1.3,2.3,0.4,0,0.9,1.8
2410,Jalin Rice,NICH,20,17.4,3.9,1.3,3.6,0.352,0.2,1,0.15,1.3,2.2,0.581,1.1,1.7,2.8,1.2,0.7,0.1,1.2,2.1
2411,Mussa Mzein,MVSU,18,19.8,3.9,1.6,3.7,0.439,0.1,0.2,0.25,0.6,1.2,0.5,0.8,2,2.8,0.8,0.4,0.2,1.5,3.4
2412,Carl Cherenfant,MCNST,22,16.6,3.9,1.4,2.7,0.5,0.1,0.7,0.2,1,1.5,0.667,0.8,2,2.7,1,1,0.2,0.9,1.7
2413,Brandon Garrison,UK,18,14.9,3.8,1.6,3.2,0.509,0,0.3,0,0.6,1,0.611,1.8,2.3,4.1,1.1,0.4,0.6,0.8,2.6
2414,Teshaun Steele,UNH,18,17.2,3.8,1.2,2.8,0.44,0.2,1,0.167,1.2,1.8,0.688,1.2,2.3,3.5,0.9,0.4,0.5,0.5,1.6
2415,Tyler Koenig,COPST,11,13.6,3.8,1.5,3,0.515,0,0,0,0.7,1.5,0.471,1.7,1.8,3.5,0.2,0.2,0.6,0.7,2
2416,"R.J. Kennedy, Jr.",NEWHA,16,19.8,3.8,1.2,3.8,0.317,0.6,2.5,0.25,0.8,1.1,0.765,0.4,1.3,1.6,0.6,0.4,0,1,1.4
2417,Vince Dawson III,MRHD,20,15.9,3.8,1.4,3.3,0.424,1,2.4,0.396,0.1,0.1,0.5,0.6,1.4,2,0.4,0.2,0.1,0.2,0.4
2418,Adria Rodriguez,WSU,18,21.3,3.8,1.4,3.2,0.431,0,0.4,0,1,2.2,0.45,1.3,2.6,3.9,3.9,1,0.2,1.6,1.8
2419,Rex Sunderland,STONE,18,26.8,3.8,1.4,5.2,0.266,0.5,2.6,0.196,0.5,0.9,0.529,0.4,2.8,3.2,3.3,1.1,0.6,2.1,2.4
2420,Brandon Hardy,SUBR,18,16.5,3.8,1.2,3.1,0.393,0.5,1.7,0.3,0.8,1.1,0.75,0.9,1.6,2.4,0.4,0.9,0.1,0.7,1.3
2421,Justin Thomas,BGSU,16,23.1,3.8,1.4,3.1,0.449,0.6,1.4,0.409,0.4,0.7,0.636,0.3,2.8,3.1,1.8,0.9,0.3,1.2,1.8
2422,Will Allen,LATCH,19,18.4,3.7,1.3,2.6,0.5,0.2,0.8,0.25,0.9,1.6,0.548,1.4,2.2,3.6,0.4,0.8,0.5,1.3,2.6
2423,Malik Olafioye,EIU,11,13.8,3.7,1.5,3.5,0.41,0.2,0.9,0.2,0.6,0.9,0.7,0,1.2,1.2,1.1,1,0.2,1,2.1
2424,Dante Censori-Hercules,UP,18,24.7,3.7,1.3,2.7,0.49,0,0.5,0,1.1,1.6,0.655,1.8,2.3,4.1,1.6,1.1,0.3,0.8,2.1
2425,Kerrington Kiel,TROY,18,15.1,3.7,1.2,3.2,0.386,0.4,1.3,0.333,0.8,1.2,0.714,1.2,2.1,3.3,1.1,0.9,0.3,0.6,1.6
2426,Sam Springer,L-MD,18,14.7,3.7,1.1,3.5,0.317,0.7,2.2,0.325,0.8,1.1,0.7,0.7,1.4,2.1,0.6,0.2,0.1,0.4,1.2
2427,Zion Bethea,DESU,13,12.8,3.7,1.2,4.1,0.302,0.5,2.5,0.219,0.7,1.3,0.529,0.5,1.2,1.7,0.7,0.5,0,0.7,1
2428,Marley Curtis,UND,13,11.1,3.7,1,3.6,0.277,0.3,1.8,0.174,1.4,1.8,0.75,0.4,1.8,2.2,0.2,0.3,0.1,0.6,1.4
2429,Carmelo Pacheo,UCF,16,13.7,3.7,1.3,2.9,0.435,1.2,2.7,0.442,0,0,0,0.3,0.4,0.7,0.1,0.1,0,0.1,0.9
2430,Stephen Giwa,RICE,18,16.4,3.7,1.5,2.6,0.574,0,0,0,0.7,1.4,0.462,2.9,2.4,5.3,0.4,0.4,1.4,0.8,2.6
2431,Andres Burney,GASO,18,15.1,3.7,1.5,2.4,0.614,0,0,0,0.7,1.2,0.571,1.5,1.8,3.3,0.3,0.4,0.7,0.6,2.1
2432,Shainen Carter,GASO,15,19.7,3.7,1.1,2.8,0.405,0,0.3,0,1.4,2.1,0.656,1.5,2.2,3.7,0.3,0.5,1.4,0.9,2.9
2433,Corey Sands,CHIST,18,20.1,3.7,1.3,3.7,0.343,0.7,2.5,0.267,0.4,0.6,0.727,0.7,1.5,2.2,0.7,0.4,0,0.3,1.6
2434,Arne Osojnik,NAU,15,11.9,3.7,1.6,4,0.4,0.2,1.6,0.125,0.3,0.4,0.667,0.3,1.7,2,0.5,0.5,0.3,0.3,1.5
2435,Caleb Hollenbeck,MARSH,18,14.1,3.7,1.2,3.6,0.323,1.1,3.3,0.339,0.2,0.4,0.571,0.3,0.7,1,0.8,0.2,0,0.4,1.3
2436,Eric Acker,LASAL,12,12,3.7,1.2,2.8,0.412,0.6,1.8,0.333,0.8,0.8,0.9,0.2,0.6,0.8,0.7,0.6,0,0.8,0.3
2437,Gavin Ripp,SAND,17,15.8,3.6,1.4,3.3,0.429,0.2,0.8,0.308,0.6,0.8,0.769,0.7,1.5,2.2,1.6,0.6,0.1,0.7,2.1
2438,Landyn Jumawan,NSU,21,18.1,3.6,1,4,0.262,1,3.6,0.267,0.6,0.8,0.706,0.2,1.5,1.8,0.4,0.5,0,0.5,1.8
2439,Aidan Richard,HC,15,27.6,3.6,1.3,4.6,0.275,0.6,2.8,0.214,0.5,0.6,0.778,0.9,3.3,4.2,0.7,1.1,0.3,0.8,2.2
2440,Jordan Brinson,CSUN,19,20.3,3.6,1.3,3.3,0.381,0.8,2,0.395,0.3,0.3,0.833,0.6,2.9,3.5,1.8,0.4,0.1,0.5,1
2441,Todd Jones,LA,18,18.8,3.6,1.5,2.4,0.628,0,0.1,0,0.6,0.9,0.625,1.7,2.9,4.6,0.3,0.4,1.3,0.7,3.3
2442,Seneca Willoughby,BTHCK,18,26.8,3.6,0.9,3.2,0.276,0.7,2.4,0.273,1.1,1.5,0.741,0.6,3.7,4.2,2.7,0.7,0.3,1.5,2.4
2443,Mason Jones,BLLST,18,30.6,3.6,1.3,4.2,0.32,0.7,2.3,0.293,0.2,0.5,0.444,0.8,2.7,3.5,1.7,1.3,0.4,0.4,2.2
2444,Jordan Johnson,BTHCK,18,11.5,3.6,1.3,3.4,0.371,0.7,2.3,0.31,0.3,0.4,0.625,0.2,0.7,0.9,0.4,0.2,0.1,0.3,1.1
2445,Devin Hines,UNF,13,11.8,3.5,1.3,2.9,0.447,0.4,0.9,0.417,0.5,0.8,0.7,0.2,1.3,1.5,0.2,0.6,0.3,0.5,0.8
2446,Riley Mulvey,SIENA,18,16.2,3.5,1.4,2.4,0.581,0,0.1,0,0.7,0.8,0.929,1.5,1.9,3.4,1.6,0.3,0.7,1.1,1.4
2447,Daniel Thomas,UNCA,16,24.6,3.5,1.4,2.9,0.478,0,0.2,0,0.8,1.3,0.6,2.6,3.4,6,0.4,0.7,0.6,0.8,2.8
2448,Adbulai Fanta Kabba,WCU,16,15.5,3.5,1.6,2.4,0.658,0,0,0,0.4,1.3,0.286,2.1,2.4,4.6,0.4,0.6,0.8,0.8,2.8
2449,Kamryn Thomas,OMAHA,12,17.8,3.5,1.2,2.9,0.4,0.3,1.4,0.235,0.8,1.2,0.714,0.4,2.3,2.7,0.8,0.1,0.5,1.1,1.4
2450,John Dragas,IUI,4,16.5,3.5,1.3,4.3,0.294,0.8,2.8,0.273,0.3,0.8,0.333,0,1.8,1.8,1,1.5,0,1,1
2451,Jayden Taylor,DEL,20,18.2,3.5,1.3,2.2,0.605,0.2,0.5,0.333,0.7,1.2,0.583,0.9,2.1,2.9,0.3,0.3,0.6,0.8,1.6
2452,Panagiotis Pagonis,NEWOR,20,15.7,3.5,1.1,3.3,0.318,0.3,1.6,0.194,1.1,1.7,0.636,1,2.4,3.4,0.8,0.4,0.1,0.7,1.9
2453,Raysean Johnson,FDU,18,16.4,3.4,1,2.9,0.34,0.3,1.3,0.208,1.2,1.5,0.778,0.4,1.1,1.5,0.6,0.8,0,0.9,2.2
2454,Shon Abaev,CINCY,9,8.6,3.4,0.9,2.9,0.308,0.6,2.1,0.263,1.1,1.6,0.714,0.1,0.9,1,0.7,0.1,0,0.6,0.7
2455,Grant Slatten,TNTCH,16,18,3.4,1.3,2.9,0.426,0.6,1.6,0.36,0.4,0.7,0.545,0.6,1.5,2.1,0.9,0.5,0.3,0.6,1.3
2456,Daemar Kelly,NIU,17,18.4,3.4,1,4.1,0.246,0.4,2.1,0.194,1,1.5,0.654,0.7,2.2,2.9,1,0.7,0.2,1.2,1.8
2457,Zai Harwell,U of H,17,13.9,3.4,1.1,4.2,0.25,0.7,2.9,0.245,0.6,0.9,0.625,0.3,1.8,2.1,0.2,0.3,0.5,0.4,1.4
2458,Emmanuel Ogbole,RUTG,20,18,3.4,1.5,2.6,0.577,0,0,0,0.4,0.8,0.5,2.2,3.1,5.3,0.4,0.3,0.9,1.1,2.2
2459,John Hugley IV,DUQ,15,11,3.4,1,2.9,0.349,0.1,0.5,0.25,1.3,1.9,0.655,0.7,1.8,2.5,0.9,0.3,0.1,0.8,1.8
2460,Myles Rice,UMD,10,14.3,3.4,1.2,3.5,0.343,0.6,1.7,0.353,0.4,0.5,0.8,0.1,1.6,1.7,0.5,0.7,0,1.1,1.2
2461,Victory Onuetu,HOF,18,15.4,3.4,1.4,2.8,0.52,0,0,0,0.5,1.2,0.429,2.3,4.2,6.5,0.3,0.2,0.8,0.6,3.4
2462,Tomas Valentiny,SB,18,18.4,3.4,1.2,3.4,0.355,0.5,2,0.25,0.4,0.7,0.667,0.9,2.4,3.3,0.8,0.2,0.2,0.4,0.9
2463,Ian Platteeuw,DAV,18,13.7,3.4,1.5,3.2,0.474,0.1,0.4,0.286,0.3,0.7,0.385,1.2,1.6,2.8,1.2,0.4,0.3,1.2,1.2
2464,Bubu Benjamin,GW,13,15.6,3.4,1.3,4,0.327,0.4,2.5,0.156,0.4,0.8,0.5,0.8,1.8,2.7,0.8,0.5,0.2,0.5,1.8
2465,Taylor Bowen,UA,14,16.1,3.4,1,3.6,0.275,0.6,2.5,0.229,0.8,1.2,0.647,0.9,2.9,3.8,0.1,0.3,0.6,0.6,1.5
2466,Holden Pierre-Louis,CLEST,20,15.6,3.4,1.4,2.5,0.571,0,0.1,0,0.6,1.3,0.423,0.8,2,2.8,1.2,0.2,1.1,1.4,2.8
2467,Pavle Stosic,PEPP,18,14.9,3.3,1.3,2.7,0.479,0.2,0.6,0.364,0.6,1.1,0.5,1.7,1.8,3.6,0.6,0.4,0.3,0.5,2.1
2468,Grant Sanders,NICH,21,15,3.3,1.3,2.3,0.563,0.1,0.2,0.4,0.7,1.5,0.452,1.1,1.6,2.7,0.4,0.7,0.3,1,1.7
2469,Jakai Robinson,BRYNT,16,17.4,3.3,1.1,2.6,0.405,0.1,0.4,0.167,1.1,1.4,0.818,0.9,1.3,2.2,0.9,0.3,0.3,0.5,1.4
2470,Daniel Michelini-Jackson,TAMU-CC,20,15.2,3.3,1,3.5,0.29,0.4,1.7,0.206,1,1.1,0.905,0.6,2.1,2.7,1,0.7,0.1,1,1.1
2471,Yvens Paul,EKU,18,14.8,3.3,1.4,2.1,0.658,0,0,0,0.5,1.1,0.474,1.4,1.5,2.9,0.4,0.2,0.7,0.7,2.1
2472,Kody Williams,HMPTN,16,18.1,3.3,1,3.1,0.327,0.3,1.2,0.211,1,1.3,0.762,0.1,1.1,1.2,2.3,0.6,0,0.6,2
2473,C.J. Jones,KSU,17,17.5,3.2,1.2,4.6,0.266,0.5,2.6,0.178,0.3,0.4,0.833,0.4,1.1,1.5,1.3,0.6,0.2,0.8,1.4
2474,Bessanty-Aime Saragba,DESU,13,22.8,3.2,1.3,2.7,0.486,0,0,0,0.6,0.8,0.727,1.6,1.8,3.5,0.3,0.4,0.2,0.8,2.2
2475,Austin Cross,TROY,18,15.3,3.2,1.1,2.8,0.38,0.8,2.2,0.375,0.3,0.6,0.5,0.7,1,1.7,0.3,0.3,0.1,0.4,1.2
2476,Louis Lesmond,FORD,18,18.2,3.2,1.2,3.8,0.324,0.6,2.3,0.268,0.2,0.4,0.429,0.4,1.2,1.6,0.8,0.3,0.2,0.8,0.9
2477,Luke Haertle,SDKSU,14,14.1,3.2,1.1,2.9,0.366,0.5,1.2,0.412,0.6,0.8,0.727,0.5,2.4,2.9,1.4,0.7,0.1,1,1.3
2478,Jordan Gorecki,TEXSO,16,19.2,3.2,1.3,1.9,0.667,0,0,0,0.7,1.3,0.55,1.4,2.4,3.8,0.8,0.1,1.4,1,2.9
2479,Cameron Jackson,UTA,17,14.8,3.2,1.2,1.9,0.636,0,0,0,0.7,1.2,0.6,1.3,1.9,3.2,0.5,0,0.3,0.8,1.5
2480,Lucas-Allen Lueth,PENN,12,14.4,3.2,1.3,2.9,0.457,0.2,0.6,0.286,0.3,0.7,0.5,1.5,1.7,3.2,0.3,0.4,0.4,0.4,2.1
2481,Adrean Newton,NORF,13,15.9,3.2,1.3,3.2,0.405,0.2,0.8,0.273,0.3,0.6,0.5,0.5,1,1.5,2.1,0.9,0.1,1.6,1.8
2482,"Sean Newman, Jr.",SDSU,20,15,3.2,1.1,2.6,0.412,0.4,1.1,0.333,0.7,0.9,0.824,0.2,1,1.1,2.5,0.4,0,0.7,0.8
2483,James Jones,CCSU,14,27.9,3.1,1.3,3.3,0.391,0.2,1,0.214,0.4,0.5,0.714,1,3.1,4.1,0.9,0.9,0.3,0.9,1
2484,"Jimmy Oladokun, Jr.",RICE,18,16.7,3.1,1.3,2.8,0.471,0,0,0,0.4,1.5,0.296,2.1,2.4,4.6,0.5,0.3,0.7,0.7,2.5
2485,Ayouba Berthe,GAST,18,14.4,3.1,0.8,3.4,0.246,0.7,2.8,0.24,0.8,0.9,0.875,0.3,1.3,1.7,0.6,0.4,0.1,0.7,1
2486,Kyan Evans,UNC,18,14.1,3.1,1,3.6,0.281,0.9,3,0.315,0.2,0.3,0.6,0,0.7,0.7,1.7,0.2,0,0.9,1.6
2487,Isaiah Watts,UMD,19,15.1,3.1,1,3.4,0.292,0.6,2.5,0.234,0.5,0.9,0.556,0.2,1.3,1.5,0.4,0.7,0.2,0.6,1.8
2488,Isaiah West,BLMNT,20,19.7,3.1,1.1,2.8,0.4,0.4,1.2,0.292,0.6,0.7,0.846,0.4,2.5,2.9,2.5,1.1,0.2,1.5,1.6
2489,Josh Jones,UND,11,18.7,3.1,1.2,2.6,0.448,0,0,0,0.7,1.7,0.421,2.4,1.4,3.7,0.7,0.3,0.5,0.6,3.1
2490,Christian Beam,GAST,13,14.9,3.1,0.8,1.8,0.435,0,0,0,1.5,2.6,0.588,1.3,2.1,3.4,0.2,0.2,0.8,0.8,2.1
2491,Kam Parker,TAMU-CC,15,15.3,3.1,1.1,3.1,0.34,0.5,1.8,0.296,0.4,0.7,0.545,0.4,1.1,1.5,1.3,0.4,0,0.8,1.6
2492,Jaylin Stewart,UConn,17,14.2,3.1,1.2,2.9,0.408,0.4,1.1,0.368,0.3,0.5,0.556,0.6,1.5,2.1,0.6,0.4,0.2,0.8,1.4
2493,Travis Roberts,ALCST,17,15.1,3.1,1.1,3.6,0.306,0.6,2.4,0.244,0.2,0.5,0.5,0.6,1.1,1.7,0.4,0.2,0.2,0.5,1
2494,Joe Grahovac,STBN,18,17.9,3.1,1.2,3.2,0.368,0.6,1.8,0.313,0.2,0.2,1,0.7,2.1,2.8,0.8,0.2,1.4,0.6,1.7
2495,Garrett Sundra,ND,18,17.4,3.1,1.1,2.4,0.432,0.4,1.4,0.269,0.6,0.8,0.714,1.1,1.8,2.9,0.5,0.3,0.4,0.3,2
2496,Jamari McDowell,KU,18,18.2,3.1,1,3,0.333,0.8,2.6,0.304,0.3,0.4,0.714,0.2,1.4,1.7,1.1,0.3,0.2,0.4,1.9
2497,Jordan Pickett,SIUE,19,16.2,3.1,1.1,3.7,0.296,0.4,1.8,0.206,0.5,0.7,0.692,0.2,1.8,2.1,1.1,0.5,0,0.9,1.2
2498,Davius Loury,CSUN,20,13.9,3.1,1,3.9,0.26,0.6,2.5,0.24,0.5,0.9,0.529,0.7,1.1,1.8,0.7,0.5,0.2,0.8,2
2499,Marcus Glover,UIW,22,15.8,3,0.9,1.5,0.559,0,0,0,1.3,1.8,0.718,1.7,1.3,3,0.5,0.3,0.5,0.6,2.3
2500,Jacob Conner,DAY,17,17.8,3,1.1,2.4,0.45,0.4,1.2,0.333,0.5,0.8,0.571,0.8,1.8,2.5,1.3,0.8,0.4,0.7,1.4
2501,Tristan Thompson,CCU,18,17.1,3,1.2,3.1,0.393,0.1,0.6,0.182,0.4,0.8,0.571,0.9,2.6,3.5,0.7,0.3,0.4,0.8,1.3
2502,Mason So,MSMU,19,13.9,3,1.1,2.5,0.447,0.6,1.5,0.393,0.2,0.3,0.667,0.3,1.5,1.8,1.3,0.5,0.2,1.4,1.1
2503,"Derwin Hodge, Jr.",SCSU,14,19.8,3,1.3,2.5,0.514,0,0,0,0.4,1.1,0.4,1.4,2.1,3.4,1.6,0.4,0.9,1.9,3.4
2504,Darius Washington III,KENN,13,11.9,3,0.8,2.5,0.333,0.1,0.6,0.125,1.2,1.6,0.762,0.7,0.8,1.5,1.5,0.2,0,0.5,1.5
2505,Baasil Saunders,COPST,12,11.7,3,1.2,2.6,0.452,0.1,0.3,0.25,0.6,1,0.583,0.5,1.2,1.7,0.7,0.7,0.2,0.9,0.6
2506,Jordan Muller,CALBU,18,17.7,3,0.8,3.1,0.273,0.7,2.3,0.317,0.6,0.9,0.688,0.1,0.8,0.9,1.7,0.4,0.1,1.4,1.5
2507,Mouhamed Sylla,GT,3,7.7,3,1.3,3,0.444,0,0,0,0.3,0.7,0.5,1,1,2,1,0,0.7,0.3,1.3
2508,James Okonkwo,U of U,18,23.1,2.9,1.1,2.2,0.513,0,0,0,0.7,1,0.722,2.6,2.9,5.4,1,0.6,1.3,0.9,3.1
2509,Marcus Greene,FORD,18,12.5,2.9,1.1,3.2,0.345,0.7,2.3,0.286,0.1,0.1,1,0.1,0.6,0.6,0.6,0.4,0,0.4,1.4
2510,Percy Daniels,TULAN,17,17.2,2.9,1.1,1.5,0.76,0,0,0,0.7,1,0.706,1.1,1.4,2.4,0.8,0.4,1.4,0.5,3
2511,Randarius Jones,GRAMB,11,10.8,2.9,1.2,2.4,0.5,0,0,0,0.5,0.5,1,0.7,1.5,2.3,0.5,0.1,0,0.6,1.4
2512,Quin Gorman,SB,17,16.4,2.9,1,2.9,0.34,0.4,1.4,0.292,0.5,0.7,0.667,1.1,1.9,3,0.8,0.4,1,0.8,1.6
2513,Trevon Blassingame,IDAHO,17,14.5,2.9,1.1,2.4,0.475,0.5,1.3,0.364,0.2,0.5,0.375,0.5,1.6,2.1,0.5,0.6,0.2,0.5,1.9
2514,Timotej Malovec,UMFL,16,13.9,2.9,0.9,3.2,0.275,0.7,2.9,0.234,0.4,0.8,0.583,0,0.9,0.9,0.7,0.2,0.1,0.4,2.1
2515,Dwayne Aristode,ARZ,14,13.3,2.9,1.1,2.6,0.417,0.6,1.6,0.364,0.1,0.3,0.5,0.4,1.5,1.9,0.7,0.8,0.1,0.1,0.9
2516,Steele Venters,ZAGS,14,12.5,2.9,1,3.5,0.286,0.9,3,0.286,0,0.1,0,0.1,1.1,1.2,0.6,0.3,0.1,0.6,1.2
2517,R.J. Keene II,BOISE,19,21.6,2.8,0.9,2.4,0.391,0.8,2,0.395,0.2,0.3,0.5,1.2,2.9,4.1,1.8,0.8,0.4,0.6,1.9
2518,Emmanuel Stephen,UNLV,18,15.9,2.8,1.2,2.4,0.477,0,0,0,0.5,1.1,0.45,2.2,2,4.2,0.3,0.4,0.8,0.7,3.3
2519,Tyeree Bryan,TXTCH,18,14.3,2.8,1,2.6,0.383,0.6,1.9,0.314,0.2,0.2,1,0.8,1.4,2.2,0.4,0.3,0.2,0.1,0.8
2520,"Pierre Geneste, Jr.",CSUB,16,18.4,2.8,1.2,2.2,0.543,0,0,0,0.4,1.4,0.318,2.8,4.3,7.1,0.2,0.3,1.2,0.8,2.8
2521,Chadlyn Traylor,C of C,18,15,2.8,1,2.1,0.474,0.4,0.7,0.538,0.4,0.8,0.5,0.1,0.8,0.9,1.8,0.3,0.1,0.3,1.7
2522,Or Ashkenazi,LIP,17,19.6,2.8,0.9,2.1,0.444,0.4,1.1,0.389,0.5,0.5,0.889,0.7,2,2.7,1.3,0.4,0.1,0.2,2.1
2523,"Shay Johnson, Jr.",LBSU,20,16.4,2.8,1.3,1.7,0.735,0,0.1,0,0.3,0.5,0.5,0.8,1.5,2.2,0.9,0.3,0.9,0.7,2.7
2524,Cam Hiatt,DART,12,16.2,2.8,0.8,3,0.278,0.5,2.1,0.24,0.6,0.7,0.875,0,1.4,1.4,0.8,0.5,0.2,0.5,1.8
2525,London Fields,TAMUC,15,15.2,2.7,0.9,2.9,0.318,0.6,2.1,0.29,0.3,0.3,0.8,0.4,0.8,1.2,0.5,0.3,0.2,0.7,1.3
2526,Jacobe Whitted,TNTCH,18,14.6,2.7,0.9,2.9,0.321,0.4,1.9,0.229,0.4,0.6,0.7,1,2.3,3.3,0.7,0.3,0.3,0.4,1.1
2527,Malek Robinson,CHIST,18,16.7,2.7,0.8,2.3,0.341,0.3,0.8,0.429,0.8,1.1,0.75,0.2,1.4,1.6,1,1.8,0.1,0.8,2.2
2528,Cam Crawford,DUQ,17,16.2,2.7,1,3.3,0.304,0.6,2,0.294,0.1,0.2,0.667,0.5,0.8,1.2,0.7,0.5,0,0.4,1.2
2529,Tyran Cook,WIU,16,13.3,2.7,1,3.2,0.314,0.1,0.4,0.167,0.6,0.8,0.769,0.2,1.2,1.4,1.4,0.3,0.1,0.4,1.1
2530,Jamar Brown,UCLA,20,15.1,2.7,0.9,2.9,0.31,0.6,2.2,0.256,0.3,0.3,1,0.9,1.6,2.5,0.5,0.4,0,0.3,1.5
2531,Noah Melson,FDU,14,10.6,2.6,0.9,3,0.31,0.6,1.9,0.296,0.2,0.4,0.6,0.1,0.5,0.6,0.3,0.1,0,0.4,0.9
2532,Alliou Fall,IONA,19,19.9,2.6,1.1,2.4,0.444,0,0.1,0,0.5,0.9,0.556,1.7,2.7,4.4,1.4,0.4,1.2,1.6,2.9
2533,Milan Mejia,LA,16,23.1,2.6,0.9,3.6,0.241,0.8,3.3,0.245,0.1,0.2,0.333,0.3,0.9,1.2,0.6,1.2,0,0.3,1.9
2534,Kruz McClure,DEP,16,18,2.6,0.7,3.4,0.204,0.4,2.1,0.176,0.9,1.3,0.7,0.1,1.1,1.1,0.9,0.7,0.1,1.1,1.6
2535,Spence Wewe,QUIN,20,17.5,2.6,1.2,2.3,0.533,0,0,0,0.2,0.6,0.364,2.3,3.3,5.6,0.5,0.3,0.8,0.7,1.7
2536,Keishon Porter,UE,5,16.2,2.6,1.2,4.6,0.261,0,1,0,0.2,0.4,0.5,0.4,1.8,2.2,0.4,0,0.2,1.6,2
2537,Semetri Carr,Cal,18,15.1,2.5,0.8,2.3,0.341,0.2,0.7,0.231,0.8,1.2,0.636,0.5,1.7,2.2,1.4,0.3,0.1,0.6,1.6
2538,Evan Anderson,SODAK,12,13.8,2.5,1,1.8,0.571,0.3,0.8,0.4,0.2,0.2,1,0.5,0.9,1.4,0.7,0.2,0,0.7,1.2
2539,Matija Belic,UWYOM,2,20.5,2.5,1,4.5,0.222,0,2.5,0,0.5,1,0.5,2,3.5,5.5,0.5,0,0.5,2,3.5
2540,Sam Silverstein,UIC,20,21.8,2.5,1.1,2.3,0.489,0.1,0.2,0.333,0.2,0.5,0.444,1.8,3.1,4.8,1.6,1,0.1,0.9,1.8
2541,Obomate Abbey,U of U,17,14.2,2.4,0.9,3.2,0.278,0.2,1.4,0.125,0.5,0.6,0.727,0.1,1.3,1.4,2.1,0.4,0,1,1.4
2542,James Scott,MISS,18,15.3,2.4,1.1,1.6,0.714,0,0,0,0.2,0.4,0.429,0.8,2.3,3.1,0.5,0.4,0.9,0.7,1.9
2543,Amir Jenkins,WVU,18,15.9,2.4,0.9,3.3,0.288,0.2,0.9,0.176,0.3,0.7,0.5,0.2,1.9,2.1,1.9,0.6,0,0.7,1.8
2544,Jaxon Prunty,C of C,18,10.4,2.4,0.9,2.3,0.39,0.2,0.9,0.25,0.4,0.5,0.778,0.3,0.7,1.1,0.5,0.4,0,0.3,0.8
2545,Delyle Williams,JKSN,16,18.6,2.4,0.7,2.8,0.25,0.3,1.3,0.238,0.7,0.9,0.733,0.7,1.6,2.3,1.4,0.9,0.3,0.8,1.4
2546,Bryson Ogletree,NC A&T,16,16.4,2.4,1,2.3,0.444,0.3,1.3,0.238,0.1,0.3,0.2,0.1,1.1,1.2,0.8,0.2,0.1,0.8,2
2547,Erik Oliver-Bush,MAN,14,13.9,2.4,0.9,2.4,0.394,0.1,0.6,0.25,0.4,0.6,0.556,0.6,1.4,2,0.6,0.2,0.6,0.2,1.1
2548,Rayniel Wright,SCSU,14,13.8,2.4,1,2.4,0.424,0.1,0.3,0.25,0.3,0.7,0.4,0.1,1,1.1,1.5,1.1,0.1,1.6,1.4
2549,D.J. Stickman,FRSNO,9,12.3,2.3,0.6,1.1,0.5,0,0.1,0,1.2,1.7,0.733,0.3,1.1,1.4,1.1,0.9,0,1,0.9
2550,Alex Dupre,PORTL,18,12.7,2.3,0.6,2.4,0.25,0.3,1.4,0.192,0.8,0.9,0.882,0.2,0.7,0.9,0.6,0.1,0.2,0.3,1
2551,C.J. Larry,NSU,19,19.1,2.3,0.8,2.8,0.283,0.2,0.6,0.364,0.5,0.9,0.556,0.2,1.2,1.4,1.7,0.4,0.1,1.3,2.5
2552,Kiani Saxon,UWYOM,20,17.4,2.3,0.9,1.9,0.459,0.3,0.7,0.462,0.3,0.8,0.375,0.9,2.1,3,0.4,0.4,0.5,0.7,2.3
2553,Cheikh Sow,IDHST,17,15.8,2.3,0.7,2.2,0.316,0.1,0.8,0.077,0.8,1,0.824,1.2,2.7,3.9,0.4,0.8,0.4,0.4,2.1
2554,Dailliss Cox,CHIST,18,14.4,2.3,1,2.3,0.429,0.1,0.1,1,0.2,0.2,1,1.1,1.8,2.9,0.2,0.3,0.1,0.4,2.3
2555,Quin Berger,BUCK,18,18.1,2.2,0.7,2.8,0.24,0.4,2.1,0.216,0.4,0.7,0.667,0.2,1.4,1.6,0.9,0.8,0.1,1.1,2
2556,Elijah Jones,LONG,14,15.4,2.1,0.8,2.1,0.367,0,0.1,0,0.6,1.4,0.421,1.5,2.1,3.6,0.6,0.6,0.4,0.3,3
2557,Drew King,YSU,20,16.1,2.1,0.7,1.4,0.464,0.2,0.6,0.273,0.6,0.9,0.706,0.6,2.1,2.7,2.1,0.2,0,1.2,1.3
2558,Villiam Garcia Adsten,DREX,18,14.8,2,0.7,2.2,0.3,0.3,1.1,0.263,0.4,0.7,0.538,0.4,1.8,2.3,1.2,0.4,0.3,1.1,1.4
2559,Lassina Traore,TEXAS,10,14.2,2,0.3,1.1,0.273,0,0,0,1.4,1.7,0.824,1.4,1.3,2.7,0.9,0.3,0.4,0.7,2.1
2560,Danas Kazakevicius,HWRD,14,10.1,2,0.7,1.8,0.4,0,0.1,0,0.6,0.7,0.8,0.7,1.1,1.9,0.8,0.2,0.3,0.8,1.3
2561,Malcolm Chimezie,BSTN,4,21.8,2,0.8,2.8,0.273,0,0,0,0.5,1,0.5,1.3,3.8,5,1,0,1,0,1.5
2562,Felix Kossaras,COLO,13,10.7,2,0.8,2.1,0.37,0.3,1.2,0.25,0.2,0.5,0.333,0.3,0.9,1.2,0.2,0.5,0.2,0.3,0.9
2563,Jack Janicki,UWISC,15,15.6,1.9,0.7,2.2,0.333,0.5,1.6,0.292,0,0.1,0,0.4,1.5,1.9,0.9,0.4,0.3,0.3,1.5
2564,Rick Issanza,LOYMR,17,15.8,1.9,0.8,1.2,0.65,0,0,0,0.4,0.8,0.429,0.8,1.9,2.8,0.2,0.4,1.2,0.6,1.8
2565,Kerr Kriisa,CINCY,6,10.3,1.8,0.7,2,0.333,0.5,1.8,0.273,0,0,0,0,0.3,0.3,0.7,0.3,0.2,0,0.2
2566,Scottie Hubbard,ODU,17,12.6,1.8,0.6,2.2,0.289,0.4,1.4,0.25,0.2,0.2,0.75,0.7,1.8,2.5,0.4,0.8,0.1,0.8,1.6
2567,Always Wright,UTRGV,22,12.6,1.8,0.7,2.1,0.326,0.1,0.8,0.167,0.3,0.5,0.636,0.3,1,1.3,1.5,0.2,0,1.1,0.5
2568,Apostolos Roumoglou,RICH,14,12.6,1.8,0.6,2.5,0.257,0.4,1.8,0.2,0.1,0.2,0.667,0.7,1.8,2.5,1.1,0.4,0.4,0.3,0.8
2569,Cam Thrower,PENN,12,10.8,1.8,0.6,2.3,0.259,0.3,1.4,0.235,0.3,0.3,0.75,0.2,0.8,1,0.5,0.5,0,0.6,0.6
2570,Cam Denson,BLLST,17,13.9,1.7,0.6,1.9,0.313,0.1,0.2,0.25,0.5,1,0.471,0.6,1.4,2,0.6,0.8,0.4,0.9,2.1
2571,Demarco Johnson,ELON,16,12.3,1.7,0.6,1.3,0.476,0.1,0.4,0.143,0.4,1,0.375,0.4,1.4,1.8,1.8,0.8,0.4,1.1,1.6
2572,Khadim Mboup,BYU,17,14.6,1.6,0.7,1.9,0.364,0.1,0.5,0.222,0.1,0.6,0.2,1.5,2.8,4.2,0.2,0.5,0.2,0.5,2.1
2573,Devon Pryor,OREG,10,17.3,1.6,0.7,2,0.35,0.1,1,0.1,0.1,0.4,0.25,0.7,0.9,1.6,1.4,0.5,0.3,0.4,1.5
2574,Sebastian Mack,MZZOU,5,5.6,1.6,0.6,2.4,0.25,0,0.6,0,0.4,0.4,1,0.2,0.4,0.6,0.4,0,0,0.4,0.8
2575,Brandon Gardner,CSUS,4,11.3,1.5,0.5,2,0.25,0,0.5,0,0.5,0.5,1,0.3,1.3,1.5,0,0,0.8,0.5,2.8
2576,Corey Dunning,PVAMU,17,18.9,1.4,0.6,0.9,0.688,0,0,0,0.1,0.1,1,1.6,2.2,3.8,0.8,0.8,1.6,0.5,2.6
2577,Khamani Cooper,OMAHA,10,6,1.4,0.6,1.5,0.4,0.2,0.7,0.286,0,0,0,0,0.6,0.6,0.2,0.1,0.1,0.4,1
2578,Levi Beckwith,UMES,8,16.3,1.4,0.4,2.1,0.176,0,0.5,0,0.6,1.3,0.5,0.8,3.1,3.9,0.5,0.8,0.1,0.9,2
2579,Malik Presley,GMU,18,10.3,1.1,0.4,1.3,0.292,0.1,0.4,0.143,0.3,0.8,0.357,0.1,0.8,0.9,0.4,0.2,0.1,0.6,1.2
2580,Seth Jones-Crump,SELU,2,8.5,1,0,1.5,0,0,0.5,0,1,1.5,0.667,0.5,1,1.5,0.5,0.5,0,2,0.5
2581,Amarion Dickerson,USC,1,4,0,0,0,0,0,0,0,0,0,0,0,1,1,1,0,0,1,1
2582,Macaleab Rich,UTSA,1,4,0,0,2,0,0,0,0,0,0,0,0,0,0,0,0,0,1,0
2583,Darryn Peterson,KU,16,28.4,20,104,236,,42,111,,,,,,,4.3,1.5,1.4,0.4,,